product_id,observations,actual_demand,hgb_total_abs_error,catboost_total_abs_error,hgb_mean_abs_error,catboost_mean_abs_error,hgb_mean_error,catboost_mean_error
1,50,2105,1491.6944718238296,1542.2121539093264,29.833889436476593,30.844243078186526,2.1861763777947543,4.497378713525768
2,34,643,388.84487810128553,442.5108468594236,11.436614061802516,13.015024907630107,2.331399369236116,6.036101852139762
3,6,9,44.227701585355696,26.44556594279338,7.371283597559283,4.407594323798897,7.371283597559283,4.407594323798897
4,17,41,59.643980209030886,28.367986246852528,3.50846942406064,1.6687050733442663,3.2311673080530396,-0.02656447182870197
5,6,40,28.852749637224456,50.576443426516775,4.808791606204076,8.429407237752796,4.330980787109706,7.886596413466244
7,41,513,470.44836701852677,475.3629284343833,11.474350415086018,11.594217766692276,0.33161168714826306,0.4546204889935534
8,58,2191,1456.6194057866778,1426.531704561369,25.114127685977202,24.595374216575326,-8.77185967819425,-10.967551059949185
9,63,2949,2752.6411589378836,2613.4683596660775,43.69271680853783,41.48362475660441,7.045648287887598,0.044371341848059416
10,44,1704,1868.255757561405,1884.9703036235444,42.46035812639557,42.840234173262374,9.951171793191913,9.273592616716805
11,21,345,820.4883923419311,824.2287043572632,39.07087582580624,39.248985921774434,39.07087582580624,39.248985921774434
12,50,1042,822.3836115362074,801.2514436023203,16.447672230724148,16.025028872046406,-1.189416791613364,-2.365394744457275
13,54,1122,812.8652660720956,789.0024972447601,15.053060482816583,14.611157356384446,-1.7449395813986852,-3.7485531189232555
14,43,743,478.31793484297566,501.30751312344444,11.123672903325016,11.658314258684754,1.1390978658134807,-0.029663326179514685
17,19,145,187.76132092943706,133.354610680253,9.882174785759846,7.018663720013315,3.0203139221922517,-0.5912846686870235
18,1,1,5.112512915451111,3.609574707543027,5.112512915451111,3.609574707543027,5.112512915451111,3.609574707543027
19,63,1024,682.9716033535086,668.5370083236297,10.840819100849343,10.61169854481952,-2.2722721721928196,-2.919944513182452
21,13,54,73.08503595705162,56.74078354409868,5.621925842850124,4.36467565723836,2.993474239726599,1.527679357356591
22,2,17,28.008648552080018,29.917840765170073,14.004324276040009,14.958920382585037,14.004324276040009,14.958920382585037
23,1,6,12.00219294090978,6.411643080300241,12.00219294090978,6.411643080300241,12.00219294090978,6.411643080300241
24,1,12,1.2869167319910932,1.1585881244149672,1.2869167319910932,1.1585881244149672,1.2869167319910932,-1.1585881244149672
25,1,12,1.2869167319910932,3.3612470246004538,1.2869167319910932,3.3612470246004538,1.2869167319910932,3.3612470246004538
26,1,12,1.1178493359255963,3.20501055734141,1.1178493359255963,3.20501055734141,-1.1178493359255963,-3.20501055734141
27,40,373,490.28077384038255,458.9546847301915,12.257019346009564,11.473867118254788,5.8826238575634795,5.151367180010852
28,8,32,102.33577246579786,70.41927712763318,12.791971558224732,8.802409640954147,12.791971558224732,7.925989932808572
29,24,148,266.3809038306275,214.61529936553453,11.099204326276146,8.942304140230606,5.999656518523808,3.1008314446980987
31,2,18,20.799521822634357,28.015021708247467,10.399760911317179,14.007510854123733,10.399760911317179,14.007510854123733
32,64,643,431.4260242876965,490.3316679820676,6.741031629495258,7.661432312219806,0.02413065038918627,-0.35733578623799295
33,28,437,311.65847626981923,319.07368234433056,11.130659866779258,11.395488655154663,-4.0391193914417745,-6.427559763897856
34,68,1812,1416.0035544945213,1520.6375794196465,20.823581683742958,22.362317344406566,-1.9343171420441454,0.21035854139262203
35,3,95,108.86148478901887,111.87709253022453,36.28716159633962,37.29236417674151,-12.995324418775388,-11.454448443055801
36,37,150,182.4218259079028,140.11747954841726,4.930319619132508,3.78695890671398,3.773159079410076,1.959965535593264
37,56,725,664.2117525518547,594.7658144280728,11.860924152711691,10.620818114787014,2.055818351100795,-1.2506163931717793
39,61,1770,1065.3406721453878,1118.0701460549778,17.464601182711274,18.329018787786524,-2.280192558972038,-0.5799136636597216
40,34,664,596.9607027358284,587.202100963771,17.557667727524365,17.270650028346207,4.890097011382466,5.079413398846095
41,44,917,736.2989435113511,768.0745173790663,16.734066897985254,17.456239031342417,-2.9664424493159705,-2.6497012678163196
42,68,1132,769.7401443749376,731.6993240459155,11.319708005513789,10.760284177145817,-0.9576948406433483,-3.1062465592638926
43,31,101,158.42896478340816,102.97514136758484,5.110611767206715,3.321778753793059,2.5253728021619524,-0.02458254966795345
44,39,172,260.71891331262736,204.07884341291395,6.685100341349419,5.232790856741383,2.7564639451223343,0.4855278863469833
45,4,7,15.57172805574157,6.585138340795204,3.8929320139353925,1.646284585198801,3.8929320139353925,1.1144662186745498
46,44,342,302.2797210585244,223.34363649526497,6.869993660421009,5.075991738528749,2.0680653626597665,-1.349023370803304
48,40,735,554.4484659744887,528.4678844808595,13.861211649362218,13.211697112021488,-3.1397476087909366,-3.3992923841035476
50,12,137,55.928305845623676,63.95588861044271,4.660692153801973,5.32965738420356,3.1135641670076235,3.4873378792447536
51,37,2364,2081.36749748435,2080.7643253463702,56.253175607685144,56.236873658010005,13.835917651347376,13.462339123716157
52,27,285,370.5351977975015,309.36740324701884,13.723525844351908,11.458051972111809,6.9383257206085895,3.4105154819758754
53,28,413,434.10161110364197,388.8970203206987,15.503628967987213,13.88917929716781,0.8048362383472762,-1.1538256065626074
55,50,1105,872.657549245351,822.8824898550394,17.45315098490702,16.457649797100785,3.5742234019050603,-0.33495580842272105
56,45,787,509.2644366105733,562.1438947117399,11.316987480234962,12.492086549149775,-1.7096359752389814,-2.786974044481109
57,12,236,142.3845428544404,143.07747325664494,11.865378571203367,11.923122771387078,-1.4239521124747048,-1.7069407344851306
58,44,862,642.7998786262872,628.498504950582,14.609088150597437,14.284056930695044,-0.9626199085701899,-2.997810196353174
59,17,93,112.81450123919781,101.87489981193475,6.636147131717518,5.992641165407926,2.055588624892848,1.5574406623105848
61,8,17,71.7849419922627,49.9531764423314,8.973117749032838,6.244147055291425,8.973117749032838,6.244147055291425
62,12,89,125.7517307030436,110.4215503386458,10.479310891920301,9.201795861553817,4.317957768195848,2.193980379125645
63,49,1214,722.2350339811667,776.1248477907191,14.739490489411565,15.839282607973859,-2.808946162125771,-4.713131420964063
64,52,1231,820.7197246764002,850.5730652460082,15.783071628392312,16.357174331654004,-1.7387909687842955,-1.318804656960965
65,10,19,48.52153008417926,29.39162458372772,4.852153008417926,2.939162458372772,4.852153008417926,2.5893581144848525
66,3,9,17.021088925861736,16.47708736793761,5.6736963086205785,5.492362455979204,5.6736963086205785,5.492362455979204
67,34,236,200.28114146061705,152.05029239735202,5.890621807665207,4.47206742345153,2.4452566052047664,-0.6087104674869409
68,40,598,429.2654304085148,470.2058813381847,10.731635760212871,11.755147033454618,-0.7321373263035025,1.4532223704745992
69,25,276,189.40649305535283,187.810822424129,7.576259722214113,7.5124328969651595,-0.299948265008976,-2.7031109277849907
70,40,620,455.460142622917,453.0131435658109,11.386503565572925,11.325328589145272,-1.127776453539815,-2.214007579445025
71,17,87,92.98087010699598,76.09655235873733,5.469462947470352,4.476267785808078,3.2745184605158406,0.30996271743932574
72,7,21,38.0182836392908,46.636036126546486,5.431183377041543,6.6622908752209264,5.392866755823481,6.568397360195948
73,17,100,90.52800948976716,63.20016420151175,5.325177028809833,3.717656717735985,2.533602568141461,-1.0131173268154703
74,4,20,33.54964102284515,33.59734501275447,8.387410255711288,8.399336253188617,8.387410255711288,8.399336253188617
75,6,21,37.87441167932206,34.520239652729984,6.312401946553677,5.753373275454997,6.312401946553677,5.171626357073072
76,64,1382,901.6439060258044,926.7122757122714,14.088186031653194,14.479879308004241,6.616155037779113,5.24975963873729
77,45,733,544.7657693203403,556.6266093994609,12.10590598489645,12.36948020887691,-0.6595210906617276,-1.764077281416522
78,20,180,141.19436187581113,129.23623498665233,7.059718093790556,6.461811749332616,1.8464586183627252,-0.7006001198691687
80,5,31,114.10572872040784,90.47808497764981,22.82114574408157,18.095616995529962,22.815822260036732,17.378398424744237
81,1,1,4.6429320139353925,0.6420023609038843,4.6429320139353925,0.6420023609038843,4.6429320139353925,0.6420023609038843
82,1,2,16.499919004035174,13.060826593178932,16.499919004035174,13.060826593178932,16.499919004035174,13.060826593178932
83,1,2,3.6429320139353925,4.210366772024722,3.6429320139353925,4.210366772024722,3.6429320139353925,4.210366772024722
84,4,7,15.57172805574157,9.819187732391184,3.8929320139353925,2.454796933097796,3.8929320139353925,2.454796933097796
85,55,1832,1280.2276893156518,1267.9204027586213,23.276867078466395,23.053098231974932,-2.8346312361149653,-3.1774874283202275
86,54,1232,880.7142876455416,907.3723769246428,16.309523845287806,16.803192165271163,2.316414330877228,3.3623672298808542
87,7,14,88.24730746557815,96.81680341941714,12.606758209368307,13.83097191705959,12.606758209368307,13.83097191705959
88,28,582,562.5129554594465,525.7861136075685,20.089748409265948,18.77807548598459,-9.371399688151723,-11.718802334949
89,22,53,76.44269794942211,34.81323678375324,3.474668088610096,1.5824198538069654,3.2603891807860403,-0.010928311107437982
90,72,2979,1713.8663483285939,1913.6745207869244,23.803699282341583,26.578812788707282,-2.442327429076884,1.3291759642843903
91,73,3248,2142.4130832242886,2065.327953351176,29.34812442772998,28.292163744536655,-3.830439379889397,-0.31389825818389183
92,47,992,875.5558651585484,824.5026859992846,18.62884819486273,17.54261034041031,-2.9319022090481313,-4.022342950271083
93,38,549,448.417275266516,453.87874237129506,11.800454612276738,11.944177430823554,-1.6885329059039407,-1.9277332350825127
94,75,3314,2457.737185509529,2416.8836749583047,32.76982914012705,32.22511566611073,0.7815791377528465,2.4254457654198593
95,29,322,323.4288015254004,340.0228064492462,11.152717293979324,11.724924360318836,5.267223047916759,5.379002636368068
96,41,592,473.0351985090819,504.95399859725774,11.537443866075169,12.31595118529897,4.427406933298104,6.394778758040781
97,64,2325,2515.3569023705163,2658.243734949073,39.30245159953932,41.53505835857926,11.152485825618488,11.620963781134934
98,76,10352,7332.303277629592,6770.181418181842,96.47767470565253,89.08133444976107,0.4192987470601541,-19.681637297540167
100,62,4403,4954.356004266826,5678.294645110973,79.90896781075526,91.58539750178988,21.497456760797785,38.00561299874448
101,4,11,86.76558208903322,70.91223094136284,21.691395522258304,17.72805773534071,21.691395522258304,17.72805773534071
102,9,150,320.1993534342625,344.5394044593924,35.57770593714028,38.2821560510436,11.79886851276822,12.119108346222898
104,64,3077,3720.562676266438,8590.033113298377,58.13379181666309,134.21926739528715,19.932944289591866,113.13936929239799
106,7,12,103.25033299999505,30.468724524243356,14.750047571427865,4.352674932034765,14.750047571427865,4.352674932034765
107,8,126,77.94496245085159,93.62392791385983,9.743120306356449,11.702990989232479,4.492727648898425,1.251578993296413
108,18,438,320.64001650569736,358.8125361925418,17.81333425031652,19.934029788474547,3.092471291725079,5.472327931474432
109,2,6,59.91264204905093,60.0409445341889,29.956321024525465,30.02047226709445,29.956321024525465,30.02047226709445
110,3,9,40.725219346914656,18.870377049195547,13.575073115638219,6.290125683065182,13.575073115638219,6.290125683065182
111,47,841,957.7237812803648,917.576389842653,20.377101729369464,19.52290191154581,-1.168213461087977,-1.7144275913661995
112,2,5,6.285864027870785,3.5560367479505697,3.1429320139353925,1.7780183739752848,3.1429320139353925,1.1304940139234931
113,5,6,30.06815387863863,21.99593719708919,6.013630775727726,4.3991874394178385,6.013630775727726,4.3991874394178385
114,17,66,119.38142042796963,76.80005085467087,7.0224364957629195,4.517650050274757,6.881971431331341,3.8731364377398414
115,20,39,76.57277625083707,39.286629218005466,3.828638812541853,1.9643314609002733,3.6929320139353927,0.9301318029856566
116,2,3,8.285864027870785,2.000055037670748,4.1429320139353925,1.000027518835374,4.1429320139353925,1.000027518835374
117,15,244,166.87115609533333,187.77858717279906,11.124743739688888,12.518572478186604,8.272105434102368,11.338440294528858
118,7,95,115.04657803070451,123.23444696582837,16.435225432957786,17.604920995118338,11.09542275883059,10.828407686650381
120,2,7,45.34918488603668,43.2266540406783,22.67459244301834,21.61332702033915,22.67459244301834,21.61332702033915
121,13,224,201.39649023082941,210.53572072155816,15.492037710063801,16.19505544011986,10.008614208075308,13.731202717066216
122,3,113,22.64216821963571,27.32113063581139,7.5473894065452365,9.107043545270463,-7.5473894065452365,-9.107043545270463
124,23,150,122.92087901928532,134.54568720760605,5.344386044316753,5.8498124872872195,-0.6243728588785524,-0.11491282148512708
125,58,686,475.49487762876595,488.7104733314692,8.19818754532355,8.42604264364602,-1.0997759748615061,-2.209772596858085
126,5,28,76.92558920464842,81.15871477038948,15.385117840929684,16.231742954077895,15.385117840929684,16.231742954077895
127,55,3167,2924.9891329473194,2679.1610610468156,53.18162059904217,48.712019291760285,12.882781759138952,6.459730651881267
128,26,98,106.73029997665991,80.43292669278878,4.1050115375638425,3.093574103568799,1.9951444649285788,0.14661028612879495
129,40,189,136.64786262964802,102.35648551457864,3.4161965657412003,2.558912137864466,1.06013367853232,-0.9566728682245204
130,24,80,69.57277625083707,47.41596985125645,2.898865677118211,1.9756654104690188,2.309598680602059,-0.0332643260807887
131,51,326,315.46422901135924,260.63767421799366,6.185573117869789,5.110542631725366,1.2742130011205643,-1.563636159577656
132,30,88,106.85864027870785,64.25196110229649,3.5619546759569283,2.141732036743216,2.709598680602059,0.3176039444341534
133,40,178,167.11274609873365,120.59885332776717,4.177818652468341,3.0149713331941794,2.6339812428969855,0.1661591800981681
134,60,761,509.2684860275527,520.0600582325334,8.487808100459212,8.66766763720889,-1.3763511916343643,-3.0049599257821193
135,75,2393,1537.5761601708407,1567.9793911147162,20.501015468944544,20.90639188152955,-1.7299655934275293,-3.2973891679418617
136,67,1203,879.8443373861032,827.4148858818929,13.132005035613481,12.349475908684969,-3.362199162513965,-5.664999759489626
137,28,285,342.3506655805785,334.1113702623686,12.226809485020661,11.932548937941736,1.8753397661922016,1.167049504332253
138,70,2059,1640.6690223328862,1578.328073555281,23.4381288904698,22.547543907932585,-4.06825216849432,-6.987408800846988
139,73,3259,2414.7829469124563,2600.115895320731,33.079218450855564,35.61802596329768,-11.85070446720813,-11.35451334172646
140,6,29,59.069331863197945,53.319918796969134,9.844888643866325,8.886653132828188,9.844888643866325,8.886653132828188
141,40,808,1001.4077954040324,890.3567762455889,25.03519488510081,22.25891940613972,2.0570166418702995,-2.965884012642678
143,33,281,245.20615722395556,263.17392526990267,7.430489612847138,7.974967432421293,2.4262239893671067,3.0058279089122713
145,1,1,4.6429320139353925,5.143293230165192,4.6429320139353925,5.143293230165192,4.6429320139353925,5.143293230165192
146,1,1,4.6429320139353925,3.5383537081018677,4.6429320139353925,3.5383537081018677,4.6429320139353925,3.5383537081018677
147,1,6,0.25586568419797473,1.4010862060653881,0.25586568419797473,1.4010862060653881,-0.25586568419797473,-1.4010862060653881
148,3,8,14.508944002045872,14.401834963660114,4.836314667348624,4.8006116545533715,4.836314667348624,4.8006116545533715
149,1,2,3.6429320139353925,3.0455723238457395,3.6429320139353925,3.0455723238457395,3.6429320139353925,3.0455723238457395
150,2,8,18.25717020339315,16.323237142742357,9.128585101696576,8.161618571371179,9.128585101696576,8.161618571371179
151,1,1,17.499919004035174,14.060826593178932,17.499919004035174,14.060826593178932,17.499919004035174,14.060826593178932
152,2,3,8.285864027870785,3.3494579695067124,4.1429320139353925,1.6747289847533562,4.1429320139353925,1.6747289847533562
153,3,5,11.928796041806176,6.646468961383375,3.9762653472687255,2.2154896537944584,3.9762653472687255,2.2154896537944584
154,1,6,0.35706798606460755,1.1950274107437853,0.35706798606460755,1.1950274107437853,-0.35706798606460755,-1.1950274107437853
156,42,2152,1467.1680992592603,1564.2095400732755,34.93257379188715,37.24308428745894,-4.925297168271914,2.0438561193900178
157,16,271,332.74464442242197,329.4809595535018,20.796540276401373,20.592559972093863,17.656420785059538,16.73697608640739
158,43,1855,1529.534830796579,1478.7122817063607,35.57057746038556,34.38865771410141,-8.75086669009682,-10.128264207013144
160,15,527,356.3160611399241,486.5565523467717,23.75440407599494,32.43710348978478,8.711758135888017,22.561178705577753
161,13,267,384.1344385984866,415.38523872232946,29.548802969114355,31.95271067094842,10.067782358125477,11.22444687530332
162,9,33,29.928796041806176,29.44538545506941,3.3254217824229086,3.271709495007712,1.976265347268726,0.860570279595737
163,5,22,11.642932013935393,14.432350359577493,2.328586402787079,2.8864700719154985,1.2429320139353925,0.36005310806352747
164,3,4,12.928796041806176,8.163388887086056,4.3095986806020585,2.721129629028685,4.3095986806020585,2.721129629028685
165,6,31,17.077771120554228,20.79724913184875,2.846295186759038,3.4662081886414584,0.4892272006944303,-0.07794462942412277
166,2,4,7.80674526291483,3.206424628008209,3.903372631457415,1.6032123140041046,3.903372631457415,1.6032123140041046
167,5,17,12.886184069216387,8.13221940505304,2.5772368138432773,1.6264438810106079,2.538951954175519,0.200545310748808
168,2,4,7.598520198294324,4.293381843568033,3.799260099147162,2.1466909217840167,3.799260099147162,2.1466909217840167
169,1,6,14.123227267241372,0.042942328263810836,14.123227267241372,0.042942328263810836,14.123227267241372,-0.042942328263810836
170,10,26,48.89293079331607,24.021589262149284,4.8892930793316065,2.4021589262149283,4.204331991985392,1.1728491117249644
171,34,334,273.1192795416416,235.87302850205782,8.032919986518872,6.937442014766407,1.0648470094827884,-0.20596799676885383
172,3,3,13.928796041806176,7.013096333844482,4.6429320139353925,2.3376987779481606,4.6429320139353925,2.3376987779481606
173,3,5,11.928796041806176,7.211470809275207,3.9762653472687255,2.4038236030917357,3.9762653472687255,0.9736540741992629
174,48,644,565.1169981017898,587.1671636636701,11.773270793787288,12.232649242993126,-1.5146835657597129,-0.04286811969139278
176,36,314,312.56326968530357,297.66981496898904,8.682313046813988,8.268605971360806,0.6693333752976882,-1.5292619600802821
177,1,10,7.539108624286861,15.380674729343205,7.539108624286861,15.380674729343205,7.539108624286861,15.380674729343205
178,36,267,290.9741207356574,276.3736198987349,8.082614464879372,7.67704499718708,-0.7524042751127082,-1.4596735552998588
179,6,24,26.9444539122899,20.856410485967615,4.490742318714983,3.4760684143279357,4.490742318714983,3.4760684143279357
181,1,1,4.6429320139353925,1.9192906452845566,4.6429320139353925,1.9192906452845566,4.6429320139353925,1.9192906452845566
182,1,1,4.6429320139353925,3.6123835926691292,4.6429320139353925,3.6123835926691292,4.6429320139353925,3.6123835926691292
184,44,278,203.60707533118358,166.48300019185837,4.627433530254172,3.783704549814963,1.9245529902192338,-0.3778385760362619
185,73,5992,3567.2312497794337,3549.037329921548,48.86618150382786,48.61694972495271,1.1071720016960596,-0.11098771944731615
186,64,3507,3293.9998202296288,3171.645782827986,51.46874719108795,49.55696535668728,-0.9776950009211272,-9.17194453678718
188,36,186,100.79181443518205,67.07926510834096,2.7997726231995013,1.8633129196761378,1.960454605208932,0.7292493020579611
189,12,35,38.85759208361235,31.25517761823864,3.2381326736343627,2.60459813485322,2.7262653472687255,1.9640424452415493
190,37,411,385.78503276301274,372.22095504676565,10.426622507108453,10.060025812074747,1.291802127658463,1.7584923138471062
193,1,6,2.701636026453322,6.667784799537133,2.701636026453322,6.667784799537133,2.701636026453322,6.667784799537133
194,62,1488,1467.559958469424,1384.896946878602,23.67032191079716,22.337047530300033,-0.07280773353487956,-2.062098233195437
195,2,8,26.113279075568293,14.712709264485364,13.056639537784147,7.356354632242682,13.056639537784147,7.356354632242682
196,17,154,142.7271086143573,120.94050035789272,8.395712271432782,7.114147079876042,1.2072363905231123,-1.5528847890968411
197,3,8,8.928796041806176,4.922178761404643,2.9762653472687255,1.6407262538015477,2.9762653472687255,0.7768207659192274
201,13,81,148.91915006404236,186.73769970825853,11.455319235695566,14.36443843909681,10.344716250174997,13.598173123528333
202,3,85,102.2440813811831,110.2404046272537,34.081360460394365,36.7468015424179,7.706909612867217,8.945904125980222
203,49,1179,828.9482437784372,891.081592960933,16.91731109751913,18.185338631855775,5.837847755907823,8.337484897103822
204,15,72,164.3593017920874,76.50802464189353,10.957286786139159,5.1005349761262355,9.639383794649465,1.490158325668431
205,26,914,684.5844393311934,746.7102274780526,26.330170743507438,28.719624133771255,-4.661365584837428,4.200453481332608
206,2,7,24.133110875240973,21.073700442100524,12.066555437620487,10.536850221050262,12.066555437620487,10.536850221050262
208,7,55,239.3302987394204,219.80552519769373,34.190042677060056,31.400789313956246,34.190042677060056,31.400789313956246
209,77,11436,7762.174117934925,8903.690822148747,100.80745607707695,115.63234833959412,-24.190973403504955,9.79380251509405
210,20,344,348.35141788420634,333.76115721225676,17.417570894210318,16.688057860612837,7.458538594811396,6.185448587984532
211,8,38,41.90210372093301,32.958197262556894,5.237762965116627,4.119774657819612,4.010994675214242,1.1705780219379294
212,59,676,592.9905579400929,572.8637355851062,10.05068742271344,9.709554840425527,-1.4650773221274018,-3.7650879394902397
214,5,45,105.94325093854043,103.48521722596664,21.188650187708085,20.697043445193327,21.188650187708085,20.697043445193327
215,25,516,501.78413992341456,679.7564884604234,20.071365596936584,27.190259538416935,17.327408567933734,25.961059507070413
216,5,16,97.38562908030761,107.95128751113523,19.477125816061523,21.590257502227047,19.477125816061523,21.590257502227047
217,39,1992,4272.938955112089,4820.241802702733,109.5625373105664,123.59594365904445,86.76111938954807,99.38808104927587
218,10,197,198.62989967390905,229.53467370789855,19.862989967390906,22.953467370789856,12.843220470155297,15.798440346537259
219,3,29,39.48066351171419,40.86693242707733,13.160221170571397,13.622310809025777,12.63047440116734,12.99716967648771
220,1,12,11.285187955292294,14.773459090450046,11.285187955292294,14.773459090450046,11.285187955292294,14.773459090450046
222,12,1193,1589.0676700119018,1391.176569343018,132.42230583432516,115.93138077858482,12.682170069870528,-7.751462571706732
223,9,936,645.0340594297695,1337.742447172412,71.67045104775217,148.63804968582357,64.7662364518678,148.63804968582357
225,2,72,31.459761960996083,40.23945861706133,15.729880980498042,20.119729308530665,-1.9539737382639508,0.741568482225631
226,14,161,213.40139772635416,201.63522527100656,15.242956980453869,14.402516090786182,11.615888034040944,9.483834063405132
227,1,1,19.42767264367895,19.473387438868453,19.42767264367895,19.473387438868453,19.42767264367895,19.473387438868453
228,5,31,112.53590192094788,74.14239156190769,22.507180384189574,14.828478312381538,22.507180384189574,14.801753091510864
229,20,288,273.71688895417583,256.33516312496613,13.685844447708792,12.816758156248307,1.0762015110050682,-1.1871663390426386
230,22,731,643.8760192269301,942.6817693344792,29.26709178304228,42.84917133338542,10.039974687429684,27.071909071224468
231,5,22,28.606910633368066,20.169020275041596,5.721382126673613,4.03380405500832,5.721382126673613,4.03380405500832
232,2,542,460.45655450072644,462.9974268568434,230.22827725036322,231.4987134284217,-230.22827725036322,-231.4987134284217
233,7,27,41.58426075378011,37.052082379984235,5.940608679111444,5.293154625712034,5.079832500568911,4.74558993779612
234,7,138,108.42838493423392,108.17753886897778,15.489769276319132,15.453934124139682,-3.9860834731518024,-1.5610750779443217
235,14,117,130.56486290530478,142.02725650038016,9.326061636093199,10.14480403574144,2.0672158811847603,2.0535406268081933
236,38,1330,1096.7174561374377,1415.3821378744651,28.86098568782731,37.2468983651175,9.392499195113524,22.40307627778286
237,10,300,225.81964134939122,221.38716939529863,22.58196413493912,22.138716939529864,-8.848563456795484,-8.435143853265325
238,2,11,55.39887435602255,40.69857675710993,27.699437178011276,20.349288378554967,27.699437178011276,20.349288378554967
239,6,12652,12644.140889375041,12659.59482915804,2107.35681489584,2109.93247152634,-2065.720356888964,-2060.342978971749
240,24,275,298.30182918809476,331.99742573022144,12.429242882837281,13.83322607209256,9.31619596864841,10.682009916643162
241,17,378,378.4430510345827,530.4422801874927,22.26135594321075,31.20248706985251,21.62179694824673,31.20248706985251
242,3,64,56.001405496886946,64.60506959114677,18.66713516562898,21.535023197048925,14.668072163553612,21.535023197048925
243,2,8,26.113279075568293,14.317001171341657,13.056639537784147,7.158500585670828,13.056639537784147,7.158500585670828
244,33,168,167.11503229617944,128.0735840876858,5.064091887763013,3.881017699626842,1.8893278666330575,-0.0842528509985115
245,5,13,34.95435806735275,22.483320880045362,6.99087161347055,4.496664176009072,6.99087161347055,4.496664176009072
246,1,2,3.6429320139353925,1.6168945373605403,3.6429320139353925,1.6168945373605403,3.6429320139353925,1.6168945373605403
247,13,64,58.10152766351193,55.927360674835114,4.46934828180861,4.3021046672950085,0.9748658245579619,-0.22459202066011322
248,53,2485,3641.5919421857334,3481.5490323919366,68.70928192803271,65.68960438475352,25.95493668927957,21.093695696969615
249,54,1533,1645.235243727319,1625.6366928230575,30.467319328283683,30.10438320042699,13.322905582624548,11.474394216999029
250,32,1028,814.6847989362274,801.100137494652,25.458899966757105,25.034379296707876,-17.67843219480477,-19.37775059460056
252,2,6,5.285864027870785,6.074500830505331,2.6429320139353925,3.0372504152526654,2.6429320139353925,3.0372504152526654
254,15,85,90.59183290630475,82.34028768289674,6.039455527086983,5.489352512193117,3.7466038015191514,1.9410285218877092
256,5,5,61.319634046739,44.03822840087994,12.263926809347799,8.807645680175987,12.263926809347799,8.807645680175987
257,3,8,20.490782431240117,21.070027211542147,6.830260810413372,7.023342403847383,6.830260810413372,7.023342403847383
258,24,172,176.3936937872668,143.35857218884354,7.3497372411361175,5.973273841201814,2.0928279748560725,0.9054659021281708
259,14,55,71.02166043597488,57.758329764333645,5.072975745426777,4.125594983166689,4.806234558017634,3.4743206003002842
260,7,18,74.78699290262999,60.91751221009806,10.683856128947141,8.702501744299722,10.683856128947141,8.702501744299722
261,6,15,36.61715477009604,19.47593366455332,6.1028591283493405,3.24598894409222,6.1028591283493405,3.24598894409222
263,12,39,114.3193665816132,95.66919749011356,9.526613881801099,7.97243312417613,9.526613881801099,7.97243312417613
264,13,37,41.67628303874792,15.022518768519069,3.205867926057532,1.155578366809159,3.205867926057532,-0.1055783782866331
265,75,2686,1643.3362173175244,1650.9545930069828,21.911149564233657,22.01272790675977,-10.65842153651584,-13.226202592302121
266,70,1041,785.5161987198487,756.0139304129816,11.221659981712124,10.800199005899737,-2.917449648609092,-5.954283406341874
267,18,647,552.4536899407935,550.2153540295615,30.69187166337742,30.56751966830897,-22.274524871016183,-22.379791054335968
268,33,193,189.94509875278266,213.82155014878248,5.755912083417656,6.479440913599469,3.941185425061639,4.724099364481733
269,25,511,763.2479575850476,737.1828220531506,30.529918303401907,29.487312882126027,24.588367015173038,23.524380209088473
270,60,399,359.4729826328626,284.777959009188,5.991216377214377,4.7462993168198,3.3490426432081075,0.07419057038288711
272,6,6,27.857592083612353,13.3380711302501,4.6429320139353925,2.2230118550416833,4.6429320139353925,2.2230118550416833
273,24,372,228.25015194821765,242.78699469974313,9.510422997842403,10.116124779155964,8.217598598571938,8.016916204480864
274,1,1,4.6429320139353925,0.6859197183976349,4.6429320139353925,0.6859197183976349,4.6429320139353925,0.6859197183976349
275,1,1,17.598577844014752,15.06754490694307,17.598577844014752,15.06754490694307,17.598577844014752,15.06754490694307
276,18,158,214.85909650807872,222.55877318857839,11.93661647267104,12.364376288254356,11.523080626937489,12.172967070302223
277,18,231,253.2212853010384,248.297055713893,14.067849183391022,13.794280872994056,3.857339434765877,4.4258501221239435
278,34,139,142.37941160009416,86.3641666999439,4.187629752943946,2.5401225499983497,2.7668787102404657,-0.17985131319529574
279,3,14,7.6429320139353925,7.0842076264441864,2.547644004645131,2.361402542148062,0.9762653472687258,-1.5843357699748555
280,15,133,121.22687437516875,118.59562921442627,8.08179162501125,7.906375280961751,2.6743965279628505,1.5803012604943796
281,56,1282,1659.6108532225658,1644.056881842872,29.635908093260102,29.358158604337,13.150848180660038,11.18137157631645
282,5,29,26.44369676167367,25.060131616935276,5.288739352334734,5.0120263233870554,0.20308496348304833,-2.788237081044882
283,8,26,33.59412295756837,28.257467560922223,4.199265369696047,3.532183445115278,2.5207313766637425,-0.2052160414970059
284,2,3,8.285864027870785,2.888590168335929,4.1429320139353925,1.4442950841679645,4.1429320139353925,0.5442768954066883
289,4,21,23.273827901776766,18.8976165814612,5.8184569754441915,4.7244041453653,0.6399229824118879,-0.2018431367747131
290,11,523,491.7700675624362,503.4337431402537,44.70636977840329,45.76670392184124,-36.31993214182653,-37.35858472356075
291,17,207,185.69401556163365,157.7656514296348,10.92317738597845,9.280332437037341,6.095165054629846,1.7563003996960183
292,7,31,68.56214956065485,52.91008256356744,9.794592794379264,7.558583223366777,9.794592794379264,7.558583223366777
293,4,27,42.0491488935549,39.06810812462205,10.512287223388725,9.767027031155513,2.3775879062911045,-0.14079321205551532
294,18,312,227.3242171671295,205.64373431861605,12.629123175951639,11.42465190658978,4.499651221666643,2.405103775830483
295,10,135,112.68064353768008,98.85799468270838,11.268064353768008,9.885799468270838,3.0128077212249655,-2.8378829505925096
296,2,2,17.01233685106569,13.4197801453588,8.506168425532845,6.7098900726794,8.506168425532845,6.7098900726794
297,11,41,146.60223759633425,79.45252237317058,13.327476145121295,7.222956579379144,13.327476145121295,7.222956579379144
298,9,97,65.15001272147508,45.40780981737587,7.23889030238612,5.045312201930653,4.9541914522226005,-1.0952787883484039
299,8,34,59.773732675154974,57.68876771303764,7.471716584394372,7.211095964129705,4.159139473608448,3.4307119700426663
302,1,3,13.085407910514856,14.290558957630996,13.085407910514856,14.290558957630996,13.085407910514856,14.290558957630996
303,62,277,168.73921197507568,135.20102327208795,2.721600193146382,2.180661665678838,1.239053756140288,-1.1307514195556896
305,1,24,1.5779566246311454,0.7740852363415733,1.5779566246311454,0.7740852363415733,-1.5779566246311454,-0.7740852363415733
306,66,618,421.28701295611125,463.4703595391757,6.38313655994108,7.0222781748359955,0.9890734751884338,1.0673216621243558
307,50,164,133.79384404617065,77.62481882441477,2.675876880923413,1.5524963764882955,2.3901805642679075,-0.290117726210637
308,2,7,10.151121621754633,4.362695201117289,5.075560810877317,2.1813476005586443,5.075560810877317,0.7694612479960261
309,33,100,93.78743632051403,54.28471413517899,2.8420435248640614,1.6449913374296663,2.612628983632362,-0.37379283802631486
310,48,951,1029.7857413711406,1031.6327503846808,21.453869611898764,21.492348966347517,3.337447231980954,3.432569063821157
311,13,1730,1311.8911717740843,1350.9847952157522,100.9147055210834,103.92190732428864,-69.90459888732777,-72.12606216567237
312,24,458,694.3182212338231,644.0340572394934,28.92992588474263,26.834752384978895,7.080344166035194,4.856932526268896
313,6,43,57.462553757468115,80.1775338899267,9.577092292911352,13.362922314987784,9.577092292911352,13.362922314987784
315,3,36,26.08933906838536,28.104771505014632,8.696446356128453,9.36825716833821,-0.6925984186249513,-1.681092357035773
316,54,592,350.3691111033508,363.15532717377334,6.488316872284274,6.7250986513661735,-0.026133365748812278,-1.385674298544996
318,2,14,19.697962720284163,25.256233756104024,9.848981360142082,12.628116878052012,9.848981360142082,12.628116878052012
319,9,124,69.55106445677589,92.99916438812787,7.727896050752877,10.333240487569762,5.262822351529296,9.325244547459294
320,54,432,298.7058847342354,273.59863251270633,5.531590458041396,5.066641342827895,1.2901837184282965,-1.1465478542515477
322,19,190,138.231437819528,128.86047121130946,7.275338832606737,6.782130063753129,2.8189868111564493,-1.1074559282803291
323,4,19,24.05399258932858,22.685042188365138,6.013498147332145,5.6712605470912845,6.013498147332145,5.6712605470912845
324,18,193,219.4335656956447,233.36016069613046,12.190753649758038,12.964453372007249,7.542838195294357,8.055234955790127
325,24,69,97.32899044892524,57.0543483757035,4.055374602038552,2.3772645156543124,2.9125299376944507,0.7359836908801475
327,9,250,58.85920265097852,61.85055774894427,6.53991140566428,6.872284194327141,3.129248754356624,3.955631943095805
328,32,684,531.4798829945154,518.7013892005767,16.608746343578606,16.209418412518023,2.8576987473885485,2.178498743619592
329,18,69,123.29848413909909,95.7665668265993,6.849915785505505,5.320364823699961,6.155299967218776,3.3111449692290815
330,72,1578,1196.935246849169,1223.824039438793,16.624100650682905,16.99755610331657,-1.4545548112813882,0.6732613745587996
331,69,1312,918.8201348198795,980.4645581722411,13.316233837969268,14.209631277858568,-0.3658225828315867,1.3296799431713755
332,18,85,122.45081322382129,90.91728903548903,6.80282295687896,5.050960501971613,2.349988789167608,-0.13880689958101508
334,27,133,149.40591388630455,110.62984660846111,5.5335523661594275,4.0974017262393,2.2153594896716373,-0.06437163807574287
335,3,29,44.25444949652743,46.002614842396596,14.751483165509143,15.334204947465532,11.068522153337327,8.287227750009084
336,1,6,12.100851780889357,6.411643080300241,12.100851780889357,6.411643080300241,12.100851780889357,6.411643080300241
337,5,17,109.84785007294664,66.58107882356066,21.96957001458933,13.316215764712132,21.96957001458933,13.316215764712132
338,1,3,19.372277735833396,14.602488176083337,19.372277735833396,14.602488176083337,19.372277735833396,14.602488176083337
339,6,15,23.57172805574157,26.39188871715772,3.928621342623595,4.398648119526286,3.142932013935392,2.127752676609139
340,1,3,2.6429320139353925,2.2209097460047396,2.6429320139353925,2.2209097460047396,2.6429320139353925,2.2209097460047396
341,3,27,25.080345277670077,16.97120544151176,8.360115092556692,5.65706848050392,8.360115092556692,2.5964832572943153
342,4,12,71.87147576779972,64.02416500618577,17.96786894194993,16.006041251546442,17.96786894194993,16.006041251546442
343,1,2,35.410706665484966,38.85888025323497,35.410706665484966,38.85888025323497,35.410706665484966,38.85888025323497
346,19,194,140.79912141888656,129.77858669612118,7.41048007467824,6.830451931374799,-1.3002926252764546,-2.946402575426742
347,14,480,428.51063035654164,417.8158881059489,30.607902168324404,29.843992007567778,-9.588199266944624,-11.75775654556783
348,2,2,9.285864027870785,7.076021215094206,4.6429320139353925,3.538010607547103,4.6429320139353925,3.538010607547103
350,1,6,0.35706798606460755,1.4724320580151886,0.35706798606460755,1.4724320580151886,-0.35706798606460755,-1.4724320580151886
351,1,2,16.598577844014752,11.650196774433688,16.598577844014752,11.650196774433688,16.598577844014752,11.650196774433688
353,2,12,12.460937751780422,4.296817094042012,6.230468875890211,2.148408547021006,6.230468875890211,1.4765214756600287
355,6,8,25.857592083612353,17.46431179922853,4.3095986806020585,2.910718633204755,4.3095986806020585,2.910605231763046
356,4,36,15.070759602053396,16.32745146462272,3.767689900513349,4.08186286615568,-1.6714373170482901,-3.2575202156372343
357,10,158,211.06397578066796,191.82112439554476,21.106397578066797,19.182112439554476,0.01625051589584494,-3.213626429098588
358,1,10,19.20215828461188,27.62950797263632,19.20215828461188,27.62950797263632,19.20215828461188,27.62950797263632
361,1,1,4.6429320139353925,3.5117288494868575,4.6429320139353925,3.5117288494868575,4.6429320139353925,3.5117288494868575
362,2,2,9.285864027870785,7.513647105799796,4.6429320139353925,3.756823552899898,4.6429320139353925,3.756823552899898
365,30,758,1266.6355764843802,1194.3488512834758,42.22118588281267,39.81162837611586,4.785251140509486,2.932794812202936
366,28,116,125.0462670723211,85.20634163200877,4.465938109725753,3.043083629714599,1.669240949830127,-1.1253629917658385
367,5,20,37.65798570175354,29.37465920837093,7.531597140350708,5.874931841674186,6.6592843332219855,3.6005727084130847
368,4,11,47.29729597031726,44.91180579490172,11.824323992579314,11.22795144872543,11.824323992579314,11.22795144872543
370,10,23,87.86636773551018,41.97496953318198,8.786636773551018,4.197496953318198,8.786636773551018,4.197496953318198
371,7,41,85.96216154711608,53.690334546655215,12.280308792445155,7.670047792379316,12.280308792445155,7.670047792379316
373,27,305,276.92955577995514,236.1981756016248,10.256650214072412,8.748080577837955,-0.8969732547966837,-3.5863605156277383
374,61,4685,4505.152871291791,4988.753149326231,73.85496510314411,81.78283851354477,-19.78974881387648,-12.029300273707138
375,2,16,11.632818452631168,20.089725261616394,5.816409226315584,10.044862630808197,5.816409226315584,3.9169858961008748
376,6,61,52.19236636947856,51.89328853546212,8.698727728246427,8.64888142257702,2.7422014054226174,-0.9172601126304881
378,10,89,130.88470267004232,120.60165748496875,13.088470267004231,12.060165748496875,3.0504009573161,1.1693824598211466
380,6,14,20.57172805574157,16.480589142660882,3.428621342623595,2.746764857110147,3.309598680602059,1.9160702577865785
381,28,261,213.58834580267512,197.8755872194832,7.628155207238398,7.066985257838686,2.803321757199081,1.667078017617214
382,7,48,37.43757614279322,46.576184167923984,5.348225163256174,6.653740595417712,4.556051953783445,5.888997136671084
383,1,1,17.598577844014752,14.136910624864713,17.598577844014752,14.136910624864713,17.598577844014752,14.136910624864713
384,2,4,7.285864027870785,3.528663759462292,3.6429320139353925,1.764331879731146,3.6429320139353925,1.764331879731146
385,2,3,8.285864027870785,1.7169986333571945,4.1429320139353925,0.8584993166785972,4.1429320139353925,0.8584993166785972
386,2,24,89.72071219473183,41.09445418177974,44.860356097365916,20.54722709088987,44.860356097365916,10.237573091429548
387,1,6,0.35706798606460755,4.01413439600725,0.35706798606460755,4.01413439600725,-0.35706798606460755,-4.01413439600725
388,54,370,352.02968120764604,321.38883095547425,6.5190681705119635,5.951645017693967,1.0223759667951986,-0.998081141035504
391,2,5,11.952792496391694,7.907583374422513,5.976396248195847,3.9537916872112566,5.976396248195847,3.9537916872112566
392,9,60,54.938801973022265,60.18714581108817,6.104311330335808,6.687460645676463,4.935258327395744,6.235938998418824
393,12,272,137.24853916327612,136.1758060145177,11.437378263606343,11.347983834543141,-2.7674769163361765,-3.306748235516544
394,39,270,358.2877529758133,236.73406905991394,9.18686546091829,6.070104334869588,9.037933989744147,3.5384875461911123
396,9,11,44.156048886777576,36.30804513594744,4.906227654086397,4.034227237327493,4.906227654086397,4.034227237327493
397,5,13,30.115380676568982,66.39143470938639,6.023076135313796,13.278286941877278,6.023076135313796,13.278286941877278
398,2,8,13.413031528002795,9.60186050166737,6.706515764001398,4.800930250833685,6.706515764001398,4.800930250833685
401,11,180,146.42193504793136,123.2299173865592,13.311085004357396,11.202719762414473,-2.904206672853944,-5.051677694938544
402,1,12,1.2869167319910932,3.2292291118673155,1.2869167319910932,3.2292291118673155,1.2869167319910932,3.2292291118673155
404,3,157,149.57846336311775,148.2012425848741,49.859487787705916,49.40041419495804,-39.64270360003229,-42.50059373353009
405,30,390,464.91129576389403,472.40141966444025,15.497043192129802,15.746713988814674,-1.166271894305569,-2.7832122071166205
407,33,456,535.7999390006548,484.54858771711696,16.23636178789863,14.683290536882332,11.155310975700308,8.879659474448998
409,2,4,15.472527446415521,6.340085723899131,7.7362637232077605,3.1700428619495655,7.7362637232077605,3.1700428619495655
410,1,5,1.638617174559064,1.9606175823865595,1.638617174559064,1.9606175823865595,1.638617174559064,-1.9606175823865595
411,7,30,17.489354068344706,17.025489786990327,2.498479152620672,2.4322128267129037,2.498479152620672,0.3833898938709197
412,3,38,34.21334158625382,31.518342525419712,11.404447195417939,10.506114175139905,-0.6705460081583693,-1.610498277594834
413,19,34,74.11791629167449,17.83033837544048,3.90094296271971,0.9384388618652885,3.90094296271971,0.7476742675609032
416,4,35,44.05885758974382,46.52758305529403,11.014714397435956,11.631895763823508,11.014714397435956,11.631895763823508
417,3,51,29.983216293187184,35.28879168023592,9.994405431062395,11.762930560078638,-1.7136976924411094,1.50170042216239
418,56,280,234.43677579531797,175.61417305494572,4.186370996344964,3.1359673759811737,1.6288676287272392,-0.8627008206662788
419,5,11,26.21793029339666,19.570810809615317,5.243586058679332,3.9141621619230635,5.243586058679332,3.9141621619230635
420,4,8,14.57172805574157,9.23010202723925,3.6429320139353925,2.3075255068098124,3.6429320139353925,0.452508910471503
421,20,259,158.00555150805835,196.017277077085,7.900277575402917,9.80086385385425,2.0023279690247326,4.499862979011868
423,14,412,442.99757932332744,434.38716772072746,31.642684237380532,31.02765483719482,16.008210222190694,21.092780676824173
429,12,34,89.44341938658297,34.18031563695601,7.453618282215248,2.848359636413001,7.453618282215248,2.2792823354511644
431,17,52,62.65630982400357,40.131301049493814,3.6856652837649158,2.3606647676172834,2.6184648180950547,0.06097003228545163
433,1,2,3.6429320139353925,2.8450942563416692,3.6429320139353925,2.8450942563416692,3.6429320139353925,2.8450942563416692
434,4,41,53.52306823944592,52.390191164594015,13.38076705986148,13.097547791148504,12.55655391952876,10.402323678287459
435,2,2,10.162538490095875,6.841254392778268,5.081269245047937,3.420627196389134,5.081269245047937,3.420627196389134
437,46,378,370.05263331036457,314.24762489011306,8.044622463268794,6.8314701063068055,1.7808065922269292,-0.15696768279871176
438,74,3267,1930.8021671748816,1952.5027918839771,26.09192117803894,26.385172863296987,-4.523375993431901,-1.956670062757197
440,4,9,23.152391813554026,9.007442522681849,5.788097953388506,2.2518606306704623,5.788097953388506,2.0263729414399894
441,6,16,24.399382216648696,10.468777007596074,4.066563702774783,1.744796167932679,4.066563702774783,1.4938777394142821
446,1,10,4.3570679860646075,4.064973595233694,4.3570679860646075,4.064973595233694,-4.3570679860646075,-4.064973595233694
448,1,1,5.485680479893718,1.9607670215895734,5.485680479893718,1.9607670215895734,5.485680479893718,1.9607670215895734
449,1,47,28.382564677480392,26.57636398763044,28.382564677480392,26.57636398763044,-28.382564677480392,-26.57636398763044
451,3,11,21.20757344492125,11.800386023019614,7.069191148307083,3.9334620076732048,7.069191148307083,3.9334620076732048
452,18,167,138.71855396701068,131.71592155792865,7.706586331500593,7.317551197662703,-0.6214350652161127,-2.379516267593087
455,19,59,84.60090754007254,58.881579971886815,4.452679344214344,3.0990305248361483,4.308012229736899,2.1325743584580996
456,1,2,5.459882504041223,1.1303811718976693,5.459882504041223,1.1303811718976693,5.459882504041223,1.1303811718976693
457,21,147,144.27624875392388,109.99942052293335,6.870297559710661,5.238067643949207,4.399293252279026,0.7074025270710822
458,14,31,48.715184167224706,23.365259670116764,3.479656011944622,1.6689471192940546,3.428646299649678,0.7568484813871479
459,37,285,609.8358574096858,573.8351990530642,16.482050200261778,15.5090594338666,11.721502718233111,10.80632898679299
460,2,6,9.323165160260295,7.041606987066318,4.661582580130148,3.520803493533159,4.661582580130148,3.520803493533159
461,16,286,246.2001269033497,219.81133298951536,15.387507931459357,13.73820831184471,-2.231230068568327,-5.881216504110116
463,5,23,156.68848549001524,218.69797120367855,31.337697098003048,43.73959424073571,31.337697098003048,43.73959424073571
464,37,566,615.1072214381043,609.3565266565843,16.624519498327142,16.469095315042818,2.5965157018359797,2.6271244110819496
466,31,328,425.68150545074343,420.11830761957214,13.731661466153014,13.552203471599102,8.164434152998542,8.169441946263243
468,3,4,12.928796041806176,8.358549930063216,4.3095986806020585,2.786183310021072,4.3095986806020585,2.786183310021072
469,11,55,73.1616908161458,61.22596951477749,6.651062801467801,5.565997228616135,5.900805315635444,4.51197479901416
470,14,51,87.15673879365302,77.77532175404569,6.225481342403787,5.555380125288978,5.249805688203834,3.822626570508027
471,11,96,98.19443546744118,79.5940597726293,8.926766860676471,7.2358236156935725,6.010407976960793,0.5614676312858045
472,4,17,55.93772188510417,68.21535901817875,13.984430471276042,17.053839754544686,13.984430471276042,17.053839754544686
474,3,7,10.367133272918721,5.997217704066664,3.455711090972907,1.9990725680222212,3.455711090972907,1.4495478126944015
475,22,50,100.5439469601137,64.31998786766196,4.570179407277895,2.9236358121664527,4.568449423019326,1.992810039572634
476,39,2000,1456.551949071551,1299.0814280845618,37.347485873629516,33.309780207296456,5.604255318265895,-2.377108922925164
477,16,137,133.33497888654392,127.85009126422207,8.333436180408995,7.9906307040138795,0.7798073477950827,-1.2558714193976082
478,15,287,449.37204301477925,396.89991978240465,29.958136200985283,26.45999465216031,24.945404110130834,19.96028000446713
479,27,89,94.11561437845057,85.79200655694555,3.4857634954981696,3.177481724331317,2.3861920678282305,1.455829422834275
480,13,35,53.28771216823176,58.96163513038536,4.099054782171674,4.535510394645028,3.736428938161734,4.535510394645028
481,18,191,215.95885390143235,178.4617855561882,11.997714105635131,9.914543642010456,4.259975322516319,2.523488669519046
483,1,1,9.640250557785828,4.856152006428111,9.640250557785828,4.856152006428111,9.640250557785828,4.856152006428111
485,8,225,44.731318303407505,62.888404007539236,5.591414787925938,7.8610505009424045,0.20063260550659612,1.0900784648274748
486,11,87,58.67135451624235,59.51336862550005,5.333759501476577,5.410306238681823,-0.637824865286344,-2.2626166621363617
488,49,1035,871.2195288339524,851.8665743920557,17.779990384366375,17.385032130450117,5.279975155774499,4.278849488259126
489,1,6,4.71885517426416,4.53254800333286,4.71885517426416,4.53254800333286,4.71885517426416,4.53254800333286
490,6,167,163.74510335931973,156.19723417331707,27.29085055988662,26.03287236221951,5.024903321423916,5.075982113741277
491,58,1197,896.3961223925744,930.2006299334586,15.455105558492662,16.037941895404458,7.684461902532331,8.033094093442292
494,4,9,27.691162410493973,31.572111902763456,6.922790602623493,7.893027975690864,6.922790602623493,7.893027975690864
500,16,235,248.03220106141157,222.37765525339373,15.502012566338223,13.898603453337108,12.892116133220666,11.28466498551555
501,38,2338,3174.6713070102833,2716.767597254388,83.5439817634285,71.49388413827337,-15.969040815488304,-30.40021934672031
504,25,147,195.93232341453066,158.70112880766462,7.8372929365812265,6.348045152306585,4.614097433850565,2.3137738939103203
508,4,12,56.96433048943869,30.5414122682493,14.241082622359672,7.635353067062325,14.241082622359672,7.635353067062325
509,40,216,253.68079477022047,185.41232576442295,6.342019869255512,4.6353081441105735,4.538678616259302,0.8505527620193417
510,23,116,132.9800581469568,114.20584904132907,5.781741658563339,4.9654716974490904,1.3677117911079026,-0.652325332934922
511,11,23,128.42007774498512,258.1736320513097,11.674552522271375,23.470330186482702,11.674552522271375,23.470330186482702
512,3,48,22.991144277761247,20.567855115654133,7.663714759253749,6.855951705218044,4.502634655830641,6.061485227969013
513,33,259,438.3610382909888,405.74498375828335,13.283667826999661,12.295302538129798,5.616752394421646,4.566755744697334
514,11,99,110.59246030706763,138.92465977316283,10.053860027915238,12.629514524832985,10.053860027915238,12.629514524832985
515,5,125,9.500622746627126,22.037362735832406,1.9001245493254253,4.407472547166481,1.8865022777853149,3.578099393995752
516,4,175,94.64120040489226,99.32632148587263,23.660300101223065,24.831580371468156,-12.104236424190482,-9.798917369716166
517,8,108,68.42312757434809,83.30652881897883,8.55289094679351,10.413316102372354,7.743657761437201,10.413316102372354
518,4,125,30.593815966343584,39.65993876902674,7.648453991585896,9.914984692256684,-4.067875582817571,-0.17485624695638347
520,16,83,111.79059577568972,98.75851796103358,6.986912235980608,6.1724073725645985,5.4378510930827755,3.488311830689291
521,71,285,237.78977056432677,132.4709938770862,3.3491516980891096,1.8657886461561435,2.9035777952692783,0.25959683278613027
522,78,346,232.4484437119909,165.02382319829442,2.980108252717832,2.1156900410037744,2.229267432700391,-0.18284340516753503
523,43,1260,1411.1183531462486,1440.3131827396758,32.81670588712206,33.4956554125506,-4.228497249033935,-2.731994145448781
524,63,1800,1515.7767882623084,1514.9313622629065,24.05994902003664,24.046529559728675,10.163817316262698,7.141036249795158
525,18,97,93.30344781487688,80.3289496514483,5.1835248786042705,4.462719425080461,1.6001748225926047,-0.36002145329884705
526,46,1712,1380.3936383600121,1402.2954139523104,30.00855735565244,30.484682912006747,-1.2442074226266815,-2.985929814387812
527,75,3070,2040.3209021347318,2133.299272714816,27.20427869512976,28.443990302864215,-7.794623424549174,-6.181278340474128
528,74,3072,2161.340295483156,2173.436872133808,29.207301290312916,29.370768542348753,-5.037505605543022,-3.7310227047441957
529,10,31,60.301026633113864,34.267053628817415,6.030102663311387,3.4267053628817417,6.030102663311387,3.4267053628817417
530,47,464,415.1579953094871,380.1254046136176,8.833148836372066,8.087774566247184,0.01977950560421449,-2.4228899300321363
531,55,393,351.0971010465527,283.02315079072696,6.383583655391868,5.145875468922308,1.6232820892209168,-1.0564631244265184
533,1,288,154.36540002287384,90.79364892523509,154.36540002287384,90.79364892523509,-154.36540002287384,-90.79364892523509
534,14,101,161.74290716362535,183.61685957699532,11.553064797401811,13.115489969785381,4.300754648353382,7.130195205578531
535,11,27,35.07225215328932,18.590568443292725,3.1883865593899383,1.690051676662975,3.1883865593899383,0.9846579776389295
536,60,279,277.158469956894,217.250694428342,4.6193078326149,3.620844907139033,2.6095082458054497,0.0747080252542036
537,1,1,4.6429320139353925,3.114806850837496,4.6429320139353925,3.114806850837496,4.6429320139353925,3.114806850837496
538,13,30,43.3581161811601,29.4427257906785,3.3352397062430845,2.264825060821423,3.3352397062430845,1.15462858813445
539,44,190,198.66621972462633,152.7343742476928,4.515141357377871,3.4712357783566548,1.6739316516818257,-0.5699441873504072
542,1,1,9.138024391498476,5.699083768552956,9.138024391498476,5.699083768552956,9.138024391498476,5.699083768552956
543,45,5611,5534.664935737738,5706.950075138851,122.9925541275053,126.82111278086336,-5.786950425819357,-1.9609951433058206
545,13,30,53.434679669915056,20.51116696804504,4.11035997460885,1.577782074465003,3.440041822906603,0.17568911616859262
546,17,171,119.28887008399548,119.43860916604137,7.016992357882087,7.0258005391789045,-0.4271590097140624,-2.3515632244558122
547,46,168,152.32242357999257,71.90437004930061,3.311357034347665,1.563138479332622,3.1518876156910323,-0.32076391749143385
548,18,34,67.94552381932002,37.403319259929404,3.7747513232955563,2.077962181107189,3.7747513232955563,2.0122046533906985
549,4,59,28.892521597082542,33.24992415274112,7.2231303992706355,8.31248103818528,-2.465610207181713,-3.023579845317314
550,63,6965,5794.662766433696,4879.198155753259,91.97877407037612,77.44758977386125,21.8483215768069,-18.967669157198912
551,45,1145,1404.806898119426,1387.6514281076659,31.217931069320578,30.836698402392575,-10.917742816244044,-11.43526208183415
552,12,246,345.3708617390886,355.19104658153043,28.78090514492405,29.5992538817942,9.654559551307498,9.415225646898287
553,45,225,202.73290929888157,191.99713744891986,4.505175762197368,4.266603054420441,2.164545409811669,0.5448820129705759
554,15,52,58.07225215328931,42.19142940597303,3.8714834768859543,2.8127619603982024,2.1762653472687257,0.13430977280827688
555,65,1622,1386.0027531125272,1396.7611750689755,21.323119278654264,21.488633462599623,-1.4927064926925577,0.2820729821031599
557,62,915,794.0375783331173,820.0565579507903,12.807057715050279,13.22671867662565,3.0780122289098863,4.671924931688434
558,50,620,426.4417075356797,504.2633401926856,8.528834150713594,10.085266803853711,3.73854411292336,6.755778798571258
559,1,2,12.921661311029855,10.219721478500194,12.921661311029855,10.219721478500194,12.921661311029855,10.219721478500194
561,1,24,0.8550132733993436,0.9204815006532776,0.8550132733993436,0.9204815006532776,-0.8550132733993436,-0.9204815006532776
562,20,184,262.16042011315955,273.98721708003734,13.108021005657978,13.699360854001867,10.275286375312595,10.927303035716724
563,15,108,171.60127296297895,134.23518093029116,11.440084864198598,8.949012062019412,10.735067328669738,8.111839784618535
565,56,197,143.41908691457223,87.9874790405175,2.561055123474504,1.5712049828663839,2.135504472341004,-0.3001173206857911
566,33,99,94.0733003483848,50.104343670808696,2.850706071163176,1.5183134445699604,2.6429320139353925,-0.2810323520247985
567,18,176,166.5955189407026,163.4940512606491,9.255306607816811,9.083002847813837,4.153554681785432,4.3011081985411765
568,6,9,24.857592083612353,16.22579663309009,4.1429320139353925,2.7042994388483486,4.1429320139353925,1.8741295988734263
569,1,4,1.7441343158020253,4.882998910857875,1.7441343158020253,4.882998910857875,1.7441343158020253,4.882998910857875
570,2,9,4.697345355851901,5.264240702367076,2.3486726779259506,2.632120351183538,2.3486726779259506,2.2402190002667837
571,36,292,259.06558448033456,235.64747172356334,7.196266235564849,6.545763103432315,3.767867339852027,2.890632633841169
572,1,1,4.6429320139353925,3.7794966570334356,4.6429320139353925,3.7794966570334356,4.6429320139353925,3.7794966570334356
573,5,19,24.165206536016317,15.563892977828646,4.833041307203263,3.1127785955657292,2.3306950335240737,1.0032303322127507
574,8,34,43.97981748384813,34.69240874275739,5.497477185481016,4.336551092844673,2.4553933320444905,0.6061351158959831
575,24,1012,687.3836534475982,702.2790914787632,28.640985560316594,29.261628811615136,3.8716803754379683,4.839356174787223
576,11,26,62.95405505602338,20.959748873401544,5.7230959141839435,1.9054317157637768,5.7230959141839435,1.478661762104793
577,6,21,24.147337635031356,11.141685857553124,4.024556272505226,1.8569476429255207,4.024556272505226,1.8569476429255207
578,28,92,121.75061419608276,88.56525953403069,4.34823622128867,3.163044983358239,3.891478904810987,2.3918085817667967
580,17,65,80.56585199661963,69.35340350244273,4.739167764507037,4.079611970731925,1.9919079462125102,0.9023836398690415
582,11,51,47.3295208792608,35.27078081953226,4.302683716296436,3.2064346199574785,1.1779446676095893,-1.8880027123527185
583,24,127,123.04620845287171,79.6952855948274,5.126925352202988,3.320636899784475,0.8788652639214064,-2.0572999767955458
585,1,1,5.734916205181091,2.4851146612108828,5.734916205181091,2.4851146612108828,5.734916205181091,2.4851146612108828
586,20,149,112.86859833630997,106.3711841121816,5.643429916815498,5.31855920560908,0.14047430736261654,-1.8643470991166258
587,22,131,103.97506096751401,91.1785802145726,4.726139134887,4.144480918844209,0.3764808052385035,-0.800373981932642
588,7,42,124.93682296821325,134.74917504154303,17.848117566887606,19.249882148791862,17.848117566887606,19.249882148791862
589,4,17,29.95436549962532,27.80608736384609,7.48859137490633,6.951521840961522,7.48859137490633,6.521057589744405
591,17,58,85.82948457527183,64.79564772968104,5.048793210310108,3.8115086899812374,4.350036974463283,2.489199419948496
592,29,290,310.3154216632156,278.96167374628726,10.700531781490193,9.619368060216802,-0.3244461329014077,-3.480727226546293
593,35,506,431.69573037192526,422.0176384169502,12.33416372491215,12.057646811912862,-2.3757621138277094,-4.437759698955574
594,2,48,40.0,37.31343813149355,20.0,18.656719065746774,9.194829890777392,4.834170153981017
595,5,10,18.214660069676963,20.56461103613286,3.6429320139353925,4.112922207226572,3.6429320139353925,3.8582814951139652
596,34,934,586.8830871611079,645.6934471340829,17.26126726944435,18.990983739237734,-0.4051555110865762,2.185995820793643
597,8,62,48.23242937511625,31.745952905998806,6.029053671889531,3.9682441132498507,4.091363823741503,0.1374804570900492
598,11,105,50.735909232159415,64.63329774041595,4.612355384741765,5.8757543400378145,4.186034280988266,5.046694075071212
599,3,27,37.55302315204454,33.70064952807654,12.517674384014846,11.23354984269218,1.8950946453295547,-0.2661950739606773
600,22,190,146.9388424402404,137.29952842413437,6.679038292738199,6.240887655642471,-0.22804763766053845,-0.6590053992227134
601,9,33,23.214660069676963,15.885396393739267,2.5794066744085513,1.7650440437488075,1.976265347268726,-1.4498882389220735
602,24,61,74.43036833444941,30.7333351267471,3.1012653472687255,1.2805556302811292,3.1012653472687255,-0.2874652894916014
603,16,586,600.7153368813852,593.5069175520715,37.54470855508657,37.09418234700447,-5.345004123224859,-4.88836354065656
604,2,4,24.610523874922464,28.00425625353406,12.305261937461232,14.00212812676703,12.305261937461232,14.00212812676703
605,3,8,10.098070011329654,11.039731321436319,3.3660233371098847,3.679910440478773,3.3660233371098847,3.679910440478773
606,2,8,7.523710490207577,8.48349686889629,3.7618552451037885,4.241748434448145,3.7618552451037885,4.241748434448145
607,3,38,60.0416893136667,85.76937623143354,20.0138964378889,28.589792077144512,20.0138964378889,28.589792077144512
608,12,173,323.6366498270298,333.76418546311766,26.969720818919154,27.813682121926472,22.893009793684026,23.91665299364594
609,7,121,108.97879514109285,98.1201996059789,15.568399305870406,14.0171713722827,-6.76196596456452,-9.234865335787731
613,75,352,203.82678086344458,168.56436787308382,2.7176904115125944,2.247524904974451,1.156567634347781,-0.6781350766126812
614,14,43,38.715184167224706,25.84278029284293,2.7653702976589076,1.8459128780602094,2.571503442506821,-0.13636780697722944
615,5,12,16.214660069676963,13.177171935741917,3.2429320139353925,2.6354343871483836,3.2429320139353925,2.3107245833948995
616,9,25,26.500524097547746,14.10026584528566,2.944502677505305,1.5666962050317401,2.8651542361576148,0.94283287305195
619,41,654,1112.4195710208419,1106.825603403867,27.132184659044924,26.99574642448456,7.134249953201746,7.560703537288196
620,58,1353,1104.2243494795682,944.5998073404734,19.038350853096002,16.28620357483575,13.71438396062699,7.899761872954627
621,31,1049,998.4010626379257,996.9519566985646,32.206485891545995,32.15974053866337,-4.617720700098231,-5.301564459985043
622,20,312,219.4863235533752,253.45767798266414,10.97431617766876,12.672883899133208,8.118784285045376,9.330280051007723
623,60,2430,1169.8783346120417,1357.7755027535545,19.49797224353403,22.629591712559243,-6.447503968265713,0.24570914851354844
624,36,759,527.1811314920781,488.62428552122446,14.64392031922439,13.572896820034012,7.159799872746722,1.1687382931013361
625,14,216,122.26611853124771,114.16023721356628,8.733294180803409,8.154302658111877,8.16490681726852,7.258857863635603
626,52,1419,1384.9624841499556,1331.9380481222595,26.633893925960685,25.614193233120375,6.6950237066452924,3.4159040931002096
627,23,578,494.8454910219888,525.5306046613373,21.51502134878212,22.84915672440597,2.249873519584394,1.652678913276901
628,47,336,215.26386944757888,199.76773747070405,4.5800823286718915,4.250377392993703,1.2586344144900083,-0.6240916579359259
629,40,220,230.68809848994044,196.37575888621117,5.767202462248511,4.9093939721552795,2.8700363917185308,1.680373205057228
630,37,320,245.51336163235214,252.18544257363166,6.635496260333841,6.815822772260315,0.5549536719145536,1.0875589384476056
631,27,958,884.614456450791,892.269236021082,32.763498387066335,33.04700874152155,-6.027175401052721,-6.189541037049561
632,67,2670,1471.0008439527294,1653.482146411523,21.955236476906407,24.678838006142133,-0.6763683698906947,7.216529153797834
633,27,441,452.701634046392,466.5698505756964,16.766727186903406,17.280364836136904,6.652618416834023,7.204747011278426
634,24,430,272.48968758599113,290.7252652688209,11.35373698274963,12.113552719534205,7.659165933441926,7.256750374948155
635,25,478,403.87218319599657,449.75547234774103,16.154887327839862,17.990218893909642,5.200993283803069,5.473778764523724
636,10,198,175.55363187820922,157.4280969913656,17.555363187820923,15.742809699136561,5.491202402076212,5.750881325577678
637,35,276,197.73718295641194,191.81228479120193,5.649633798754627,5.480350994034341,1.248789607150223,-0.4181951018336716
638,32,254,194.9205670282127,158.39374793504632,6.091267719631647,4.9498046229701975,0.8810357854751381,-1.6172285870374328
639,43,374,290.79066362705925,257.3692466988162,6.762573572722308,5.985331318577121,1.1356375581352998,-1.7700654571200807
641,12,22,69.58145748511582,32.35619416731693,5.798454790426319,2.6963495139430775,5.798454790426319,2.6100445403101062
643,34,51,140.85968847380335,36.23231496735432,4.1429320139353925,1.0656563225692448,4.1429320139353925,0.7985314869837579
644,31,152,217.05229218710434,129.76442926261927,7.001686844745302,4.185949331052234,4.761574048999854,1.1249529772349376
645,20,1495,1305.5577537839804,1145.7860199866827,65.27788768919902,57.28930099933414,12.807577588845566,-15.525950527567096
648,3,270,343.37820301859006,401.8921951962387,114.45940100619669,133.96406506541288,-46.14467204026644,-33.85841138238254
649,23,109,95.97154644038226,74.37499385552192,4.172675932190533,3.2336953850226924,2.155939636786846,0.47455998813131295
650,18,43,58.572776250837066,21.600788838718458,3.2540431250465036,1.2000438243732476,3.2540431250465036,0.20563225777842822
651,1,5,10.858392028877834,6.3592455003907915,10.858392028877834,6.3592455003907915,10.858392028877834,6.3592455003907915
652,1,48,10.22409275776591,3.5587593649045175,10.22409275776591,3.5587593649045175,-10.22409275776591,-3.5587593649045175
653,2,96,36.07068764395778,30.079580855359637,18.03534382197889,15.039790427679819,-18.03534382197889,-15.039790427679819
655,12,101,146.98777239256518,113.44269099658369,12.248981032713765,9.45355758304864,8.279703419867039,3.401446763902953
656,19,238,195.28664328574942,190.29891407728792,10.278244383460496,10.015732319857259,-2.7574969257656514,-5.981053541845154
657,15,106,95.86697785256266,81.39903129429945,6.39113185683751,5.42660208628663,2.5761394685128662,1.7988123962961884
658,26,269,206.46662437888443,245.27170630744976,7.941024014572478,9.433527165671144,2.0594870554982974,3.600775156911953
659,15,159,58.244418444288485,61.9594913291078,3.8829612296192324,4.1306327552738535,2.0963537969573016,2.2224778004597
660,26,119,158.2415364374594,116.10503005579268,6.086212939902284,4.465578079068949,2.7201277298541746,0.6371007739587836
661,39,936,743.6069648232931,755.3314340728332,19.06684525187931,19.367472668534184,-9.703982389310587,-8.76588503751542
662,44,605,393.63478690185826,374.33883190246144,8.946245156860416,8.507700725055942,-1.3289466321153331,-2.997824387643383
663,8,154,104.2479917120941,110.8271324499199,13.030998964011763,13.853391556239988,4.958555432118244,6.138335747088089
664,25,267,225.80175877150745,227.26452185083252,9.032070350860298,9.0905808740333,0.9884424231592616,-0.024510888636354197
665,17,287,189.57457700392698,186.69168858716301,11.151445706113352,10.981864034539,-2.410561839021163,-2.2226258596463966
666,48,1876,1665.0707458570105,1563.7030018660078,34.68897387202105,32.5771458722085,-16.872829990533486,-16.717394917412225
667,23,671,532.4606560076897,502.0916251050255,23.150463304682162,21.83007065674024,-13.962586135306656,-10.370278449274252
668,4,5,58.850723901485466,46.352740106081406,14.712680975371367,11.588185026520351,14.712680975371367,11.588185026520351
669,4,19,10.149374092209204,9.472000981186598,2.537343523052301,2.3680002452966495,2.537343523052301,1.6629215862322133
670,6,11,22.857592083612353,7.9166890969906625,3.809598680602059,1.319448182831777,3.809598680602059,1.0685072536760583
672,14,123,133.0666946648904,149.55924845030003,9.504763904635029,10.682803460735716,7.48740642807667,7.272544388307616
673,1,3,15.100851780889357,15.726959961678052,15.100851780889357,15.726959961678052,15.100851780889357,15.726959961678052
674,25,215,176.8469939023824,145.01522993396225,7.0738797560952955,5.80060919735849,4.182875932031823,-0.4895020730377753
675,30,326,212.91402863126854,205.89838128444052,7.097134287708951,6.863279376148017,2.453076501608511,0.7725549949356275
677,47,463,385.86638174626535,361.61340519989767,8.209923015877987,7.693902238295695,-1.2922376555595616,-3.618020527472473
681,24,71,92.57840767644404,74.29250038943634,3.8574336531851685,3.0955208495598474,3.073274743578511,1.2248736818309323
682,27,177,372.86610722751146,287.97802566029446,13.809855823241165,10.665852802233129,12.053985351128096,8.080598299950319
683,49,283,294.88103731172816,235.63733795603065,6.017980353300575,4.8089252644087885,2.310655487375199,-0.007807618808201126
684,31,147,155.92785292449182,128.9878210131902,5.029930739499736,4.160897452038394,1.5011726800550644,-0.7132255288261055
685,34,313,452.5737655814834,413.25773341221736,13.310993105337747,12.154639218006393,10.800608324000233,8.603603432120009
687,62,2138,1956.640118992731,1885.0453873042586,31.558711596656952,30.403957859746107,7.583019842476287,5.396011868677713
688,54,1140,1128.2216689654074,1117.7433136181703,20.892993869729768,20.69895025218834,7.941260076985173,7.706600869874756
689,66,2031,1781.8282636894937,1926.6914309569383,26.9973979346893,29.19229440843846,3.985149762169915,5.827119715164303
690,65,2171,1673.9577008254644,1846.2303895575699,25.753195397314837,28.403544454731843,2.9935959838365096,7.377525613331914
691,62,1820,1697.6501811079097,1655.506211756081,27.381454533998543,26.701713092840016,3.354162644238931,1.8033267278556588
692,21,96,61.59499303241269,57.6879326949977,2.933094906305366,2.7470444140475094,1.255737431229085,0.6528633018727801
695,3,14,19.53946900610691,20.76995268739583,6.513156335368969,6.923317562465276,5.124111560615565,6.923317562465276
696,9,30,105.12006374044485,65.35071341753792,11.68000708227165,7.261190379726435,10.409124627790183,4.551697477942671
699,8,16,29.857592083612353,20.65420993845757,3.732199010451544,2.581776242307196,3.6429320139353925,2.3269991913991532
700,39,673,644.3820122417719,637.7366640085673,16.52261569850697,16.352222154065828,4.426775656163663,3.6217021988698073
701,40,1039,934.0862141207651,939.2436235256606,23.35215535301913,23.481090588141516,-2.6768978660834377,-3.860694399023629
702,6,10,23.857592083612353,11.964118367855763,3.9762653472687255,1.9940197279759604,3.9762653472687255,0.9865408765951953
703,2,6,5.285864027870785,1.6684679863510201,2.6429320139353925,0.8342339931755101,2.6429320139353925,0.3256131509555873
704,15,33,59.955806282162065,40.08942726270854,3.997053752144138,2.6726284841805694,3.501835622526909,1.029045231296702
705,19,49,58.21570826477246,25.704693963635442,3.06398464551434,1.3528786296650233,3.06398464551434,-0.14275856926841743
706,64,858,587.9437495553238,573.8103052440927,9.186621086801935,8.965786019438948,-1.505359540731803,-0.7989570859644809
707,60,224,161.59486355891204,111.99970588650147,2.6932477259818675,1.8666617647750245,1.9385182653538706,-0.5271209122727001
708,63,767,651.0237264452904,625.4130689603729,10.33370994357604,9.92719157079957,-0.30288375275888924,-2.6695549609238047
709,23,309,243.79799138413682,266.94322529812234,10.599912668875515,11.606227186874884,-0.9254902541364901,0.5731061912162193
710,41,451,272.0773292641927,288.52413418655277,6.636032421077871,7.037174004550067,3.0061763668568497,3.480440057974051
711,50,650,458.7601852872353,441.7351054550313,9.175203705744705,8.834702109100625,1.3392715564828115,0.6887859239507556
712,71,1365,1143.2988428527326,1139.6552689034304,16.102800603559615,16.051482660611697,0.9934461339378163,1.393655362662575
713,37,384,370.8846232015087,377.77908698907504,10.023908735175912,10.210245594299325,-0.540523234404946,-0.973264737668917
714,58,590,433.551914338911,395.59302817742235,7.475033005843293,6.820569451334868,0.12945503614950568,-2.01363227938902
715,50,1192,1211.5387731924384,1169.7221699958636,24.23077546384877,23.39444339991727,-6.873147738014841,-9.050528010885511
716,43,706,799.7685534465359,773.6575112899465,18.59926868480316,17.992035146277825,-2.1170754155346576,-2.647114380559492
717,65,1603,1643.3498792149226,1484.5699120689465,25.282305834075732,22.83953710875302,-5.668671705476071,-9.435617556804456
718,52,1064,1142.4443494573156,1077.4836153850556,21.970083643409914,20.720838757404916,-3.748327422792514,-6.063041100799764
719,69,784,627.796798247444,592.3362054284946,9.098504322426725,8.584582687369487,-0.15449144339507995,-1.8666065333310107
720,37,301,266.22897448987055,254.4512052807288,7.19537768891542,6.877059602181859,4.489096838109877,3.7818406879167665
724,54,576,441.2451285208304,493.03303241617505,8.171206083719081,9.130241341040279,1.6689540525477573,3.883990514642141
725,44,166,139.2502440565606,99.71545296830365,3.164778274012741,2.266260294734174,2.0070133847841447,0.24003185057651646
726,43,177,196.0897795182662,150.33552046169098,4.560227430657354,3.49617489445793,3.2173784423089855,0.814259375684039
727,44,226,212.0708289806227,160.21321966144998,4.819791567741425,3.641209537760227,1.969325392415751,-0.8009383064325285
730,12,54,91.89150882965899,64.53109643877472,7.657625735804916,5.377591369897893,7.567765804127454,4.068261224244452
731,9,63,52.11053231022801,36.291889572169424,5.79005914558089,4.032432174685492,5.687473779951276,2.0096448969378398
732,1,2,5.414162530688999,1.1740538454664247,5.414162530688999,1.1740538454664247,5.414162530688999,1.1740538454664247
733,11,12,63.296221045485765,36.099328111554506,5.7542019132259785,3.2817571010504096,5.7542019132259785,3.2817571010504096
734,9,14,47.473308989947206,27.341855796917866,5.274812109994134,3.0379839774353186,5.274812109994134,2.801127697036277
735,9,15,52.36909066234796,30.001313348094676,5.8187878513719955,3.3334792608994084,5.8187878513719955,3.2101704738200016
738,70,3522,3314.1065767629416,3119.754600157158,47.34437966804202,44.56792285938798,-1.9785720594102068,-11.221484791656943
739,3,806,586.8136537020634,586.2214357640925,195.60455123402116,195.4071452546975,-184.3953198273321,-176.2483428649308
740,13,133,79.22012464625774,88.96740822541798,6.0938557420198265,6.8436467865706145,1.4337512203500813,-1.9692070268902255
741,38,118,103.85968847380335,48.98490943161758,2.7331496966790354,1.2890765639899364,2.5376688560406557,-0.28509826072468797
742,16,190,199.37528330406758,199.78854362248168,12.460955206504224,12.486783976405105,0.3475217589244308,0.10817290054149109
743,14,86,222.81521088470123,169.52853533005768,15.915372206050089,12.10918109500412,11.431591701827218,7.51567915533885
744,41,437,371.50217179651315,354.1369636781349,9.061028580402759,8.637486918978901,2.3303049662801647,-0.8398144353007226
745,32,293,304.1160952610987,324.37973416830937,9.503627976909334,10.136866692759668,2.786671436289488,3.241874998363426
746,77,3172,1749.4197949926106,1775.2336522243281,22.719737597306633,23.054982496419846,-10.244468203662901,-14.839011698660473
747,4,6,16.57172805574157,5.336091365121254,4.1429320139353925,1.3340228412803135,4.1429320139353925,0.7952058919612486
748,60,1322,1324.9459746946766,1150.4619734321593,22.082432911577943,19.17436622386932,-1.374128614989535,-5.167123911563252
749,29,1068,521.3298158075461,622.5764798671187,17.97689020026021,21.468154478176505,0.7021417454465922,6.493168446003805
750,12,216,121.72100434887152,140.3522979605338,10.143417029072626,11.696024830044484,5.662638368903033,7.087476849603619
751,16,636,409.56583015137545,437.71749640848043,25.597864384460966,27.357343525530027,-0.49156415402913467,6.123785682877594
753,74,2860,1686.5626291647156,1637.9675500526203,22.791386880604264,22.134696622332704,-8.80325528266697,-9.111894253061191
754,72,1973,1175.4860838123197,1197.6849374413812,16.32619560850444,16.634513020019185,-4.263750489001096,-4.181179070202281
755,71,2642,1550.912180706248,1589.28916557319,21.843833531073916,22.384354444692818,-7.9983184660791045,-9.793119476711961
756,26,1709,1540.568842178246,1544.1045295294518,59.25264777608639,59.38863575113276,-28.39517348680328,-28.692251629688407
757,15,71,62.397698723928,69.086495169823,4.1598465815952,4.6057663446548665,2.038729247452277,2.52976195263494
759,56,1508,937.1618094689426,1012.818372480619,16.735032311945403,18.08604236572534,0.737849942866404,3.485397622185409
760,56,1273,870.8190136569269,881.9050960114645,15.550339529587982,15.748305285919008,1.2001901103717443,1.9487109339879873
762,28,486,290.7601731042105,289.4310529357735,10.384291896578945,10.336823319134767,1.1658988466763405,1.9808737709098152
763,65,4989,3871.1664230591505,3796.383403022189,59.556406508602315,58.40589850803368,-26.944255376744568,-30.878299052140832
764,40,1614,1573.3792429971897,1604.895987246329,39.33448107492974,40.12239968115823,-5.62715289992615,-3.320379684033545
765,69,1277,1096.3813643617,1077.7250237626893,15.889584990749276,15.619203242937525,-2.384636392938359,-3.7391690528960124
766,59,501,420.0158246076398,401.444324936192,7.11891228148542,6.804141100613424,0.12601484446953928,-1.605112603581774
767,47,870,790.8717452040706,790.0120219697311,16.827058408597246,16.808766424887896,-2.490210984751684,-2.2493732552891177
768,34,2651,1740.2077263629317,1685.8840736760822,51.18258018714505,49.58482569635536,-33.589106221480115,-33.17908567899529
769,51,1749,1194.175792715959,1228.8161586252627,23.41521162188155,24.09443448284829,2.0250902528521637,1.988576448019079
771,42,1458,1267.137314277862,1405.7469917118838,30.16993605423481,33.470166469330564,-0.5159962820704868,2.1751575428637104
772,37,794,1017.3329579789458,1047.838985928872,27.49548535078232,28.31997259267222,8.373782478063292,8.383562227063988
773,59,6229,5467.648799351858,5221.782238528449,92.67201354833657,88.50478370387202,-31.632054048936944,-60.40241874794957
774,62,1187,958.2125432718937,774.3902219014315,15.455041020514413,12.490164869377926,9.139136084234948,4.77787964534308
776,62,1162,774.8753277384764,782.5423017503656,12.4979891570722,12.621650028231704,1.5492584329058212,1.6569461209495548
777,57,977,575.2697480747773,569.3855024993953,10.092451720610129,9.989219342094655,2.7958911943346147,2.294002391239865
778,69,2894,1747.1306315563022,1760.144190680677,25.320733790671046,25.509336096821404,-13.039378565670818,-10.082225402004424
780,42,1261,677.618204398289,667.2372556542824,16.133766771387833,15.886601325101962,5.4275880266867595,5.63448955226906
781,47,2281,2778.4939863810137,2937.9885245977034,59.11689332725561,62.51039414037667,-12.204204972717577,-8.744811463674289
782,8,205,156.69041973373544,146.0258350811257,19.58630246671693,18.253229385140713,1.9309668578988353,1.4476019635375685
783,43,716,642.4516670217562,614.9467133635476,14.940736442366422,14.301086357291805,3.617070755936227,2.956827862259618
784,44,637,513.2915183652391,555.762895471514,11.665716326482707,12.630974897079863,5.176457295087617,5.566919554476351
785,21,567,322.0769495661855,328.3834469001862,15.336997598389784,15.637306995246961,3.2054504906542935,6.468390020200597
786,27,1947,1701.877947319913,1664.5616698073595,63.03251656740418,61.65043221508739,10.245781208380732,6.0092835766196675
787,27,747,484.91400015252475,515.7559163508517,17.959777783426844,19.10207097595747,3.583736456763221,7.931873051100301
788,5,19,31.888303966507948,25.79331355503391,6.377660793301589,5.158662711006782,4.608726661757356,2.473215321384306
789,12,40,40.853356789508155,30.75210646189238,3.4044463991256797,2.562675538491032,3.4044463991256797,2.1522969155725598
790,14,52,60.17338839514423,39.11711712663656,4.298099171081731,2.794079794759754,3.8543491096339184,1.6703804031305223
791,10,36,65.52520243294276,37.32985316419298,6.552520243294277,3.732985316419298,6.122626693020175,2.2698439033450137
792,17,22,73.92984423690167,31.066377782092722,4.348814366876569,1.8274339871819247,4.348814366876569,1.2200437286320536
793,4,7,15.57172805574157,6.3028884322465615,3.8929320139353925,1.5757221080616404,3.8929320139353925,1.0134175432120287
794,17,38,71.97422603286437,71.16492792717953,4.233778001933198,4.186172231010561,4.191770003572656,4.026605676848091
795,35,337,290.07964172047406,222.00326766764508,8.287989763442116,6.342950504789859,3.9783022747816736,-0.32701055038679083
796,6,199,177.39961016054386,179.0150506622775,29.566601693423976,29.83584177704625,-26.923669679488583,-29.645420298085156
797,16,552,340.57544136321087,402.53665940345206,21.28596508520068,25.158541212715754,5.595703120329448,13.16398650631482
798,19,65,85.75026699722864,69.49778678665022,4.51317194722256,3.657778251928959,2.4127169920742606,0.8451467712206512
799,23,167,167.6501382195913,207.1917987749211,7.289136444330056,9.008339077170483,4.50053702627788,6.873164887309018
800,40,1058,968.9970208103447,951.2270913651195,24.224925520258616,23.780677284127986,-4.316348464706087,-5.864788748345903
801,13,36,88.9225382556186,68.03884349553638,6.840195250432201,5.2337571919643375,6.840195250432201,5.2337571919643375
802,11,116,88.93112583664553,88.90686626344734,8.084647803331412,8.082442387586122,2.3096290559149626,1.9541973944400814
803,74,355,216.04990067004746,182.61604289831143,2.919593252297939,2.467784363490695,1.1541081247220937,-0.5733557136396128
806,10,87,52.123076175000165,47.09734988182137,5.2123076175000165,4.709734988182137,2.47506791525324,-0.9267871811342345
807,13,1587,1170.6292744264383,1161.8088789050896,90.04840572511064,89.36991376192996,-63.72447831800786,-66.95768803101869
808,52,1270,957.2853301251866,915.7118904976527,18.409333271638204,17.609844048031782,-1.6137214984789596,-2.8938608427775963
809,36,2451,1507.530669189184,1559.1020620686902,41.87585192192178,43.30839061301917,-26.665742978819505,-25.24282107775317
810,2,60,45.468884683351995,52.293257045331984,22.734442341675997,26.146628522665992,-6.666979814309251,-6.716460852469297
811,1,6,12.100851780889357,6.411643080300241,12.100851780889357,6.411643080300241,12.100851780889357,6.411643080300241
812,1,2,16.598577844014752,13.060826593178932,16.598577844014752,13.060826593178932,16.598577844014752,13.060826593178932
813,14,103,96.10548281534123,80.4150902375446,6.864677343952946,5.743935016967471,0.4210044306047033,-1.5544647855987126
815,13,101,78.87785071013218,69.30839376003088,6.067526977702475,5.33141490461776,-0.7487237823633404,-1.7155822895853985
816,66,797,545.0419883633874,570.115780377848,8.25821194489981,8.638117884512848,-0.5108615933937236,-0.3593878385715682
818,50,217,225.35840904746286,210.35878870593743,4.507168180949257,4.207175774118749,2.7884939693772206,1.639003385014391
823,1,4,1.6429320139353925,1.4559688988746515,1.6429320139353925,1.4559688988746515,1.6429320139353925,1.4559688988746515
824,2,6,5.285864027870785,4.989051466051624,2.6429320139353925,2.494525733025812,2.6429320139353925,0.3870823769936447
825,3,26,7.364020314054577,5.317642104011586,2.4546734380181925,1.7725473680038621,0.5722870490797266,-0.8043493290030561
826,3,34,43.759585919079356,44.602203885082325,14.58652863969312,14.867401295027442,-1.7735496909460657,2.322294441483512
827,47,1195,998.4681210734958,968.7764778795076,21.244002576031825,20.612265486798034,6.041454636607569,4.925619945854227
828,5,20,33.85496050529288,55.88828793435147,6.770992101058576,11.177657586870293,6.770992101058576,11.177657586870293
831,8,19,40.89999131315524,13.180883974279,5.112498914144405,1.647610496784875,5.112498914144405,1.478902892674342
832,8,55,74.2674143888232,67.23774880495408,9.2834267986029,8.40471860061926,2.0861080038891577,-0.27869013648863006
833,63,2029,1712.3854427211036,1914.6837559156847,27.18072131303339,30.391805649455314,1.8154843995584284,8.505615902240379
834,11,195,125.3283232432058,129.18547343464775,11.393483931200528,11.744133948604341,-5.8370136175141605,-9.799499956521935
835,28,334,349.13249787503213,294.207992591512,12.469017781251148,10.507428306839714,9.478428090506146,6.993797352439314
837,52,174,132.9501303102112,78.00269036709622,2.556733275196369,1.5000517378287734,2.309492046571045,-0.21818187719967772
838,39,960,761.7694146063851,722.7822237891733,19.532549092471413,18.532877533055725,-7.675805922447876,-11.16785378482063
839,9,520,521.1660722694037,521.6547201729929,57.90734136326708,57.96163557477699,-44.207479405320846,-45.131311369046905
840,36,821,801.5409178712993,746.055129443649,22.26502549642498,20.723753595656916,-6.708332982158974,-10.499150132927745
841,31,691,594.4594381445237,579.9979798859564,19.17611090788786,18.70961225438569,-9.645389475356534,-12.110367702652601
842,38,892,755.2644132238462,698.039853613287,19.87537929536437,18.36946983192861,-8.095879170018168,-12.001841919003196
843,8,49,61.866116984736806,59.06451533208482,7.733264623092101,7.383064416510602,5.8678182357331945,4.2377285176921955
844,15,83,80.64623851318275,57.63381711006543,5.37641590087885,3.842254474004362,4.738746674166601,2.270706235037697
845,47,2280,2669.317816107681,3257.7757199023285,56.793996087397474,69.31437701919847,26.083619456247263,46.50983919596985
846,44,1579,1851.2087740312886,1570.4066293346727,42.072926682529285,35.6910597576062,2.707905344539104,-7.769831912688274
847,18,996,887.1896588069573,882.9888598764278,49.288314378164294,49.05493665980154,-24.00908866084029,-25.140968959375375
848,2,3,11.379430049759033,1.7023595233125732,5.689715024879517,0.8511797616562866,5.689715024879517,0.8511797616562866
849,31,349,608.7249311846106,442.85304571423814,19.636288102729374,14.285582119814134,17.7605231622784,10.720750063983848
850,3,40,51.69252258440443,42.41478340922686,17.230840861468142,14.138261136408952,2.345798991192277,-0.6449345419331239
851,10,126,133.62875095664958,100.43232173041032,13.362875095664958,10.043232173041032,-2.0157543070907673,-6.026231764945453
852,15,113,142.94132524504698,95.21742264934828,9.529421683003132,6.347828176623219,6.758181458516535,2.434376827284112
853,6,9,35.65282713174802,30.172340857706683,5.942137855291336,5.028723476284447,5.942137855291336,5.028723476284447
854,17,44,83.36633302285102,19.859070446576297,4.9039019425206485,1.168180614504488,4.9039019425206485,0.7608277915004421
855,2,2,9.285864027870785,3.0200426408684287,4.6429320139353925,1.5100213204342143,4.6429320139353925,1.5100213204342143
857,61,4368,3919.3533873394485,3646.5600482836153,64.25169487441718,59.77967292268222,-6.916717346787255,-16.688049361843976
860,2,5,6.285864027870785,0.5886525396047357,3.1429320139353925,0.29432626980236787,3.1429320139353925,0.054103831409499925
861,1,1,4.6429320139353925,5.139647265013618,4.6429320139353925,5.139647265013618,4.6429320139353925,5.139647265013618
862,1,2,3.6429320139353925,2.853591117251657,3.6429320139353925,2.853591117251657,3.6429320139353925,2.853591117251657
863,3,5,11.928796041806176,12.283444110558563,3.9762653472687255,4.0944813701861875,3.9762653472687255,4.0944813701861875
864,1,4,1.6429320139353925,2.560741629933794,1.6429320139353925,2.560741629933794,1.6429320139353925,-2.560741629933794
866,23,175,218.80313945833285,200.0627175989287,9.513179976449255,8.69837902604038,1.4319739235772604,-0.09815121214748486
867,47,925,762.2092493623611,741.0748602828369,16.217218071539598,15.767550218783763,-2.3531527950575786,-4.6668745059133085
868,5,45,38.35872727736464,59.8106691290262,7.671745455472928,11.96213382580524,7.671745455472928,11.96213382580524
869,10,32,46.602224095353996,48.97186565161719,4.6602224095353995,4.89718656516172,4.2458448776098745,3.3840106581407796
870,2,4,8.016800766281715,6.891783358853727,4.008400383140858,3.4458916794268637,4.008400383140858,3.4458916794268637
871,27,71,100.24867749658188,79.9924919104019,3.7129139813548844,2.9626848855704404,3.5816945048965927,2.2279446073334275
872,1,1,4.6429320139353925,3.60800091353879,4.6429320139353925,3.60800091353879,4.6429320139353925,3.60800091353879
873,32,182,220.48888909779538,175.2388270925835,6.890277784306106,5.476213346643235,1.6221719629961222,-0.7251732456468731
874,42,917,763.868591108445,659.9460353002235,18.18734740734393,15.713000840481511,8.286879788947228,3.4113383735987206
876,1,1,14.858392028877834,5.499678129062854,14.858392028877834,5.499678129062854,14.858392028877834,5.499678129062854
877,1,3,2.6429320139353925,2.8261607897655736,2.6429320139353925,2.8261607897655736,2.6429320139353925,2.8261607897655736
878,2,3,8.285864027870785,3.4993544141472785,4.1429320139353925,1.7496772070736393,4.1429320139353925,1.7496772070736393
879,12,35,84.39136482578394,61.58985624237396,7.032613735481995,5.1324880201978305,5.974845995445328,3.758056394296671
880,1,2,3.6429320139353925,1.860934742919854,3.6429320139353925,1.860934742919854,3.6429320139353925,1.860934742919854
881,2,3,8.285864027870785,4.3010060415904245,4.1429320139353925,2.1505030207952123,4.1429320139353925,2.1505030207952123
882,3,25,17.57846336311774,18.334016133281708,5.8594877877059135,6.111338711093903,4.3572963999677095,0.7884817503340423
883,32,97,102.60883557880123,42.366473367903325,3.2065261118375386,1.323952292746979,3.0199617573084967,0.3489739885607848
884,2,24,5.0743690782128,8.717486608042629,2.5371845391064,4.358743304021314,-1.9669200984308364,-4.358743304021314
885,29,220,232.26229169221938,225.64315460088494,8.009044541111013,7.780798434513274,3.220971211770177,2.4660688312177332
886,2,15,10.925949436003165,9.197973658464639,5.462974718001583,4.598986829232319,1.8934332324464904,2.5765825930589417
888,2,57,83.43999019150485,85.7569573745617,41.719995095752424,42.87847868728085,4.318572939767183,1.6497036663455802
889,67,1549,2344.0167545677486,2753.253525210126,34.98532469504102,41.09333619716606,9.574191068873956,13.970410378845077
890,10,121,90.66934357971054,88.25142348465072,9.066934357971054,8.825142348465072,-4.573108287583022,-6.502040516562255
891,15,477,428.2894429162085,411.3351741665526,28.552629527747232,27.422344944436837,-21.049672897803884,-22.70746012526866
892,1,2,6.447646656765857,4.152102789049243,6.447646656765857,4.152102789049243,6.447646656765857,4.152102789049243
894,60,659,642.1717097959252,615.433938127624,10.702861829932086,10.257232302127067,-1.2930112578539168,-3.194373028092722
896,13,24,50.492511267522445,28.02702089083958,3.8840393282709575,2.155924683910737,3.8840393282709575,1.965225688428084
899,1,1,17.100851780889357,11.554702087690572,17.100851780889357,11.554702087690572,17.100851780889357,11.554702087690572
901,3,18,0.24495888772091767,1.9379193072752692,0.08165296257363923,0.6459731024250898,-0.0029842504747398615,-0.4107683144474888
904,4,19,29.987640000170646,15.378436766388775,7.496910000042662,3.844609191597194,5.226851252063273,1.582033805824714
906,3,3,13.928796041806176,13.135840406810273,4.6429320139353925,4.3786134689367575,4.6429320139353925,4.3786134689367575
907,9,72,86.46597001884427,94.27286526469291,9.607330002093809,10.474762807188101,0.5122789283185196,1.5208424459686976
908,3,9,8.856770837559594,5.521092837725416,2.952256945853198,1.8403642792418051,2.952256945853198,1.506275771603845
909,2,5,6.285864027870785,3.0424963711822617,3.1429320139353925,1.5212481855911308,3.1429320139353925,1.3038233182761596
910,8,90,96.24267730200424,84.6210959855655,12.03033466275053,10.577636998195688,-0.4816128577691461,-1.991310738310025
911,1,12,3.121788520976976,8.04506512911826,3.121788520976976,8.04506512911826,3.121788520976976,8.04506512911826
912,11,468,103.83078339981444,134.87800236972566,9.439162127255857,12.26163657906597,-7.717500217341692,-0.8485110101842149
913,5,252,97.99354950283532,100.92566555013848,19.598709900567066,20.185133110027696,-12.373998720958053,-9.186253518809782
915,8,70,74.63846504828436,49.04954298226051,9.329808131035545,6.131192872782564,9.329808131035545,3.873269875198954
917,24,39,96.43036833444941,39.96806245274068,4.0179320139353925,1.6653359355308617,4.0179320139353925,1.3763198405498749
918,31,582,455.25413233675204,466.58799634204405,14.685617172153291,15.051225688453034,-1.0753594290342243,-0.43453349434332605
919,9,101,59.58246999463037,63.84955920875963,6.620274443847819,7.094395467639959,-1.3498991209331979,-2.8518873630799906
921,62,211,272.3979766640299,123.80230278571692,4.393515752645643,1.9968113352534986,3.9854767529535944,0.08383497516029727
922,4,9,21.707264147813078,9.719234465825252,5.426816036953269,2.429808616456313,5.426816036953269,2.429808616456313
923,15,34,51.3581161811601,48.95561409804106,3.42387441207734,3.263707606536071,3.376265347268726,3.107353515394884
925,35,305,385.39387485661007,290.63715539502243,11.011253567331716,8.30391872557207,7.896917419997773,3.12938289268514
927,12,32,51.65227995115531,29.693491885008243,4.304356662596276,2.47445765708402,3.2448453315855077,0.8179273216120829
928,2,6,60.143075449268544,35.531159103409685,30.071537724634272,17.765579551704842,30.071537724634272,17.765579551704842
929,13,154,134.2979142803304,140.89084619898796,10.330608790794646,10.83775739992215,-2.5719889861911884,-1.6331248460084802
931,10,67,146.52462214802122,148.45613198854343,14.652462214802123,14.845613198854343,14.652462214802123,14.845613198854343
934,29,80,101.14986383713976,52.00755523459675,3.487926339211716,1.7933639736067846,2.931291583474211,0.15093715944979838
935,14,342,217.97871910900568,207.40427285555333,15.56990850778612,14.81459091825381,-0.7162563409406132,-2.2022134731366907
936,28,254,287.3504352391307,204.263140955813,10.262515544254668,7.295112176993321,7.973282280509328,2.2045196175677564
937,13,38,49.8732716660307,36.0637522755452,3.8364055127715924,2.7741347904265536,2.748527980741774,0.4645870362989234
938,11,80,57.955042648769464,51.07712951790109,5.268640240797224,4.643375410718281,4.578310096813083,4.147004541324255
939,4,27,31.262233361522448,25.40830460189627,7.815558340380612,6.352076150474067,2.483359367932716,0.006509490545654639
940,6,26,80.160373422889,62.603793857269245,13.360062237148165,10.433965642878208,13.360062237148165,10.433965642878208
941,2,13,12.468651188866662,10.826680655195593,6.234325594433331,5.413340327597797,4.6231506345498,5.0516879898013345
942,1,6,12.100851780889357,6.411643080300241,12.100851780889357,6.411643080300241,12.100851780889357,6.411643080300241
943,14,39,56.12365640352744,38.06282550324761,4.00883260025196,2.718773250231972,3.9056597472492385,1.617331874354088
944,8,34,34.21896006592393,21.230142063007285,4.277370008240491,2.6537677578759107,3.25080740070682,1.3534036174121462
945,9,31,44.85527627842125,40.1050962087157,4.98391958649125,4.456121800968411,2.4601267006991154,1.089881018945934
947,11,250,175.38666200379444,165.62050986911316,15.94424200034495,15.056409988101196,-6.547180699887141,-7.892162562808323
948,9,122,125.2744197091915,154.2852806573748,13.919379967687945,17.142808961930534,12.307418566195935,17.129196637599247
950,14,164,199.6239966944706,185.7918849534759,14.2588569067479,13.270848925248277,10.353030395333944,9.449054762221953
951,13,236,170.78909007677964,169.2534827574732,13.137622313598435,13.019498673651784,-1.3940686283785593,-3.3624815614129884
952,9,63,60.24418432818041,66.32785556202836,6.693798258686712,7.369761729114263,3.344040577393174,1.5514975962057957
953,1,1,4.6429320139353925,1.7542971499386137,4.6429320139353925,1.7542971499386137,4.6429320139353925,1.7542971499386137
954,43,1222,931.722474339054,1056.8994741769013,21.667964519512882,24.579057538997706,9.553254355488209,14.158706596479961
955,2,4,7.285864027870785,2.9300389015836306,3.6429320139353925,1.4650194507918153,3.6429320139353925,1.4650194507918153
957,2,32,5.498636279202376,10.941840268796724,2.749318139601188,5.470920134398362,-2.749318139601188,-5.470920134398362
961,13,329,459.2280449038121,488.68977215334274,35.32523422337016,37.59152093487252,16.831345915258048,21.585896044585947
962,1,3,10.467099768083012,7.514735685170283,10.467099768083012,7.514735685170283,10.467099768083012,7.514735685170283
963,12,226,291.04061800125453,299.8797280632696,24.253384833437877,24.9899773386058,8.810014657184118,10.17092698588826
964,18,282,389.76539739201354,339.66540032076034,21.6536331884452,18.870300017820018,11.15188879598596,8.43112109339519
965,18,255,329.7928333919697,321.63605690040515,18.321824077331648,17.868669827800286,3.5037279165475628,2.7376730504478033
966,16,101,113.56096112951415,99.5272258592359,7.097560070594635,6.220451616202244,5.275719565219083,3.310608052088498
968,4,11,14.285864027870785,9.79210676010376,3.5714660069676962,2.44802669002594,2.8929320139353925,1.7249718583121627
969,14,192,204.67839483299304,202.4632588566275,14.619885345213788,14.461661346901964,2.3149913294823903,1.921952621661013
970,11,44,51.12642381475773,40.541207849247186,4.647856710432521,3.6855643499315622,2.816728718033644,2.4041993360975606
971,69,1261,912.063689638521,1046.1295761271317,13.218314342587261,15.161298204741039,1.58836797995108,4.348343681091651
972,66,1386,1012.0972406366196,1087.2853396309722,15.334806676312418,16.474020297438972,0.1686391567325002,1.8799747297209395
973,41,956,806.4582157657419,792.817021179718,19.66971257965224,19.337000516578488,4.954276696929581,7.1467787369377875
975,3,10,20.100851780889357,14.37483997244058,6.700283926963119,4.7916133241468595,6.462238602920048,3.8544918723050663
976,51,286,237.30379972802714,188.92628902333357,4.653015680941709,3.7044370396732074,2.057829966046998,0.1276347325277996
978,3,8,8.928796041806176,5.611469865784658,2.9762653472687255,1.8704899552615526,2.9762653472687255,1.005477847963239
979,40,113,120.85968847380335,58.23682819400179,3.0214922118450835,1.4559207048500447,2.8179320139353927,0.30858554315825676
980,15,33,68.88121796596639,16.695229764113627,4.592081197731092,1.1130153176075752,4.592081197731092,0.5688768280718938
981,1,1,4.6429320139353925,0.39123950235421034,4.6429320139353925,0.39123950235421034,4.6429320139353925,0.39123950235421034
982,3,4,12.928796041806176,7.615652325610503,4.3095986806020585,2.538550775203501,4.3095986806020585,2.538550775203501
983,2,2,9.285864027870785,6.0304160264277,4.6429320139353925,3.01520801321385,4.6429320139353925,3.01520801321385
984,2,7,8.431403194460767,6.475794224712882,4.2157015972303835,3.237897112356441,4.2157015972303835,1.5564635568259142
985,1,6,12.100851780889357,6.411643080300241,12.100851780889357,6.411643080300241,12.100851780889357,6.411643080300241
986,2,7,8.431403194460767,5.836452881010908,4.2157015972303835,2.918226440505454,4.2157015972303835,2.763611414765985
987,2,7,8.353632073906539,6.133163504731407,4.176816036953269,3.0665817523657033,4.176816036953269,1.3325302003160449
988,1,6,12.100851780889357,6.411643080300241,12.100851780889357,6.411643080300241,12.100851780889357,6.411643080300241
989,2,7,9.285894623240065,5.356215745238382,4.642947311620032,2.678107872619191,4.642947311620032,2.0545794453144532
990,16,203,211.411317076515,198.0666314572636,13.213207317282187,12.379164466078976,-5.4557562396557495,-7.149516320856417
992,1,2,16.598577844014752,13.060826593178932,16.598577844014752,13.060826593178932,16.598577844014752,13.060826593178932
993,1,1,4.6429320139353925,1.324558402967396,4.6429320139353925,1.324558402967396,4.6429320139353925,1.324558402967396
994,2,3,8.285864027870785,6.654362224965329,4.1429320139353925,3.3271811124826645,4.1429320139353925,3.3271811124826645
995,11,528,360.11197451768726,410.65854894291874,32.73745222888066,37.33259535844716,-10.22073793223268,-4.82271439636429
996,2,3,8.285864027870785,9.553701010594896,4.1429320139353925,4.776850505297448,4.1429320139353925,4.776850505297448
997,9,39,36.707624938749035,33.464441727050016,4.078624993194337,3.718271303005557,2.916245207066694,1.421566999826451
998,19,1177,845.128564368641,902.493631388112,44.48045075624427,47.49966480990063,-2.2565779972274016,1.8901749329760371
999,27,274,331.3422550608765,282.4962525954195,12.271935372625055,10.462824170200722,0.9579488595789256,-1.7642259842015475
1000,17,138,70.63616007329655,75.23872824584825,4.155068239605679,4.425807543873426,2.166864984460521,2.5017286569506516
1001,50,356,323.31396850566273,260.5748375748499,6.466279370113255,5.211496751496997,2.3512258820324883,-0.4896134770342757
1002,57,8314,6728.985085579245,6164.810936173843,118.05236992244289,108.15457782761129,-21.77389008634161,-45.15936603152189
1003,29,80,95.86399980926898,58.15569362916716,3.3056551658368614,2.0053687458333505,2.931291583474211,0.7710225069313217
1004,8,17,28.14345611148314,13.18091750030224,3.5179320139353925,1.64761468753778,3.5179320139353925,1.0251985075997534
1005,13,33,40.3581161811601,20.797707483776012,3.1044704754738537,1.5998236525981548,3.1044704754738537,-0.5539166669968814
1006,22,366,404.24339362633043,408.0970736733037,18.374699710287747,18.54986698515017,8.90209890730621,8.154373171931807
1007,14,34,45.715184167224706,25.435082577702048,3.2653702976589076,1.8167916126930035,3.2143605853639636,0.16176760625601347
1008,3,252,325.38169216299764,392.02342037233785,108.46056405433255,130.67447345744594,-40.143508992130585,-25.148002990349482
1009,31,206,208.85254149557315,253.94928109131138,6.737178757921715,8.191912293268109,5.694274444907528,7.281858249740186
1010,23,103,68.36606633799704,64.35196841264849,2.9724376668694363,2.797911670115152,1.1960661934556602,0.27115641595051804
1011,6,13,20.857592083612353,11.97365751835501,3.4762653472687255,1.9956095863925016,3.4762653472687255,0.8388652888504167
1012,19,408,659.0550314352961,669.0397831314145,34.687106917647164,35.21262016481129,8.984733811694033,8.852633351438968
1013,26,69,78.43036833444941,48.197213477259396,3.0165526282480544,1.8537389798945922,2.9890858600892383,0.41018209707313125
1014,11,72,161.58274124245057,177.34143559204227,14.68934011295005,16.12194869018566,11.253131345839025,12.664337597675296
1015,1,6,5.586593973152427,12.237331434951965,5.586593973152427,12.237331434951965,5.586593973152427,12.237331434951965
1016,3,18,39.88052834548069,44.3917498198531,13.293509448493564,14.797249939951035,13.293509448493564,14.797249939951035
1017,21,703,362.517234083383,400.2505542145385,17.262725432542048,19.05955020069231,-1.511940113832866,1.5105423963527316
1022,17,33,73.14530425184411,64.58528692046964,4.30266495599083,3.799134524733508,4.30266495599083,3.783918167858558
1023,22,51,84.59546272294857,80.53936455748726,3.845248305588571,3.660880207158512,3.845248305588571,3.6278709035492396
1024,25,99,126.12556712261936,97.70969928306332,5.045022684904774,3.9083879713225325,2.9654054122663944,1.2414507964640231
1025,49,1269,1557.9577815222067,1359.5524336611422,31.79505676575932,27.745968033900862,0.754028728285802,-5.302268531068037
1026,42,603,533.4426948004512,504.1710169941008,12.701016542867887,12.004071833192876,4.819371268721682,4.8381381076144505
1027,46,573,515.759027556936,477.581543609181,11.212152772976868,10.382207469764804,6.369742528092774,5.8465935367008
1028,16,99,99.85884963672704,100.35656704078251,6.24117810229544,6.272285440048907,4.733339877701516,5.388104519053693
1029,68,2523,2891.815013025409,6181.384411343077,42.52669136802072,90.90271193151584,18.34469601330089,75.33997912949933
1030,64,709,747.2709136114685,781.961461932545,11.676108025179195,12.218147842696016,2.0587482856570736,2.7216935920944394
1031,2,8,15.907324960457714,12.051076811848553,7.953662480228857,6.0255384059242765,7.953662480228857,6.0255384059242765
1032,6,318,435.36599663309005,581.1843970769685,72.56099943884834,96.86406617949474,-13.741037084383208,6.95282795559703
1033,4,26,50.22155071112698,55.44577929175221,12.555387677781745,13.861444822938052,12.555387677781745,13.861444822938052
1034,20,106,103.65699467338699,88.3032108160973,5.182849733669349,4.415160540804865,0.8437763111301144,-0.5329805925584565
1036,58,209,277.31358504038013,105.66644258622317,4.781268707592761,1.8218352170038477,4.615888975360313,-0.3922160226425741
1037,1,6,9.128610577673555,11.541097931536402,9.128610577673555,11.541097931536402,9.128610577673555,11.541097931536402
1038,19,62,103.79391520286072,68.17746025903097,5.462837642255828,3.5882873820542613,4.28257439380642,1.4538177539279
1044,33,640,769.9391920946415,664.6489847487869,23.331490669534592,20.140878325720816,-7.949105991231805,-12.317344678341966
1045,39,378,384.6842040421098,362.0244329732996,9.863697539541278,9.282677768546144,-0.7994228069394749,-2.6420779349345893
1046,33,317,399.6227127205809,318.3089964991538,12.109779173350937,9.645727166641024,3.580193617660284,-0.20300612602306817
1047,14,519,705.2138030926899,599.6999213522329,50.37241450662071,42.835708668016636,-16.62383109400694,-25.96257656646599
1048,48,800,825.1960029701141,721.8023779787516,17.19158339521071,15.03754954122399,-5.056120038489868,-9.15980944514837
1049,42,808,1297.219848193915,864.5100873060777,30.886186861759878,20.583573507287564,4.679095486978328,-9.589287576614604
1050,60,751,799.9619842742643,719.593719258357,13.332699737904404,11.99322865430595,1.6681269597521888,-1.0932662275755318
1051,55,971,1132.8520266277799,1011.9955774026894,20.59730957505054,18.399919589139806,-1.886145188840116,-6.904012448926566
1052,49,431,493.0613839099043,398.59915525076406,10.062477222651108,8.134676637770696,-0.09900788153151303,-2.6405578272424557
1053,21,211,248.48737547516433,229.69480144473465,11.832732165484016,10.937847687844506,-1.3640306923221202,-3.1366125017335387
1054,65,3098,2861.642569034997,2647.8690982746098,44.02527029284611,40.73644766576323,-1.5671918140638585,-7.376657320662483
1055,41,502,528.0717527732521,484.83240273947206,12.8797988481281,11.82518055462127,-1.8328681377822273,-4.237489272461313
1056,21,498,633.201632764883,563.7159834470335,30.152458703089668,26.84361825938255,-9.293290283221982,-14.503638490792929
1057,21,156,198.63049359039738,179.71812543898002,9.458594932876066,8.558005973284763,-0.2682059644292102,-2.282393222231023
1058,62,1109,1439.2272387435075,1114.7322624076676,23.213342560379154,17.979552619478508,1.564585159127274,-4.885437759943961
1059,11,650,877.4889395702966,791.069595314575,79.77172177911787,71.91541775587046,-34.22349989440823,-44.27907948510194
1060,62,725,719.212925049787,629.9040611650396,11.600208468544952,10.159742922016768,5.931420828582923,3.7233765152122262
1061,26,446,449.36475379188545,444.3907257722178,17.283259761226365,17.09195099123915,-5.630986213182826,-7.7556611888830105
1062,59,546,586.8792949989245,529.0026291253786,9.947106694897025,8.966146256362348,0.584750943157711,-1.5324969399128814
1063,36,421,574.9487973907246,457.4764462867098,15.970799927520128,12.707679063519716,-1.653065899623843,-5.55409963170118
1064,64,1147,1459.4426131733744,1283.2627494939625,22.803790830833975,20.050980460843164,0.7972796743550054,-3.7658360047372628
1065,21,167,237.84433123201677,198.76097532465215,11.325920534857941,9.46480834879296,2.0401350018407336,-0.18270409181031266
1066,49,466,390.8785689259546,408.53353264642686,7.977113651550094,8.337419033600549,1.5755444383461934,0.3428802143426137
1068,32,329,367.4042195818922,303.4490618805522,11.481381861934132,9.482783183767257,0.4909766847770522,-2.071686168423642
1069,21,187,215.39624132587142,219.96843708792656,10.256963872660544,10.474687480377455,-1.7741839981524765,-2.131253191144179
1070,48,533,579.9953116330313,507.3778555664658,12.083235659021485,10.570371990968038,-1.2920509542891057,-4.481016074239304
1071,23,88,131.7995685554863,65.62426819656633,5.7304160241515785,2.853229052024623,3.9047951137655903,-0.27775298736000414
1072,15,51,57.816418404435026,139.5204772047614,3.8544278936290017,9.301365146984093,3.8544278936290017,9.301365146984093
1073,53,1014,1138.9019128640832,1067.9359342583334,21.488715337058174,20.1497346086478,-8.338530447515241,-11.718822278214516
1074,13,13,60.3581161811601,18.350016285925058,4.6429320139353925,1.4115397143019275,4.6429320139353925,0.7747177068038967
1077,59,4940,3712.695942259324,3701.9662721664236,62.9270498688021,62.745191053668194,-14.452513587235336,-19.535000448858444
1078,15,1731,1271.8693544596113,1238.6049883318262,84.79129029730741,82.57366588878841,-70.27184020398269,-67.51265998227646
1079,4,100,46.577080262023735,75.64768696716213,11.644270065505934,18.911921741790533,11.644270065505934,18.911921741790533
1080,33,426,364.52420883237323,347.48535953795783,11.046188146435552,10.529859379938117,3.7897046490959543,2.143024556535691
1081,56,994,726.5058249744852,806.1335983312148,12.973318303115807,14.395242827343122,2.7961895923931803,4.22038206856453
1082,29,404,368.3310749737301,387.99909807817414,12.701071550818279,13.37927924407497,2.387177888326149,3.015930738622117
1083,16,236,270.1424485902051,270.7395584677226,16.88390303688782,16.92122240423266,3.017448516035488,6.328914190657988
1084,39,525,447.39823717282286,465.0020443463842,11.471749671098022,11.92312934221498,3.703237531955359,3.61836256395917
1085,41,896,680.0668274995526,720.8390156445854,16.586995792672013,17.581439405965497,1.815756102923113,3.3184637800810646
1086,46,569,482.2789970702135,507.4304463133856,10.484326023265512,11.031096658986643,3.5129801819413746,3.005859694685103
1087,27,221,136.13901882934536,136.27454002503143,5.042185882568346,5.047205186112275,2.7229787733173407,2.7268597934104886
1088,15,207,124.91985526705126,162.86049749499588,8.327990351136751,10.857366499666393,-2.095504338123986,0.5282472528257482
1089,26,233,147.9662714609468,138.1410361082885,5.6910104408056466,5.313116773395711,3.0049179832016475,2.383784238018089
1091,1,6,0.09571214916939486,0.45812535899265505,0.09571214916939486,0.45812535899265505,-0.09571214916939486,-0.45812535899265505
1092,1,6,12.100851780889357,6.411643080300241,12.100851780889357,6.411643080300241,12.100851780889357,6.411643080300241
1093,2,8,5.710998423983749,4.772057666717755,2.8554992119918743,2.3860288333588775,1.9680121274429854,0.7236185138131423
1094,2,2,20.707064706803784,11.392996668436005,10.353532353401892,5.696498334218003,10.353532353401892,5.696498334218003
1096,2,9,16.965625165489847,14.503087402269266,8.482812582744923,7.251543701134633,8.482812582744923,7.251543701134633
1099,2,13,19.072169381370543,10.009439475924257,9.536084690685271,5.004719737962128,9.536084690685271,4.953956472357456
1101,7,42,90.38162719896751,75.03947301737102,12.91166102842393,10.71992471676729,12.91166102842393,10.71992471676729
1103,14,297,293.2586286434359,288.8249847064614,20.94704490310256,20.63035605046153,0.4502942397469281,0.7764392233474465
1104,19,1028,1114.2603972076079,1142.1179129950879,58.64528406355831,60.11146910500462,-17.50651227429243,-7.992189109714721
1105,3,14,36.10823526313194,25.734928595931002,12.03607842104398,8.578309531977,12.03607842104398,8.578309531977
1108,8,157,144.177212558252,140.22982822163226,18.0221515697815,17.528728527704033,-5.654325655449557,-6.83771171151338
1110,2,9,12.560834560104194,8.795287183912603,6.280417280052097,4.397643591956301,6.280417280052097,4.397643591956301
1111,1,3,10.457386588886017,8.384351394063868,10.457386588886017,8.384351394063868,10.457386588886017,8.384351394063868
1112,2,3,8.285864027870785,3.7422195022463303,4.1429320139353925,1.8711097511231651,4.1429320139353925,1.8711097511231651
1113,3,5,47.01000381440218,42.79826966852336,15.670001271467394,14.266089889507787,15.670001271467394,14.266089889507787
1114,12,138,111.7457872909174,103.49018248033848,9.312148940909784,8.62418187336154,6.3259362916385244,5.265015240612697
1115,7,39,78.41025078554445,68.06923222029245,11.201464397934922,9.72417603147035,11.201464397934922,9.299854003528925
1116,4,42,25.346288456176346,22.899792682239788,6.3365721140440865,5.724948170559947,3.153702384721807,1.752494437728335
1118,13,31,67.70212849602432,44.190534558245865,5.207856038155716,3.3992718890958358,5.207856038155716,3.3581233045894336
1119,2,6,5.285864027870785,3.684614528190428,2.6429320139353925,1.842307264095214,2.6429320139353925,1.2426909930084777
1120,11,57,32.28153115748582,28.386546927867705,2.9346846506805293,2.5805951752607004,0.9714344156093078,-0.2680350869888732
1121,56,907,981.8003767908142,876.7222716909281,17.532149585550254,15.655754851623715,-0.29256437888429215,-3.5655812036959813
1122,50,700,813.0542625038858,759.8111262193804,16.261085250077716,15.196222524387608,5.531793400431875,3.8466937947877904
1123,35,187,215.05998567865996,165.84434592968125,6.144571019390284,4.738409883705178,1.9671495468953204,0.22177869801311825
1124,52,545,519.4548894517709,468.09348786057797,9.989517104841749,9.001797843472653,-0.5140446522457869,-2.0066657301402935
1125,12,41,32.14345611148314,21.220892281454624,2.678621342623595,1.7684076901212187,2.226265347268726,0.25162540754296536
1126,20,580,521.9745600313773,483.0557559409103,26.098728001568865,24.152787797045512,-6.483496810873241,-7.182728832016201
1127,14,187,113.2410469680035,116.68910217255643,8.088646212000251,8.334935869468316,4.894120457709819,6.173214205611974
1128,28,784,666.807483029298,640.4863833670571,23.814552965332073,22.87451369168061,1.8041183685422086,0.4595552005660072
1129,21,348,258.1074404159815,270.1027978802944,12.290830495999119,12.862037994299735,3.104108217120649,4.046899952285506
1130,30,587,521.1056125768188,488.5359623446167,17.37018708589396,16.28453207815389,6.343159495428309,5.804873868955226
1131,25,430,313.81777284683193,295.7782006387991,12.552710913873277,11.831128025551964,3.5691704624381773,2.6360169229712973
1132,34,110,143.6538363172393,137.04608111822856,4.225112832859979,4.030767091712605,3.644062707420601,3.260022231718188
1133,35,174,155.90781825812354,115.90354475857609,4.454509093089244,3.311529850245031,3.4061525922028038,1.5067921770065276
1134,27,123,93.25463200610822,92.03793265940205,3.4538752594854896,3.408812320718594,2.354557845656375,1.8679630339894315
1135,36,155,162.44920866410894,152.80618890964814,4.512478018447471,4.244616358601338,2.9895609988594796,2.5205451738483093
1136,42,265,273.4983857018408,234.7757360133378,6.511866326234305,5.589898476508043,2.15502437032652,0.841225852265301
1139,27,156,182.95471358150112,143.48624024836226,6.776100503018561,5.314305194383787,4.326510680918645,1.4857407033122412
1140,46,972,732.2572053414492,842.5405742947944,15.918634898727158,18.31609944119118,5.458893934337297,9.182939637401093
1141,4,4,18.57172805574157,9.141721217987026,4.6429320139353925,2.2854303044967565,4.6429320139353925,2.2854303044967565
1145,41,739,506.22933269399675,526.2861711419073,12.34705689497553,12.836248076631884,1.7178448367306154,2.8119119917502307
1146,31,217,164.08152658701766,163.2154389459372,5.292952470548957,5.265014159546361,2.0693637569802696,2.10700494714011
1147,17,219,256.19753287077174,260.02401450511627,15.070443110045396,15.295530265006839,-0.20354010638653583,1.015447743790387
1148,41,558,688.83900074473,655.3679955872852,16.80095123767634,15.984585258226469,2.618288557703419,2.3713456790322587
1149,47,524,409.66763522268485,455.7240208348763,8.716332664312443,9.696255762444176,1.9707254558883982,3.3532604885471646
1150,30,357,376.6171722361913,401.8519469881469,12.553905741206377,13.395064899604897,-0.2486332468653257,1.6874792049029812
1151,33,312,251.81454841123275,321.58164059525853,7.630743891249478,9.744898199856319,-0.11784655623062558,2.2057176646954857
1152,37,484,631.3348143303508,653.6673638194294,17.06310309000948,17.666685508633226,2.290427696320972,3.26029467483818
1153,23,165,210.05764000001773,233.9269200455217,9.132940869565989,10.170735654153118,1.4074297685411012,2.3774039683766865
1154,44,458,427.26757289502746,449.6351941323539,9.71062665670517,10.218981684826225,2.0087182939519916,2.5168577047526175
1155,29,291,323.95609329789,370.5599448434017,11.170899768892758,12.777929132531092,1.2044578560181554,3.384953839901588
1156,41,556,660.3460150479748,694.9362102762839,16.106000367023775,16.949663665275217,2.4761908677153244,3.4244853421514736
1157,31,168,270.65122921800383,247.05022765186766,8.730684813483995,7.969362182318312,5.022131205748229,3.9645850180483344
1158,19,255,208.7604938583018,206.77331178615898,10.987394413594831,10.882805883482051,9.326980995600858,8.558876706745817
1159,4,31,629.9766145772278,1512.3161519898163,157.49415364430695,378.07903799745407,157.49415364430695,378.07903799745407
1160,25,1100,518.187649016464,560.4922988153102,20.727505960658558,22.419691952612407,-6.3417299302298,-1.0231677172627494
1161,52,1078,1461.2299784657314,1625.8400834502975,28.100576508956372,31.266155450967258,6.782348095441971,12.09510124352462
1162,27,717,721.0397606895016,709.3318419241973,26.70517632183339,26.2715497008962,-19.59473789257397,-23.160527352872005
1164,3,7,44.83432441296854,23.987365929128508,14.944774804322847,7.995788643042836,14.944774804322847,7.995788643042836
1167,49,190,216.53759567115966,145.341364851896,4.419134605533871,2.9661503030999183,1.8564676696023177,-0.45793788210825265
1168,21,91,89.41071443522009,71.54018961566126,4.257653068343814,3.4066756959838695,1.490329640803713,-0.3985575579159752
1170,22,52,74.28691222296628,48.7856173952976,3.376677828316649,2.217528063422618,3.279295650299029,1.105670158030534
1171,28,293,232.45982724853678,224.30822381462417,8.302136687447742,8.011007993379435,0.9829675089853065,-1.0134255612380683
1173,48,270,253.44476256948315,220.88437007161124,5.280099220197566,4.601757709825234,2.1072066253799004,0.7718452255899719
1175,4,33,40.462373890185205,21.22982305489822,10.115593472546301,5.307455763724555,10.115593472546301,5.307455763724555
1177,26,122,144.38501138624773,111.84299914821311,5.5532696687018355,4.301653813392812,2.947654672836932,1.007835247741582
1178,23,85,78.91549779034433,45.04184810044545,3.431108599580188,1.958341221758498,3.0910116332799573,0.2027829890959401
1179,39,205,192.48594475363618,153.95450515719168,4.93553704496503,3.947551414286966,2.011648711465333,0.15521203712114356
1181,37,578,578.548380678614,491.39490843426006,15.63644272104362,13.280943471196219,5.290595592371593,2.0654098370350154
1182,66,902,717.5104819160749,717.2706673580178,10.871370938122347,10.867737384212392,-2.231642829952002,-3.420222409871777
1185,53,1003,789.9343910852158,822.9754751737057,14.904422473305958,15.527839154220862,5.286466631036979,3.7149608825450726
1186,8,62,87.30193344301718,45.70950672466596,10.912741680377147,5.713688340583245,7.687711003182818,0.3586507761690161
1188,13,118,69.13572522064972,52.88522250373528,5.318132709280747,4.0680940387488675,3.003527525369901,-0.3953800694589776
1189,39,343,386.65380386397766,302.6898209367306,9.91420009907635,7.761277459916169,7.293327805043359,2.964096551076993
1190,18,259,226.97709962891383,290.7103462245826,12.609838868272991,16.15057479025459,7.4264776811119235,12.38898390697889
1194,6,47,120.7241458350368,162.52185032404813,20.120690972506132,27.086975054008022,20.120690972506132,27.086975054008022
1195,16,257,204.77245995654235,202.76304618998088,12.798278747283897,12.672690386873805,-5.066978848243831,-4.456415199173396
1196,18,136,127.05830058672395,112.65730466739964,7.05879447704022,6.2587391481888694,0.010466184215249166,-1.6450890976255619
1197,18,94,79.46812567084947,53.980675196514866,4.414895870602749,2.9989263998063813,2.3848030899193753,0.024417306737362213
1198,55,3290,3928.9941491798886,7286.774504666834,71.43625725781615,132.4868091757606,36.66734795057741,95.31300371749231
1200,30,484,462.65600943552687,442.9424284508991,15.421866981184229,14.76474761502997,3.125045260905013,1.339611204459266
1201,22,596,569.0061416209845,606.3786690334947,25.86391552822657,27.56266677424976,-1.33919595141211,-0.764330073325861
1202,10,450,250.6606152071503,279.20011119724813,25.06606152071503,27.920011119724812,-7.7815103860101145,-1.8801513296280141
1204,47,887,632.4180879174684,658.5054421889537,13.455703998244008,14.010754089126674,-1.3283094492703014,-0.22836886772480566
1205,1,12,11.208591699856736,16.18699679216426,11.208591699856736,16.18699679216426,11.208591699856736,16.18699679216426
1206,53,434,423.21282237907315,359.2814363825893,7.9851475920579835,6.77889502608659,0.34710421854537193,-2.356177803244298
1207,53,384,432.958074723737,347.5550685313872,8.169020277806359,6.557642802479004,0.8640544491189757,-1.59421387316522
1208,5,37,83.59446138531072,113.92258221785097,16.718892277062146,22.784516443570194,16.718892277062146,22.784516443570194
1209,52,1836,1411.2110339988685,1299.658170454937,27.13867373074747,24.99342635490263,0.548127826365746,-5.368940915046922
1210,49,3350,2826.5580935847784,2513.6869166969345,57.68485905275058,51.29973299381499,10.332020565709914,-1.8086663639667588
1212,12,33,48.79174765597966,33.37793133846606,4.0659789713316385,2.781494278205505,3.0064676403208708,0.5871688418969776
1214,69,1351,1061.401362205474,1027.365612501825,15.382628437760493,14.889356702925,-0.6427564914554479,-1.6104146815724547
1215,38,1452,1057.2657192328584,1072.3263059422652,27.82278208507522,28.219113314270135,-7.486018484573731,-3.7506779321044474
1216,53,2203,1319.564371270775,1324.8342875699798,24.89744096737311,24.996873350376976,-7.526421228813566,-5.647829314606437
1217,36,918,585.5550030021479,638.1060139708729,16.265416750059664,17.72516705474647,3.8453640089276746,5.389671914937898
1218,10,34,88.40977286342789,87.56377342954929,8.840977286342788,8.756377342954929,8.840977286342788,8.756377342954929
1219,14,118,170.9422495374342,167.7636159445146,12.2101606812453,11.983115424608187,7.7961842020907515,7.319761973016055
1220,5,11,72.83853286692008,64.92738852191674,14.567706573384015,12.985477704383348,14.567706573384015,12.985477704383348
1221,11,28,95.28701458346131,77.69710059513051,8.662455871223756,7.0633727813755005,8.662455871223756,7.0633727813755005
1224,2,13,29.827272261434782,28.75804079929679,14.913636130717391,14.379020399648395,14.913636130717391,14.379020399648395
1225,1,6,9.345465735855544,4.82607465816975,9.345465735855544,4.82607465816975,9.345465735855544,4.82607465816975
1227,11,149,125.3915167188517,121.00223040352037,11.399228792622882,11.000202763956397,3.2836817427482505,2.339779968906632
1228,7,65,57.89488919378963,66.91489038088264,8.270698456255662,9.559270054411806,5.108326567365361,6.463673963077797
1229,28,2310,2116.4746403389413,2102.2647050361225,75.58838001210505,75.08088232271867,-48.901716710406426,-52.8830231252109
1230,35,145,124.41824634079181,112.48075203729249,3.5548070383083377,3.213735772494071,1.6057562697219343,0.15354165691552818
1231,43,2787,2630.775063268007,2520.7234720203337,61.18081542483738,58.621476093496135,-27.495767826223297,-30.25928905402974
1232,73,1085,823.9958373716628,747.9292794393884,11.287614210570723,10.245606567662856,1.976318246786509,0.07683061767210313
1233,30,715,705.0187812383093,646.823157102775,23.500626041276977,21.560771903425834,-8.658759520924544,-11.945614849377638
1234,59,1499,1158.995283244432,1146.9796939180146,19.643987851600542,19.440333795220585,-6.6336665062793125,-9.843970566614434
1235,25,900,822.1652228944721,783.204034384477,32.886608915778886,31.328161375379082,-19.17325402382024,-23.153890245554493
1236,54,584,351.11254366068925,309.0621584005844,6.502084141864616,5.723373303714526,-0.02664771566642907,-1.7070215127762995
1238,58,2956,3255.89466043916,2968.622901046411,56.136114835157926,51.18315346631743,-20.343087327125726,-34.19108288323911
1239,55,621,405.3751670657255,371.10600037533146,7.3704575830131915,6.747381825006027,-0.16388584187362207,-1.9863229554985877
1240,60,541,439.574062693073,424.3338839031329,7.326234378217884,7.072231398385549,0.34342929252220766,-1.8893602235203517
1241,47,320,237.4197568182678,207.8287522785327,5.0514841876227194,4.42188834635176,0.9744007069424847,-1.5068911679884274
1242,32,273,259.0813806668713,212.78862855814583,8.096293145839729,6.649644642442057,4.9131110875275965,1.8992865629041051
1243,37,367,305.5114248984099,298.9278083917637,8.257065537794864,8.079129956534153,3.193397051892331,2.028202650210219
1244,40,489,307.33020084765644,292.32488564818107,7.683255021191411,7.308122141204526,2.009116560436836,-0.03641106727761079
1245,31,285,265.1478175535306,265.55859904383703,8.5531554049526,8.566406420768937,4.438191494791371,3.01523198467716
1246,66,989,691.490998140125,665.9103475152463,10.47713633545644,10.089550719927974,-2.434514392154264,-4.147724642944568
1247,70,801,554.4901866981077,538.8494252501769,7.9212883814015385,7.697848932145384,-0.2710179344539466,-1.9656728735365943
1248,59,549,468.4865941202081,411.69411975210005,7.940450747800138,6.977866436476272,1.4995426981822293,-0.800094139156798
1249,4,8,14.57172805574157,7.308729225361571,3.6429320139353925,1.8271823063403927,3.6429320139353925,1.048694424024747
1250,18,708,501.83022189007517,668.8065141626487,27.879456771670842,37.155917453480484,4.16684859011212,18.044499968476032
1251,2,3,8.285864027870785,3.5539800179540997,4.1429320139353925,1.7769900089770498,4.1429320139353925,1.304960297615958
1252,35,574,510.26771073133284,503.7983255722711,14.579077449466652,14.39423787349346,6.155371774217006,5.220501194847576
1253,35,617,444.1425094263122,452.6990410247978,12.68978598360892,12.934258314994223,5.732993034249713,5.200795622861551
1254,22,323,281.6217501468531,277.20106221857844,12.800988643038778,12.600048282662657,6.604410046528241,4.903231368911594
1255,33,1169,1240.1745429942682,1112.5833132843536,37.58104675740207,33.71464585710162,-5.483935662500496,-11.382550267013931
1256,1,9,3.3570679860646075,5.870564681096742,3.3570679860646075,5.870564681096742,-3.3570679860646075,-5.870564681096742
1258,14,42,62.55281844490326,24.9251536146105,4.468058460350233,1.7803681153293216,4.468058460350233,0.9223308949497112
1265,25,272,290.47352408817864,255.24233890670797,11.618940963527145,10.209693556268318,-1.05049889052523,-2.1668290289870686
1266,2,3,8.72420125898333,5.0116303795207795,4.362100629491665,2.5058151897603897,4.362100629491665,2.5058151897603897
1267,4,19,20.606943339111957,12.933866187869446,5.151735834777989,3.2334665469673616,4.0625286129693485,1.4328281845356616
1268,8,15,37.40801189540135,26.916477715205012,4.676001486925169,3.3645597144006265,4.638169656406657,2.9114247864019145
1269,7,10,29.500524097547746,12.143373998929059,4.214360585363964,1.7347677141327227,4.214360585363964,1.7347677141327227
1270,10,28,43.54783286118451,38.70594602626094,4.354783286118451,3.870594602626094,4.354783286118451,3.275710307307763
1271,19,67,93.16992219424604,81.93268639518132,4.903680115486634,4.312246652377964,3.8081181250832925,2.7918377841392394
1272,1,2,5.893749569865316,6.450425847954694,5.893749569865316,6.450425847954694,5.893749569865316,6.450425847954694
1273,1,25,6.401422155985248,7.227931038792796,6.401422155985248,7.227931038792796,-6.401422155985248,-7.227931038792796
1274,3,9,12.688321262173595,19.27210926233252,4.229440420724532,6.424036420777507,4.229440420724532,6.424036420777507
1275,1,1,11.314774476119634,13.17119685513742,11.314774476119634,13.17119685513742,11.314774476119634,13.17119685513742
1276,9,33,31.214660069676963,30.14778818891817,3.46829556329744,3.34975424321313,1.976265347268726,-0.26275945617497065
1279,2,3,8.285864027870785,7.448492885573462,4.1429320139353925,3.724246442786731,4.1429320139353925,3.724246442786731
1280,58,745,429.85300535901274,431.420658844522,7.4112587130864265,7.4382872214572755,0.853246225005367,-3.134497428634188
1281,2,12,4.0,4.676773137271432,2.0,2.338386568635716,-0.35706798606460755,-2.221119564341876
1282,4,13,9.57172805574157,9.752207024786532,2.3929320139353925,2.438051756196633,2.3929320139353925,2.438051756196633
1283,14,36,43.00104819509549,20.2989107251747,3.071503442506821,1.4499221946553358,3.071503442506821,-0.7640538293484631
1284,4,9,13.57172805574157,5.4366193419625155,3.3929320139353925,1.3591548354906289,3.3929320139353925,-0.389635799949807
1287,15,54,48.09127346933327,46.967602070032534,3.206084897955551,3.131173471335502,3.206084897955551,3.131173471335502
1288,1,6,11.09389043030533,2.1475959416157906,11.09389043030533,2.1475959416157906,11.09389043030533,2.1475959416157906
1293,1,3,2.6429320139353925,1.3795203074601243,2.6429320139353925,1.3795203074601243,2.6429320139353925,1.3795203074601243
1295,1,1,4.6429320139353925,3.5416068139934627,4.6429320139353925,3.5416068139934627,4.6429320139353925,3.5416068139934627
1299,1,1,17.100851780889357,13.395938736679515,17.100851780889357,13.395938736679515,17.100851780889357,13.395938736679515
1300,1,4,1.6429320139353925,0.7278403623624836,1.6429320139353925,0.7278403623624836,1.6429320139353925,0.7278403623624836
1301,23,57,80.3581161811601,51.61054360967221,3.4938311383113088,2.2439366786814006,3.164671144370175,0.7044756690169822
1302,14,51,108.54776747713579,94.19678269614384,7.753411962652557,6.728341621153132,7.246053498888294,5.531168887398211
1303,11,784,770.0689186025656,813.1685431423667,70.00626532750597,73.92441301294242,-58.938172835814775,-61.52399935467747
1305,9,210,154.1626900740085,160.2924118146789,17.129187786000944,17.810267979408767,14.269905425577146,11.278503016175868
1307,46,1352,885.8399964770878,994.3859502887378,19.257391227762778,21.617085875842125,-7.296838444013116,-2.8032355579599098
1308,8,19,38.71628140954892,25.19836741756866,4.839535176193615,3.1497959271960827,4.839535176193615,3.1497959271960827
1309,42,590,604.219100962326,586.6819388813831,14.386169070531572,13.968617592413883,6.708614664431738,6.087277239910137
1310,30,238,310.97223691769483,207.6632493981271,10.365741230589828,6.922108313270903,7.160766673458081,2.094077398146561
1311,30,323,414.712638550198,349.8603083061176,13.823754618339933,11.662010276870586,7.717604217176277,4.835399704962748
1313,1,12,17.193153053257817,15.218171632099676,17.193153053257817,15.218171632099676,17.193153053257817,15.218171632099676
1316,1,1,4.902457412084225,1.9081447413261863,4.902457412084225,1.9081447413261863,4.902457412084225,1.9081447413261863
1317,19,41,66.21570826477246,36.219362977184886,3.485037277093287,1.9062822619570994,3.485037277093287,1.2787858294608097
1318,12,34,38.429320139353926,20.525094625176997,3.2024433449461607,1.7104245520980832,2.809598680602059,0.5179775682708212
1319,12,72,69.57652033930668,50.24640834066557,5.79804336160889,4.187200695055464,0.679020699587355,-1.5976864875661445
1320,10,28,33.14345611148314,18.80187566176438,3.314345611148314,1.880187566176438,2.8429320139353926,0.24858324998045553
1321,20,73,68.77288557047412,47.1869221169624,3.438644278523706,2.35934610584812,2.106938705688804,-0.3432611609492623
1322,6,52,46.19987189739918,42.39317863736952,7.699978649566529,7.06552977289492,-2.5380666744765423,-4.479639976700036
1323,2,2,10.014970327535336,7.583106039013746,5.007485163767668,3.791553019506873,5.007485163767668,3.791553019506873
1324,8,66,68.96508747516451,72.5575888141611,8.620635934395564,9.069698601770137,8.620635934395564,9.069698601770137
1325,18,265,225.59240486739543,217.72609119130178,12.532911381521968,12.09589395507232,8.513984127293414,8.598660255909879
1326,2,2,9.285864027870785,6.050958210440504,4.6429320139353925,3.025479105220252,4.6429320139353925,3.025479105220252
1328,28,621,579.1529606990874,601.3140375841527,20.684034310681692,21.47550134229117,7.3108589233113985,9.624055401066142
1330,42,2894,1544.0569177068346,1456.8547707515252,36.763259945400826,34.68701835122679,-23.835276962569832,-18.081018112969275
1331,38,534,425.6814897070214,386.86279063975144,11.202144465974248,10.180599753677669,8.101419321743924,5.580743771009051
1333,36,555,651.5934480128781,582.048278547773,18.099818000357725,16.16800773743814,-0.9268865347858062,-3.653946443944927
1335,22,90,132.11088000684896,147.78047998079785,6.0050400003113165,6.71729454458172,5.887729474956421,6.691386604723786
1336,8,217,125.33482568082329,200.34240955442309,15.66685321010291,25.042801194302886,14.177815847196321,25.042801194302886
1337,57,399,298.8391754483708,272.4031405817511,5.242792551725803,4.77900246634651,0.9776060137851754,-0.8625980540629276
1338,10,52,29.230145475346934,35.3733148120127,2.9230145475346934,3.53733148120127,0.8358186737442361,-0.39329633920170987
1339,46,341,295.44843495521394,258.9255813612581,6.422792064243781,5.628816986114306,2.185508234409809,-0.36880442110365796
1341,85,380,227.9835138098932,188.8257453443544,2.6821589859987434,2.221479356992405,1.3365329469521863,-0.3170522886019176
1342,26,182,197.73706523904482,152.60132965462148,7.605271739963262,5.869281909793134,4.071945783550583,-0.08315066999594799
1343,2,23,8.678973001067643,11.981274654857437,4.3394865005338215,5.990637327428718,3.7832024138775022,-5.990637327428718
1344,33,216,215.27540180602384,255.79842803030706,6.523497024424965,7.751467516069911,4.504965894472853,6.595870137562593
1345,15,100,105.59343667120575,98.29145969550947,7.03956244474705,6.552763979700631,5.71075150100171,5.1461907592166485
1346,31,352,356.7205487228626,319.89944532011907,11.50711447493105,10.319336945810292,1.0565764983048447,-1.2141184181589764
1347,25,274,288.1847114923548,280.40373253271696,11.52738845969419,11.216149301308679,1.81092805411246,1.1779944700219402
1348,29,240,284.939418248584,285.993326810609,9.825497180985655,9.861838855538242,4.126553110242367,4.1529027670792065
1349,26,186,183.36316254008258,180.85965477580845,7.052429328464715,6.9561405683003255,4.215726937026971,3.5231546716499094
1350,24,226,205.04400142587244,182.47941899094477,8.543500059411352,7.603309124622698,2.888849621449042,0.8056038348573096
1351,22,179,189.93582905848672,194.94067625803157,8.63344677538576,8.860939829910526,4.084517480180032,3.6560844982623184
1352,18,190,120.05843768467443,118.95820319458525,6.669913204704135,6.608789066365848,2.136829338392902,1.8847957416267969
1353,24,157,160.5193327446198,143.57808168030044,6.688305531025825,5.982420070012519,4.8403443512955935,3.531770322799222
1354,14,108,97.48002683293083,91.85355445928948,6.9628590594950595,6.560968175663534,4.649627511439213,4.16716419035346
1355,23,393,490.24141750303414,480.6703858904069,21.314844239262353,20.898712430017692,-2.7730521579397007,-3.6787256647952664
1356,17,44,53.3581161811601,35.30786224692913,3.1387127165388296,2.0769330733487728,3.0546967198177453,0.7122673021211081
1361,53,755,591.1283188132907,540.4432228227596,11.153364505911144,10.197041940052069,-0.862467049524815,-3.414177913862866
1362,17,88,70.62372003375657,62.856003822491914,4.154336472573916,3.697411989558348,2.454100106446156,1.569712189234218
1364,17,51,60.6360458124214,50.36204670694926,3.5668262242600823,2.9624733357028976,3.3117279402899524,2.611464325280464
1365,14,157,115.08243591207714,101.98634507103768,8.220173993719795,7.284738933645548,5.483365957738499,3.333699607332342
1366,18,114,130.54284390129703,123.60862833997177,7.252380216738724,6.867146018887321,4.852463648171562,3.869650360420904
1367,23,158,198.50770275197536,203.06863574699838,8.630769684868493,8.829071119434712,4.0809627484421345,5.431103259868611
1368,14,126,96.20038945174531,99.44990097595525,6.871456389410379,7.103564355425375,6.510131131658065,6.81172063754633
1369,25,89,178.52666875344977,167.66599448439123,7.141066750137991,6.706639779375649,6.6533810640232875,5.587599401778587
1370,7,31,101.44465181546923,64.94061206312081,14.492093116495605,9.277230294731543,14.492093116495605,9.277230294731543
1371,25,254,156.34812829289697,117.0327741125916,6.253925131715879,4.6813109645036635,4.544662338337403,2.1892696615958323
1372,6,8,25.857592083612353,7.1156935223133715,4.3095986806020585,1.185948920385562,4.3095986806020585,0.6279207028684132
1373,23,694,690.5578778290188,795.5701753196172,30.024255557783427,34.590007622592054,13.518001691949806,24.96036091640112
1374,31,1009,770.1843214879337,896.7264111148229,24.84465553186883,28.926658423058804,8.703977405491562,16.05356231535671
1375,17,185,210.55605937802162,318.26118041610806,12.38565055164833,18.721245906829886,9.173935352210526,18.45461350898144
1376,26,143,196.76148447415486,176.22578031476056,7.56774940285211,6.777914627490791,5.621135112089569,4.01237805505975
1377,37,420,316.58566419578466,308.61402611171974,8.556369302588774,8.340919624641074,1.8356689558421615,-0.1271068764864323
1379,26,432,309.13278463964707,336.1293101177489,11.889722486140272,12.928050389144188,1.660264541569961,3.0772332869274805
1380,17,369,279.80849195018,295.78375078698826,16.45932305589294,17.399044163940488,-2.7523440076839845,-0.5027092029979755
1381,19,429,288.4156626318732,314.20631521773834,15.17977171746701,16.537174485144124,-2.167012633181301,1.6184374252641824
1385,3,37,47.12485740896412,57.89689607312635,15.708285802988039,19.298965357708784,10.369047690843551,14.08698384929414
1386,1,1,4.6429320139353925,3.869832706055421,4.6429320139353925,3.869832706055421,4.6429320139353925,3.869832706055421
1387,11,31,31.786388125418533,13.200711325330769,2.8896716477653213,1.2000646659391607,2.824750195753574,-0.6139705815558533
1388,10,22,34.429320139353926,12.501811701410986,3.4429320139353927,1.2501811701410985,3.4429320139353927,0.548659770713505
1389,1,1,4.6429320139353925,3.8293055487687813,4.6429320139353925,3.8293055487687813,4.6429320139353925,3.8293055487687813
1390,31,78,97.64502840412638,36.08096946884699,3.1498396259395607,1.163902240930548,3.126802981677328,0.023750384132786885
1391,7,18,21.500524097547746,8.66325002796649,3.071503442506821,1.2376071468523555,3.071503442506821,0.04798542587808617
1392,49,177,127.67073582916724,82.78608685807998,2.605525221003413,1.6895119766955098,2.0545262045767907,-0.5108909307956833
1393,2,14,9.566132934175908,9.304904115607522,4.783066467087954,4.652452057803761,0.6768160369532699,1.4207778019878523
1395,45,148,119.36021257135108,64.65917434495651,2.652449168252246,1.4368705409990337,2.3540431250465037,-0.27532155715809564
1396,14,39,56.521580340569976,39.41926174382299,4.037255738612141,2.8156615531302136,3.589525999431681,1.0876070072359287
1397,25,102,114.083594236136,89.48678449904715,4.5633437694454395,3.579471379961886,3.3757539699370507,1.4209852063475872
1399,29,152,137.32859433997018,107.74779130518336,4.735468770343799,3.7154410794890813,1.9441248139777816,-0.36450558808570743
1400,30,517,592.2872518713309,549.7206539760351,19.74290839571103,18.32402179920117,-3.426977510311853,-4.579410967379148
1401,47,582,421.1793165408185,402.51626333403806,8.961262054059969,8.564175815617832,0.29570393443342097,0.15659483937079904
1402,39,2519,1013.4118750031653,1059.1827748432722,25.984919871876034,27.158532688289032,9.031288594611242,11.134672288891853
1404,9,89,103.61315822194231,110.28667641214093,11.512573135771369,12.254075156904548,4.490779378890398,6.597216736879018
1405,4,57,40.188729094623646,58.85470567966908,10.047182273655912,14.71367641991727,8.292021181968094,14.71367641991727
1407,35,154,197.15761067826955,156.82074751424858,5.633074590807701,4.480592786121388,4.730336270397697,2.841261817438775
1412,43,344,305.7834868671199,286.0802314654464,7.1112438806306955,6.653028638731311,0.4313834593439492,-1.9057310229786586
1413,46,398,533.0228832902276,450.12932766129325,11.587453984570164,9.785420166549853,7.088785465644368,2.7731305260077934
1415,18,140,122.76795420960926,103.14210974965393,6.820441900533847,5.730117208314107,0.7168763084359517,-1.7077000990867335
1417,10,40,62.27429435944014,32.84933895636717,6.227429435944014,3.284933895636717,6.227429435944014,3.093949838650643
1418,15,34,53.3581161811601,29.672643254157972,3.557207745410673,1.9781762169438648,3.376265347268726,0.9605957470805497
1419,73,2778,1833.9251370479876,1835.4056350148128,25.122262151342298,25.142542945408394,2.352819115544972,0.02797118142091395
1420,76,4465,2925.7331748519423,2909.435881018708,38.49648914278871,38.282051066035635,-3.18491819435456,-2.313136462181144
1421,13,83,63.86921106669617,53.277778931318394,4.913016235899705,4.098290687024492,0.6747200885210167,-2.1196103731402505
1422,23,180,161.99272994313586,153.23794035062537,7.04316217144069,6.662519145679363,0.3649837240842155,-2.5944763655579006
1423,23,140,142.64896424016845,121.11800983537786,6.202128880007324,5.266000427625125,1.2227841550720668,-0.44795188532460456
1424,19,151,125.41588812804284,116.31773463109252,6.600836217265413,6.1219860332153955,0.7699799128525163,-0.7597114040018808
1425,5,18,75.88051810842981,72.0735163541033,15.176103621685963,14.414703270820661,15.176103621685963,14.414703270820661
1427,7,92,82.16414698317868,87.58205985831896,11.73773528331124,12.511722836902708,5.508240804226678,7.242353865882265
1429,30,506,544.826792656283,588.0544109841926,18.160893088542768,19.601813699473087,6.325182180677415,7.8833837716241435
1430,22,78,95.94552381932002,65.37354624694252,4.361160173605455,2.971524829406478,2.114420539775527,-0.3654329190770244
1431,71,2203,1191.2649131936357,1213.601209474126,16.77837905906529,17.09297478132572,-4.783018488035016,-1.6394717513982098
1433,9,111,77.8721211722758,102.38560983955583,8.652457908030645,11.376178871061759,7.4354462452862755,10.199231791292759
1434,1,12,0.9892232351699022,2.162589793389042,0.9892232351699022,2.162589793389042,0.9892232351699022,2.162589793389042
1435,3,48,16.986307478744,21.3647652805033,5.662102492914666,7.121588426834433,0.8198933515097325,1.3555746750010886
1436,5,100,42.69820735743633,43.514373839092954,8.539641471487267,8.70287476781859,-3.801125019106876,-2.3220136431315224
1437,19,220,160.71667608569498,177.05913383622058,8.458772425562893,9.318901780853714,7.433949752177522,8.085729907428451
1438,29,792,517.954598654465,479.2340885092181,17.860503401878105,16.52531339686959,1.9829537354936133,-3.5679925049562975
1439,61,2876,2676.619051771991,4663.479127522619,43.87900084872116,76.4504775003708,7.193311042087053,50.463792898921454
1440,12,474,393.1576520098058,380.9280116949365,32.76313766748382,31.744000974578043,-10.260167351377525,-10.257984527663316
1441,38,1570,1792.8900814268743,1682.3276240811085,47.18131793228616,44.2717795810818,-16.723828390378994,-22.15950828306195
1442,72,2775,1763.6929481128102,1890.7748316541552,24.495735390455696,26.260761550752154,-2.1215097146834396,0.3367217993875948
1443,16,60,109.76849709214245,81.22527007013133,6.860531068258903,5.076579379383208,6.305655511398068,4.197908877652666
1444,42,438,343.6036058842615,334.11251788739145,8.18103823533956,7.9550599496997965,-3.8777104526072814,-6.366861940762523
1445,65,4118,3514.0373201454886,3677.236430663228,54.0621126176229,56.57286816404966,-17.752703729307395,-15.992976737860946
1447,56,402,261.7781516325659,234.76792733743224,4.674609850581533,4.192284416739861,1.7796677847020763,0.5678147926247099
1449,62,1451,1455.530491832656,1269.6425675165215,23.47629825536542,20.47810592768583,4.806844125818704,0.13805393593110077
1450,3,864,578.9914063071951,360.85527309976544,192.9971354357317,120.28509103325514,-192.9971354357317,-120.28509103325514
1451,15,93,102.04940262493412,122.38075401996515,6.803293508328941,8.158716934664344,3.729544786144925,5.430923832860313
1453,37,732,836.6057071500153,766.7644394311768,22.610965058108523,20.723363227869644,-5.586979000233922,-8.658602991264894
1455,26,78,105.68399246674647,77.68309438305371,4.064768941028711,2.987811322425143,2.6472095607011394,1.4593740937709758
1459,60,462,433.59686521283487,391.84978044390846,7.226614420213915,6.530829674065141,1.912344828528007,-0.12334890178070257
1460,61,672,459.33558725379623,505.93790625520296,7.530091594324529,8.294064036970541,-0.1257989503768813,0.464621136906991
1461,62,557,406.39472051742877,398.4481862584232,6.554753556732722,6.426583649329407,0.527085807125296,-1.4069601014445332
1464,1,1,4.6429320139353925,3.1116334645010646,4.6429320139353925,3.1116334645010646,4.6429320139353925,3.1116334645010646
1466,1,2,3.6429320139353925,2.5585549350557883,3.6429320139353925,2.5585549350557883,3.6429320139353925,2.5585549350557883
1470,45,1058,937.9662832674417,993.1179930856822,20.843695183720925,22.069288735237382,-1.3419513569599795,0.9968935011744886
1471,11,70,44.40373509287012,47.83462214349343,4.03670319026092,4.348602013044857,-0.014796337107313288,0.33304205070216997
1477,32,166,180.45091530510769,159.4559599249628,5.639091103284615,4.982998747655087,2.9424833219740547,2.218211367798633
1478,31,802,709.8307261365665,769.1155500304384,22.89776535924408,24.810179033239947,-0.005380764021643519,3.410196947327076
1479,34,126,122.92536312128846,96.97037179152956,3.615451856508484,2.8520697585743986,3.5078555047392026,2.372038480867146
1480,24,132,167.48641896584402,137.1009995637214,6.978600790243501,5.712541648488391,2.7256300570521526,0.6977111184498455
1481,38,186,213.0371928806381,213.11191746368084,5.606241917911529,5.608208354307391,3.0639513063211177,2.1537288839951745
1482,18,40,69.04810000585329,45.89527491799991,3.836005555880738,2.5497374954444396,3.7373958798197506,1.585400980732816
1483,14,34,74.97000961193307,48.41795337005227,5.3550006865666475,3.458425240718019,5.3550006865666475,3.3610249911351358
1484,27,74,121.81376500308905,79.80329809543659,4.511620926040335,2.955677707238392,4.466039109833876,2.4879737466205576
1485,1,2,4.575194563268924,3.2967621942936933,4.575194563268924,3.2967621942936933,4.575194563268924,3.2967621942936933
1486,13,62,54.106094737967226,50.92266557460776,4.162007287535941,3.917128121123674,1.2606556813178205,0.4436154417157264
1487,23,117,103.78616417193835,75.47169976551241,4.512441920519059,3.281378250674453,2.077979680438182,0.8317693421548782
1488,13,47,46.57645432537461,55.94867728836113,3.5828041788749703,4.30374440679701,2.5781583868866855,3.6420976909259934
1489,40,232,182.2101443221428,151.0005614797969,4.555253608053571,3.7750140369949223,2.920483261982661,1.4428305253183806
1491,46,2295,1698.069669256159,1715.835944507089,36.914558027307805,37.30078140232802,-14.081258453854058,-11.225099894814047
1492,26,809,382.9633995481141,360.9525205498488,14.729361521081312,13.882789251917263,-3.6946231331286894,-3.0595211100593667
1493,36,530,405.5110539235792,327.9938676285882,11.264195942321644,9.110940767460782,3.0973477979547925,-0.853556071000429
1494,39,310,293.5745325537765,291.6968211406614,7.5275521167635,7.47940567027337,3.862119210123408,3.2906883736469625
1495,53,2266,1489.3484217153377,1543.301808410325,28.100913617270525,29.11890204547783,-8.133631492812846,0.22584381279692142
1496,31,209,227.56911103924347,207.58740140033547,7.340939065782047,6.6963677871075955,1.0779562347216711,-0.5753501288063384
1498,26,176,129.05079114013813,112.14068621939604,4.963491966928389,4.313103316130617,0.8984300511049101,-0.9087894518204945
1499,14,66,183.46798742189617,180.7055943083685,13.104856244421155,12.907542450597749,13.104856244421155,12.907542450597749
1502,1,1,4.6429320139353925,1.4117170296806894,4.6429320139353925,1.4117170296806894,4.6429320139353925,1.4117170296806894
1503,10,14,44.68013769528385,20.996993025064135,4.468013769528385,2.0996993025064135,4.468013769528385,1.9432158396742474
1504,13,131,197.29400539223747,185.48420623497017,15.176461953249035,14.268015864228476,7.999350795863771,6.030700890019828
1505,4,11,16.285864027870787,11.168673477127939,4.071466006967697,2.7921683692819848,2.8929320139353925,1.233720313786149
1508,1,1,4.6429320139353925,1.6368614260288439,4.6429320139353925,1.6368614260288439,4.6429320139353925,1.6368614260288439
1509,1,1,4.6429320139353925,1.9687065752080048,4.6429320139353925,1.9687065752080048,4.6429320139353925,1.9687065752080048
1510,2,2,19.970904944328943,10.085492813983919,9.985452472164472,5.042746406991959,9.985452472164472,5.042746406991959
1511,19,71,325.22933231372923,264.66246619795453,17.11733327966996,13.92960348410287,16.70258501903516,13.10697674481475
1512,40,608,453.2538399518279,433.5386856085347,11.331345998795697,10.838467140213368,3.0422294446718774,0.3061852104553067
1513,6,70,47.0559786978053,37.51195941208201,7.8426631163008835,6.251993235347001,-0.9238008851787711,-4.572289707286128
1516,6,40,40.59224717805521,36.69121158723311,6.765374529675868,6.115201931205519,0.9571060507655093,0.1758608490445989
1521,2,2,9.285864027870785,3.3423661726245193,4.6429320139353925,1.6711830863122596,4.6429320139353925,1.6711830863122596
1522,1,2,3.6429320139353925,3.0197330209362523,3.6429320139353925,3.0197330209362523,3.6429320139353925,3.0197330209362523
1523,53,2028,1768.9058226331747,1734.1722891971392,33.375581559116505,32.72023187164414,-4.64686109829844,-6.484895208519571
1524,35,93,107.21675645986795,51.819496277616715,3.06333589885337,1.4805570365033347,2.9857891567925354,0.2601288239283723
1525,7,27,95.38314700772867,70.66901141086677,13.626163858246953,10.095573058695253,13.626163858246953,10.095573058695253
1526,2,2,9.285864027870785,6.898419582197494,4.6429320139353925,3.449209791098747,4.6429320139353925,3.449209791098747
1528,10,188,93.86296711519665,69.26193099326244,9.386296711519666,6.926193099326244,-3.0643079031272094,-3.439806949846175
1529,13,112,92.80265177181946,88.69022302787744,7.138665520909189,6.822324848298265,1.2291916542131314,-1.5687251979381085
1531,54,1119,774.4961191257652,738.4983997354926,14.342520724551207,13.675896291398011,-3.4061736774436344,-5.331948785749535
1532,4,7,20.894625790285605,16.114494582801303,5.223656447571401,4.028623645700326,5.223656447571401,4.028623645700326
1533,24,271,187.95385354545593,204.96343563442935,7.831410564393997,8.540143151434556,6.012481070216157,6.967756442935769
1536,1,6,0.11251291545111108,1.876196719087842,0.11251291545111108,1.876196719087842,0.11251291545111108,-1.876196719087842
1537,4,27,22.6396182829765,25.243207363899412,5.659904570744125,6.310801840974853,-0.4035733390421594,-0.9853146930032421
1538,1,1,9.726557011632034,5.745479554227664,9.726557011632034,5.745479554227664,9.726557011632034,5.745479554227664
1539,13,67,80.96295499796317,62.320100525460745,6.227919615227936,4.7938538865739035,1.7256301387664812,-0.4132633634543004
1540,3,6,16.379647512123668,8.34242785303683,5.459882504041222,2.78080928434561,5.459882504041222,2.78080928434561
1541,11,30,79.41174887893166,34.19044094793403,7.219249898084697,3.108221904357639,7.219249898084697,3.108221904357639
1542,15,19,65.64398020903089,29.793374714390133,4.376265347268726,1.9862249809593422,4.376265347268726,1.785563064852684
1543,2,5,6.285864027870785,5.711808465498256,3.1429320139353925,2.855904232749128,3.1429320139353925,0.020140418896430923
1544,5,17,16.232402947406076,10.681878301838607,3.246480589481215,2.1363756603677215,2.369069861308558,0.8939008551400331
1545,3,9,9.112512915451111,11.251792882396241,3.0375043051503705,3.750597627465414,2.973696205704107,3.750597627465414
1546,18,133,143.83656086124736,118.73151753077808,7.990920047847076,6.59619541837656,1.9526182019117577,-0.05433318409745791
1547,26,131,154.07450268008836,118.26306203303281,5.925942410772629,4.5485793089628,4.984966673908408,2.6992084930616524
1548,15,101,170.97497133795275,168.49651302270593,11.398331422530184,11.233100868180395,8.540193758171448,9.2249638444614
1550,3,11,11.459805341595352,6.32604547711124,3.8199351138651174,2.1086818257037465,3.031554452213635,-1.534710718290847
1551,47,319,352.3134670662058,278.52600026057695,7.496031214174592,5.926085111927169,0.8919321302471063,-1.4210742369564051
1554,1,10,4.3570679860646075,4.25860343411218,4.3570679860646075,4.25860343411218,-4.3570679860646075,-4.25860343411218
1555,2,3,8.285864027870785,3.095113203335792,4.1429320139353925,1.547556601667896,4.1429320139353925,1.547556601667896
1556,1,4,1.7441343158020253,1.7213116879067805,1.7441343158020253,1.7213116879067805,1.7441343158020253,1.7213116879067805
1558,1,6,0.35706798606460755,0.7090528264275129,0.35706798606460755,0.7090528264275129,-0.35706798606460755,-0.7090528264275129
1559,32,348,306.1379746079315,284.5698780862923,9.566811706497859,8.892808690196635,3.1281323733497928,2.237942517599542
1560,19,241,195.43949713575535,215.89926084795349,10.286289322934492,11.363118991997553,-0.6348050846828281,0.8702081399666407
1562,68,1771,1445.2842318430216,1571.4136819011158,21.254179880044436,23.109024733839938,2.652504295618669,5.614429779665741
1563,11,35,31.786388125418533,19.486040824406786,2.8896716477653213,1.7714582567642532,2.4611138321172104,0.4546455026325852
1564,2,27,22.21984417422321,23.916278028966886,11.109922087111604,11.958139014483443,3.8466083750042035,3.8145447832613932
1565,9,70,88.59076490970574,75.71933645821099,9.843418323300638,8.413259606467888,3.681057793264129,0.42045724935945356
1566,6,36,36.27357313763164,33.055349525812645,6.045595522938606,5.509224920968774,-0.16652609425305664,-0.9435353599106454
1567,2,5,6.285864027870785,7.399220583786461,3.1429320139353925,3.6996102918932303,3.1429320139353925,3.6996102918932303
1568,34,2294,3146.385358884524,2696.4534002265614,92.54074584954482,79.30745294784003,-23.324053687232002,-40.734721677397715
1569,3,7,9.928796041806176,5.1491344925331095,3.309598680602059,1.7163781641777032,3.309598680602059,1.7163781641777032
1572,1,6,12.426732445352606,6.8745799322830905,12.426732445352606,6.8745799322830905,12.426732445352606,6.8745799322830905
1573,7,84,67.51890286922806,181.41956695349901,9.645557552746865,25.917080993357,9.645557552746865,25.917080993357
1574,1,1,25.46197246947496,28.40411604198664,25.46197246947496,28.40411604198664,25.46197246947496,28.40411604198664
1576,1,3,13.797227369110328,14.650718667449741,13.797227369110328,14.650718667449741,13.797227369110328,14.650718667449741
1579,72,1740,1185.4424300813237,1157.6378872239038,16.46447819557394,16.078303989220885,-4.246266087942739,-6.409811444321161
1580,10,121,129.8847770290012,123.86987335623375,12.988477702900122,12.386987335623376,11.613986524969707,10.787780124595958
1581,43,2377,3397.601379084344,4578.672389287967,79.01398556010102,106.48075323925505,64.34575168111853,98.07007710607043
1582,38,375,294.70000227204025,288.9157943645361,7.75526321768527,7.603047220119372,0.9140407361740417,0.3324420810786358
1583,16,216,165.78051662720435,168.44291671067793,10.361282289200272,10.527682294417371,-6.137983773522954,-9.135787252740128
1586,69,2656,2049.7096101865336,2041.134215636964,29.70593637951498,29.581655299086435,-3.2265658393528915,-3.62999546841025
1587,38,109,149.79761928061168,97.58384058324468,3.942042612647676,2.5679958048222282,3.335217472879034,1.1190783712567414
1589,43,829,966.200263285629,917.3448033639727,22.46977356478207,21.333600078231925,-4.223122880789645,-5.374674087283072
1591,2,5,6.285864027870785,2.982324737901898,3.1429320139353925,1.491162368950949,3.1429320139353925,1.491162368950949
1592,19,841,558.9580157396987,535.7889749189685,29.41884293366835,28.19941973257729,-21.118728594034422,-17.070718824915136
1594,38,90,130.57382444593256,49.92057144085231,3.436153274892962,1.3136992484434817,3.2745109613038137,0.23962727868324557
1595,37,124,103.72159189288134,63.63183451668475,2.8032862673751713,1.7197793112617499,2.32840302789825,-0.6311616733759119
1597,12,84,55.74913336945699,49.9806897105084,4.645761114121416,4.1650574758757,1.0394602277125384,-1.1635662325160145
1598,65,3154,2866.139199708443,2662.4608306782793,44.094449226283736,40.96093585658891,-9.993609708126895,-11.622964344397941
1599,3,22,36.47964829836383,35.763619668653064,12.159882766121276,11.921206556217689,12.159882766121276,11.921206556217689
1601,4,7,76.58269145722815,76.05955342473632,19.145672864307038,19.01488835618408,19.145672864307038,19.01488835618408
1602,58,573,1890.4702039544811,1691.577203750385,32.59431386128416,29.165124202592846,29.80944858575058,26.386227017546393
1603,74,4159,2785.758817518445,2791.3553901173877,37.64538942592493,37.721018785370106,-5.3048837152838235,-9.873075960853422
1604,77,5865,3817.599757766043,3793.4368931617655,49.57921763332523,49.26541419690604,-12.037762618729452,-25.774236890480857
1605,76,3557,2489.261903743642,2564.8665579007106,32.75344610189003,33.74824418290409,-7.461708992486376,-6.345514521851623
1607,76,2977,2457.825136264827,2393.3665402878487,32.3398044245372,31.49166500378748,2.730526912639033,0.5475011158666082
1608,76,4662,3479.9741952621603,3377.34433381075,45.78913414818632,44.43874123435197,-10.615443540001687,-15.918892974648031
1609,75,3501,2415.1546996859206,2319.415843906114,32.202062662478944,30.92554458541485,-2.6213276674808874,-9.899033910126164
1610,40,1310,838.2424594946201,825.0326808758056,20.956061487365503,20.625817021895138,-5.4118860243729925,-5.389731522744526
1611,4,15,8.792302358793371,7.433815774666588,2.198075589698343,1.858453943666647,2.198075589698343,1.6639111488391753
1612,8,86,109.76879931203808,109.01222307493857,13.72109991400476,13.626527884367322,0.8258608292887741,-0.8543121332101871
1614,8,16,96.52965522017999,92.76488290361759,12.066206902522499,11.595610362952199,12.066206902522499,11.595610362952199
1615,4,32,48.9869815212728,53.883121546456564,12.2467453803182,13.470780386614141,8.871359323296064,11.641758904785679
1616,9,50,80.42280634419598,82.12133719984402,8.93586737157733,9.124593022204891,6.490601243912637,7.227213832381922
1617,15,1185,816.0397171884894,842.3028202760361,54.40264781256596,56.15352135173574,-33.38564046654766,-26.891220199274027
1618,26,120,118.97055391044839,98.31116137503976,4.575790535017246,3.7811985144246063,2.2810464477834254,1.0093053413900561
1619,6,93,148.18212403738409,137.4674568522656,24.69702067289735,22.911242808710934,8.076022503648575,4.2083717192652985
1622,41,494,404.0880273047318,405.6570541883742,9.855805544017848,9.89407449239937,5.291151322640624,5.87368251124422
1623,64,1888,1739.993910433331,2537.982812099606,27.187404850520796,39.65598143905634,16.75655510858099,31.767284086695824
1624,40,495,524.6690770576819,509.50578942548896,13.116726926442047,12.737644735637224,5.995793364207234,4.863961453722455
1625,48,3768,2666.422355750062,2638.8707639495574,55.55046574479295,54.97647424894911,-30.518067181489815,-29.53286701470958
1626,52,1599,1566.2302144054242,1704.6411757886178,30.119811815488926,32.78156107285803,8.6157089331792,12.646737205821182
1627,9,106,79.49015455908426,81.19753703805561,8.832239395453806,9.021948559783958,0.7839020610642405,1.591726852583647
1629,44,2101,1898.6539244862804,1828.7735600416468,43.151225556506375,41.56303545549197,-5.433980402534391,-7.450830795372654
1631,1,1,9.00220288294863,8.491093668023748,9.00220288294863,8.491093668023748,9.00220288294863,8.491093668023748
1632,54,1190,833.4073185312448,795.7241149922855,15.433468861689718,14.7356317591164,-3.543814405899093,-4.774968911018591
1633,2,3,27.644279543581842,27.241712890142637,13.822139771790921,13.620856445071318,13.822139771790921,13.620856445071318
1634,47,1182,795.8198134810358,832.0608265907715,16.932336457043316,17.70342184235684,-6.214456391638176,-4.361545038144786
1635,24,1741,991.1887525422447,1115.1304775845235,41.29953135592687,46.46376989935515,-15.875766508472955,-11.186772130303988
1636,15,136,223.44879967995666,177.82286252191008,14.896586645330444,11.854857501460673,2.894127862289444,-0.5326406752593944
1637,44,926,746.307397984243,747.0613652291569,16.96153177236916,16.978667391571747,5.4910055028677585,5.44680719769644
1639,1,11,9.727021530410855,15.114845899218803,9.727021530410855,15.114845899218803,9.727021530410855,15.114845899218803
1640,14,429,338.7121536928879,341.5335929297349,24.193725263777708,24.395256637838205,7.348594481811868,10.834500943582412
1641,9,120,83.3316272580553,83.71483101093808,9.259069695339479,9.301647890104231,5.884093090578601,4.381699383769075
1642,15,1036,841.7645399868226,905.5885651876105,56.117635999121504,60.372571012507365,-26.062407485979822,-24.201095411638207
1643,7,56,79.29813288224308,67.69218237062654,11.328304697463297,9.670311767232363,9.892088127398646,7.30240869923228
1644,1,1,20.442599588520594,33.4359208956578,20.442599588520594,33.4359208956578,20.442599588520594,33.4359208956578
1646,4,8,20.254550613177287,16.085027569088496,5.063637653294322,4.021256892272124,5.063637653294322,4.021256892272124
1647,57,1164,1107.1763661404052,1069.0160434678146,19.424146774393073,18.754667429259904,-2.160594006769731,-4.038985780574858
1648,25,86,102.88689428624723,28.869976034327685,4.115475771449889,1.1547990413731073,4.1069757370391144,-0.553511316087857
1649,4,27,49.190699193980166,47.49961987160735,12.297674798495041,11.874904967901838,10.640948113602887,8.274837227040399
1650,6,42,55.15039422373433,37.14289482339854,9.191732370622388,6.190482470566423,9.191732370622388,6.190482470566423
1651,31,528,537.21422390471,499.4126049206273,17.329491093700323,16.110084029697656,2.0832148609981114,-1.25521240222714
1652,18,136,71.31984808451332,66.8662553123393,3.9622137824729626,3.714791961796628,1.6303851273834993,0.10125221841021759
1654,29,229,396.8725043168599,361.5990945071938,13.685258769546893,12.468934293351511,7.802825746394878,5.856726039960793
1655,27,399,431.44406002317015,413.4855249876309,15.979409630487783,15.31427870324559,7.883960958207994,6.910950759248226
1656,46,2154,1266.2515783249867,1424.8371503238875,27.52720822445623,30.974720659214945,0.7901119341820871,13.545289067897796
1657,35,578,480.88456023565266,461.3035713463072,13.739558863875791,13.18010203846592,1.5807180275158068,0.44075297444672623
1658,44,1603,1220.7947878522243,1174.558496306381,27.74533608755055,26.694511279690474,-2.418844750291395,-6.810188875067951
1659,33,688,606.0058735100536,602.7595501351611,18.363814348789504,18.2654409131867,-2.589451130865134,-3.526192785401439
1660,6,17,23.256431926767586,24.601969712964827,3.8760719877945977,4.100328285494138,3.291008791354898,3.669892070373809
1661,37,485,419.4086562004321,463.07944421988634,11.335369086498165,12.515660654591523,4.5752422212095185,5.682846465097761
1662,40,836,607.171003140684,528.8074472658391,15.1792750785171,13.220186181645976,7.4105873814535785,1.929583481604111
1663,40,510,304.9880798872332,359.13864011601527,7.62470199718083,8.978466002900381,2.951689108280248,4.78432146298324
1664,22,307,305.7701808963637,304.34249547996296,13.89864458619835,13.83374979454377,-1.7527811642125697,-2.1768890211370153
1665,73,3351,3832.131320303755,3942.6716151208448,52.49494959320212,54.00920020713486,-0.2403457573259802,1.8720933611204353
1666,77,5244,5989.923487808503,7823.654959545818,77.79121412738316,101.6059085655301,13.57046665209092,47.49051831879475
1667,20,36,208.26305858247832,312.42402251118904,10.413152929123916,15.621201125559452,10.413152929123916,15.621201125559452
1668,61,830,591.0074196997884,666.9719290314665,9.688646224586696,10.933966049696172,-1.0793140013350655,0.922634300276246
1670,27,592,351.01778272347445,386.2615545541038,13.000658619387943,14.305983502003844,-3.9076201986992496,-7.86965595405747
1671,6,38,59.50728484324415,55.31058012759512,9.917880807207359,9.218430021265853,9.505349811132618,7.392354378195651
1672,45,643,419.2246406733906,406.11611490367676,9.316103126075346,9.02480255341504,2.5505816806045503,2.204245099561408
1673,18,118,84.17064650415827,79.24773309355822,4.676147028008793,4.402651838531012,2.3252408686846002,2.3301913460943258
1674,4,56,34.14392375195017,27.53998357727326,8.535980937987542,6.884995894318315,-1.966421716903617,-1.7574443776711233
1675,61,1625,1036.212581678321,1036.4477169005543,16.987091502923295,16.990946178697612,-3.621699596340641,-2.972316621042804
1676,52,1398,1030.7652344576902,993.2525303231481,19.82240835495558,19.10101019852208,-1.7148559329813056,-1.6424871397901997
1677,22,258,220.31612803324361,198.6918258629304,10.014369456056528,9.0314466301332,2.561406346212924,1.8367757123314137
1678,10,69,158.92103310987096,150.4156335696343,15.892103310987096,15.041563356963431,15.892103310987096,15.041563356963431
1681,3,4,12.928796041806176,3.0527272096504294,4.3095986806020585,1.0175757365501432,4.3095986806020585,1.0175757365501432
1682,7,33,39.573517465058764,34.240162806125895,5.653359637865537,4.891451829446557,4.454904781805303,2.2169016462523747
1683,12,159,86.2627021554807,84.5372647472507,7.188558512956725,7.044772062270892,-0.5770346556544098,-1.3476691855949514
1687,1,12,4.922045031643183,2.7086226806293396,4.922045031643183,2.7086226806293396,4.922045031643183,-2.7086226806293396
1688,6,36,53.246955872872256,41.9532090502592,8.874492645478709,6.9922015083765325,4.014950012206358,2.1122910806165196
1689,17,293,156.57660353022803,178.25454471262074,9.21038844295459,10.485561453683573,2.9246979269262683,5.646388454951874
1690,20,214,412.7915002226873,429.1174916086205,20.639575011134365,21.455874580431026,18.42359943588324,18.80671574053386
1691,18,200,275.1554292559287,276.0029555401654,15.286412736440484,15.333497530009188,8.317442284256353,7.360677966447842
1692,20,206,281.8126737279836,232.25503455047865,14.090633686399181,11.612751727523932,7.658045549963129,3.2948676531501357
1693,21,231,288.0411039315086,254.33460333592578,13.716243044357551,12.111171587425037,6.999950043211483,3.5183907893977366
1694,21,232,297.68618339638084,256.1428226036904,14.175532542684802,12.197277266842399,7.988184882896222,3.303596693589318
1695,21,227,298.7270990815853,262.399631486022,14.225099956265968,12.495220546953428,7.316773506297215,3.6099043603326906
1696,23,62,67.78743632051403,29.056764679575533,2.9472798400223494,1.2633375947641536,2.9472798400223494,-0.9729358818746764
1697,25,305,346.31489034447753,312.65364084380604,13.852595613779101,12.506145633752242,6.725574693063273,4.304056126709076
1698,3,4,28.135259427815463,26.560974418530137,9.37841980927182,8.853658139510046,9.37841980927182,8.853658139510046
1699,4,6,16.57172805574157,6.644472040073429,4.1429320139353925,1.6611180100183573,4.1429320139353925,1.6611180100183573
1700,1,1,8.532882070518182,13.58190408081807,8.532882070518182,13.58190408081807,8.532882070518182,13.58190408081807
1701,50,241,231.80790095494032,188.68945142308556,4.636158019098806,3.773789028461711,3.6421553230671084,2.27925792181552
1703,70,530,384.4102088703157,395.7878430191388,5.491574412433081,5.654112043130554,1.897319377016976,2.081738281491462
1704,15,261,159.98052823782453,152.68904439943415,10.665368549188303,10.179269626628944,2.6700225588617967,4.390546165652987
1705,1,2,3.6429320139353925,1.0416233351394446,3.6429320139353925,1.0416233351394446,3.6429320139353925,-1.0416233351394446
1706,2,16,2.312754596045843,1.141738331316736,1.1563772980229214,0.570869165658368,-1.1563772980229214,0.570869165658368
1707,35,222,143.2247539945468,158.11148998373264,4.092135828415623,4.5174711423923615,0.864309919847882,0.39947923807627883
1708,36,251,172.34653268061504,156.7416247967587,4.78740368557264,4.3539340221321865,0.8376619791666626,-0.12944432598708014
1709,62,942,763.6962647074474,808.7423953881681,12.317681688829797,13.044232183680132,-2.847754096697888,-1.814173325865665
1710,46,413,382.09222949683385,363.7665569955806,8.306352815148562,7.907968630338708,4.890775504256081,4.938756368796777
1711,65,688,411.1497537152609,487.0536462708608,6.325380826388629,7.4931330195517045,0.5904612727990123,1.8356443518841048
1712,67,1636,1105.7536578367944,1154.81049220663,16.503785937862602,17.23597749562134,3.4160647599681737,4.235933416436099
1713,29,320,239.17596715070943,239.16550082657636,8.24744714312791,8.247086235399184,0.9257797875664507,0.48553429275973486
1714,54,420,531.7434567917169,610.7242101102671,9.847101051698461,11.309707594634576,0.3490680128615299,1.7635546910833004
1715,40,260,226.10341307937674,201.44973634197603,5.652585326984418,5.036243408549401,2.248140343023506,0.41630891905052075
1716,52,1342,1951.1021552628208,1652.5605544730417,37.52119529351579,31.78001066294311,6.477376525226317,-0.47527063541224535
1717,57,3329,3818.3049760763693,4688.304218988647,66.98780659783104,82.25095121032714,4.261668309413505,22.587462041411996
1718,2,5,6.285864027870785,5.2619045672778135,3.1429320139353925,2.6309522836389068,3.1429320139353925,0.2005655154315793
1720,12,256,355.2687903108033,339.6094977685291,29.605732525900276,28.300791480710757,4.249082532709857,2.5862035139039667
1721,65,2971,3103.8547316644217,2862.9154213931924,47.75161125637572,44.04485263681835,-8.119908313575348,-14.762691919060497
1722,18,116,168.24229726026556,114.1044433894372,9.346794292236975,6.3391357438576215,2.365225640639977,-1.11903881313714
1723,42,429,262.4053833349181,260.8099126011655,6.247747222259955,6.209759823837273,0.2084035640411775,-0.03966370276226426
1724,3,9,47.870169462668116,61.38221763614401,15.956723154222706,20.460739212048004,15.956723154222706,20.460739212048004
1726,75,1805,951.5606835105682,999.3390384367918,12.68747578014091,13.324520512490558,-5.728121438388317,-7.332050797927665
1727,77,4815,2371.4922388025125,2414.971913591493,30.798600503928732,31.363271605084325,-9.430499197213946,-10.020033245348255
1728,50,368,330.42701356112707,321.8499626033624,6.608540271222541,6.436999252067249,1.465373320669225,0.2747042304286961
1729,76,2979,1828.6518356460458,1787.2182479018873,24.06120836376376,23.51602957765641,-6.903378818750386,-9.024773341779248
1730,6,13,20.857592083612353,7.004603372947816,3.4762653472687255,1.1674338954913026,3.4762653472687255,0.8121888829703826
1731,16,1049,597.0727527895743,780.0833997478074,37.317047049348396,48.755212484237965,-9.295287447153193,9.001768703075696
1733,11,576,366.69824103291444,413.1488212230878,33.33620373026495,37.558983747553434,-24.108652728113054,-22.18813283431839
1734,24,81,57.85864027870785,29.196650062345338,2.4107766782794937,1.2165270859310557,2.2679320139353925,-0.633404306669053
1736,18,91,90.0757383881281,78.42519371202228,5.004207688229339,4.35695520622346,0.7591144090693821,-1.1471047445442493
1737,28,473,492.7245599776811,482.9046859399549,17.597305713488613,17.24659592642696,0.13304257585701545,-2.5713645646924532
1738,43,351,361.0810753890757,403.3705155569377,8.397234311373854,9.38070966411483,2.09872883361602,3.213184365323354
1739,1,1,17.598577844014752,14.215104492132692,17.598577844014752,14.215104492132692,17.598577844014752,14.215104492132692
1740,2,12,12.589785792768094,4.146743440721515,6.294892896384047,2.0733717203607576,6.294892896384047,2.0733717203607576
1741,43,377,320.53796034170085,288.18221462506426,7.454371170737229,6.70191196802475,2.9926510678939127,1.2733691415765396
1742,34,89,110.28796041806177,51.26842728142626,3.243763541707699,1.507894920041949,3.025284955111863,-0.014562445070255633
1743,53,2194,1344.5465345867656,1358.716686442513,25.368802539372936,25.636163895141756,0.8489185715318388,-0.5854984364136284
1744,1,1,7.930337553860172,8.512895340833056,7.930337553860172,8.512895340833056,7.930337553860172,8.512895340833056
1745,42,2284,1417.7610724996316,1431.8202547828475,33.756216011895994,34.09095844721065,-5.842580251108962,-3.552971614968204
1746,48,3070,1860.0522508476417,1826.2711774554818,38.75108855932587,38.04731619698921,-4.6849875665206,-6.285366284152126
1747,22,191,274.5480103967113,210.08221349157267,12.479455018032331,9.549191522344213,10.71955355914158,5.907095467710359
1748,9,137,209.46214708608744,235.405648205936,23.27357189845416,26.156183133992887,23.27357189845416,25.011779586962327
1749,24,710,985.1058642937596,922.3778060981517,41.04607767890665,38.43240858742299,-9.905168171328834,-12.228493371743753
1750,25,140,260.41834639894125,186.88503935088215,10.41673385595765,7.475401574035286,9.940819309860993,6.712406596560985
1753,5,7,21.214660069676963,9.994948865852974,4.242932013935393,1.9989897731705948,4.242932013935393,1.5517487170678161
1754,7,19,28.81573406386896,11.259205280173758,4.116533437695566,1.6084578971676797,4.116533437695566,1.21043412549059
1755,17,65,76.36196501214225,58.804190768082975,4.491880294831897,3.4590700451813516,2.0549231216402255,0.31500037737328446
1756,11,503,462.8267166115339,460.3684194939691,42.07515605559399,41.85167449945174,-36.894401460377395,-39.617602536228276
1757,62,317,285.0487443731469,203.71311377330417,4.597560393115272,3.2856953834403897,2.66633762735356,0.3172902483809203
1758,2,2,9.285864027870785,4.377651791899387,4.6429320139353925,2.1888258959496936,4.6429320139353925,2.1888258959496936
1759,16,128,152.78383950457265,115.90909678295976,9.548989969035791,7.244318548934985,3.052012129607431,0.2317997077622037
1761,2,2,9.285864027870785,6.902504926276395,4.6429320139353925,3.4512524631381973,4.6429320139353925,3.4512524631381973
1762,10,72,98.25201479736936,104.53315209392655,9.825201479736936,10.453315209392654,8.079358585721703,8.860487050392715
1763,13,262,211.11595165127764,275.3950619482588,16.23968858855982,21.184235534481445,9.655405247730878,16.012120437112706
1764,34,524,559.4014225591408,515.0698079334819,16.452983016445316,15.149111998043585,11.229534082473366,7.800343112079376
1765,73,524,401.1623189178273,344.51994230195976,5.495374231751059,4.719451264410408,2.0439883405745527,-0.5375104928216462
1766,20,252,272.51109478727915,241.3278424582342,13.625554739363958,12.06639212291171,-1.9941859884329802,-4.560916136487817
1767,12,75,69.84887130547537,58.77872412495842,5.820739275456281,4.898227010413202,4.9769424588246975,4.099196479803266
1769,14,232,199.55380813654656,196.60461683341106,14.253843438324754,14.043186916672218,6.7734414752713645,2.059236990037104
1771,9,54,43.67574688610526,39.24661516881926,4.852860765122807,4.360735018757696,2.472382083561494,0.470618802231558
1772,23,293,250.30735498954715,238.131950084212,10.882928477806399,10.353563047139653,-3.4580551986397046,-5.6732993926464195
1773,25,81,86.88300556022891,71.80769145833199,3.4753202224091564,2.8723076583332796,2.4296239057536506,1.1331943560044584
1774,16,70,63.567259266350156,72.70730720978055,3.9729537041468848,4.5442067006112845,3.541701913052134,4.511378430929103
1775,1,4,6.146150260035652,8.015597066142908,6.146150260035652,8.015597066142908,6.146150260035652,8.015597066142908
1777,1,9,3.3570679860646075,6.195726122940689,3.3570679860646075,6.195726122940689,-3.3570679860646075,-6.195726122940689
1778,14,46,112.27218939161693,93.39904672068988,8.019442099401209,6.671360480049278,8.019442099401209,6.6453949025918115
1779,15,64,42.481418978014624,36.37371623625312,2.8320945985343084,2.424914415750208,2.5209081565941385,0.40142001220073253
1780,37,188,189.65450812965113,159.66045041850373,5.125797517017598,4.315147308608209,2.3939859035397375,0.9029961045836549
1781,65,1438,966.0038403660463,1004.0675834227159,14.861597544093021,15.447193591118706,1.2886034966732232,3.049044362827018
1782,65,1528,1028.8237728803058,1076.0426912171642,15.828058044312398,16.554502941802525,-0.6645946115580778,1.6731424929888685
1783,42,1267,993.9316338622244,979.4577663213822,23.665038901481534,23.320423007651957,2.506887098474133,5.437720536670035
1784,5,8,23.523443097541193,13.330735794408701,4.7046886195082385,2.6661471588817403,4.7046886195082385,2.6661471588817403
1785,12,38,33.14345611148314,31.34816809140741,2.7619546759569285,2.6123473409506173,2.476265347268726,0.4974000451905553
1786,5,6,22.214660069676963,16.186518624483618,4.442932013935392,3.237303724896724,4.442932013935392,3.237303724896724
1788,4,11,11.57172805574157,7.682680220480453,2.8929320139353925,1.9206700551201132,2.8929320139353925,1.9206700551201132
1789,6,12,21.857592083612353,11.894886946684151,3.642932013935392,1.9824811577806918,3.642932013935392,1.38241344267803
1790,15,62,61.08890494746761,52.93531267571386,4.072593663164508,3.5290208450475906,3.8243302486976374,1.7129985746287189
1792,30,498,439.0170717656982,420.68807610736076,14.63390239218994,14.022935870245359,5.655805452884957,4.0777668335728725
1793,43,713,679.4871862017559,644.5653299199699,15.802027586087346,14.989891393487673,8.486111690217514,7.107047796444157
1794,72,4595,4060.5388733316913,4521.457806675263,56.396373240717935,62.79802509271198,9.409968893881453,22.564809731961475
1795,72,2426,1853.7990341585362,2026.9829605528116,25.747208807757445,28.15254111878905,0.30833383353543453,5.451828317567499
1801,1,24,14.783141849471917,24.581660694755662,14.783141849471917,24.581660694755662,14.783141849471917,24.581660694755662
1802,50,1498,1212.6374433026917,1712.152969050009,24.252748866053835,34.24305938100018,9.002824647661892,23.901981155784032
1803,59,2207,1833.5311901378868,1857.2571899798463,31.076799832845538,31.478935423387227,-0.6212072579339059,1.2105950782688746
1805,1,2,3.6429320139353925,3.0981903203648713,3.6429320139353925,3.0981903203648713,3.6429320139353925,3.0981903203648713
1806,20,185,230.3623655266857,185.5893290639904,11.518118276334285,9.27946645319952,7.603679868664374,2.7990239024436407
1807,17,237,163.37334103154583,155.53335087148452,9.610196531267402,9.149020639499089,4.340531995198975,3.8761258246665524
1808,25,178,247.5242561876007,204.11899458055004,9.900970247504029,8.164759783222001,9.216150130782257,6.679222416013284
1809,18,426,612.714569823611,665.8307002482886,34.03969832353394,36.990594458238256,5.5843648304870195,11.132919081388458
1810,51,622,471.16837768026915,478.5696900556032,9.23859564078959,9.383719412854964,3.115787610146261,3.453254956316401
1811,68,2596,1919.8125570395898,1862.1032369422821,28.23253760352338,27.38387113150415,-0.3220762624516334,-2.5745468673047647
1812,71,2611,1830.2895110033958,1865.741415432091,25.77872550709008,26.278048104677335,-5.868120216479484,-3.525589944320261
1813,18,84,61.674781201517476,61.271034687920846,3.4263767334176376,3.403946371551158,2.266521379364941,1.4096095701698397
1815,32,148,143.10995459585246,110.47177307943272,4.472186081120389,3.4522429087322726,1.5085834421967421,-1.1154202831828404
1816,73,3549,4119.609313219661,6598.1673175429205,56.43300429068029,90.38585366497152,13.474039209327461,71.12767110615432
1817,75,7467,4435.4193181214005,4375.676353097022,59.138924241618675,58.34235137462696,-35.822890900292876,-36.43716076608898
1818,76,4737,5164.148193622373,4757.107794627302,67.94931833713649,62.59352361351713,20.998773740817295,13.993436494770583
1819,74,4089,5771.93283386112,6044.1309239235225,77.9990923494746,81.67744491788544,38.41833595668016,43.9482430832586
1821,5,340,458.58746969137417,566.6801915612225,91.71749393827483,113.3360383122445,-8.101677107549488,14.138243427521786
1822,49,704,563.306195992639,543.9465317065514,11.496044816176306,11.100949626664313,2.581088178545677,1.5419575488211488
1823,53,3376,3758.528347030671,3787.767791559021,70.91562918925794,71.46731682186832,6.951386388844464,7.652611326826607
1824,40,4358,2790.9011202134648,2902.991442037703,69.77252800533662,72.57478605094258,-15.757772990931276,-7.160397935273595
1825,70,2110,2049.770616677658,1909.6916538259031,29.2824373811094,27.281309340370044,13.156427862176978,11.040252890733523
1826,72,6882,6949.164163400418,8186.106275141854,96.51616893611691,113.6959204880813,-5.658177157671819,26.01190420832234
1827,67,2100,2448.767454643999,3422.3696671085677,36.54876797976118,51.0801442852025,8.933137886932306,26.940011417209153
1828,77,15145,11249.32193966169,10931.575389069032,146.09509012547647,141.96851154635107,-65.13281883442669,-64.87154430903195
1829,67,2202,2417.586247265244,2564.1979786852435,36.08337682485438,38.27161162216781,7.000341468070487,10.514566649274638
1831,62,2307,2284.1243696291945,2202.472963906542,36.84071563918056,35.523757482363585,7.910898235827325,3.778736777087957
1832,65,4057,4882.521094662984,5717.5107656209575,75.1157091486613,87.96170408647627,12.456413423998294,30.087495036969877
1833,38,897,973.55284139592,930.3256506691362,25.619811615682107,24.482253964977268,3.832223284023829,1.7283206520177632
1834,73,4155,2866.300869283052,2827.330567556876,39.26439546963085,38.7305557199572,-11.930329648931233,-11.061992671731591
1836,77,7875,5745.07537704251,6317.051042570714,74.61136853301961,82.03962392948979,-11.79265806092029,-1.7287992412333981
1837,75,3866,3663.7772034732543,3440.741851628474,48.850362712976725,45.87655802171298,16.08593317970875,13.954588638593698
1838,71,2644,2710.239077854962,2902.435108126675,38.1723813782389,40.87936772009402,2.5048786157866214,4.906663191628412
1839,74,3534,3333.113568918576,3930.6192485483048,45.042075255656435,53.11647633173385,6.133991467202238,20.861026774960806
1840,66,1792,1565.767214500699,1498.6961462577035,23.723745674253017,22.707517367540962,2.3613418738914542,0.3649092527573927
1841,75,3177,3131.891519246535,4274.9739861714625,41.7585535899538,56.99965314895283,8.11731570399484,27.741876483522763
1843,16,104,104.68828365534631,88.2414699213954,6.543017728459144,5.515091870087213,4.072932488966799,2.4111255547238217
1844,1,50,31.401422155985248,35.89271067455322,31.401422155985248,35.89271067455322,-31.401422155985248,-35.89271067455322
1845,13,269,513.5058621429172,618.0205108158434,39.50045093407055,47.54003929352642,8.59181869257906,14.965621651727465
1847,8,20,31.857592083612353,14.421480854190442,3.982199010451544,1.8026851067738052,3.1429320139353925,-0.3202648646834163
1848,6,18,18.044910982606005,7.073344641879535,3.0074851637676674,1.1788907736465892,3.0074851637676674,0.3739626726093368
1849,24,56,84.14450430657864,43.404695363263286,3.50602101277411,1.8085289734693035,3.309598680602059,0.4253112656436693
1850,50,312,549.4984780377283,381.5398212840303,10.989969560754567,7.6307964256806065,9.465962881147375,4.550735633721166
1851,39,338,471.42965939979314,470.43106900408566,12.087939984610081,12.062335102668863,9.198570125528505,8.140238162037269
1853,48,487,614.254210254084,546.1655346540681,12.79696271362675,11.378448638626418,8.850139669054524,5.360419820499264
1854,41,1580,972.2300371355836,1060.4973492962204,23.712927735014237,25.865789007224887,-0.9107089761206171,-0.2110122354646952
1855,41,1770,1245.4847110419548,1313.4176622269852,30.37767587907207,32.034577127487445,-2.716437201241475,-2.720946932870332
1856,1,8,2.2558656841979747,4.109313369114224,2.2558656841979747,4.109313369114224,-2.2558656841979747,-4.109313369114224
1857,1,8,2.2558656841979747,4.109313369114224,2.2558656841979747,4.109313369114224,-2.2558656841979747,-4.109313369114224
1858,25,390,446.60389595312967,416.23772761123035,17.864155838125185,16.649509104449216,5.189659252248419,3.0890095389573045
1859,24,244,322.21968580370077,283.05961138031535,13.425820241820865,11.794150474179807,7.00935630504123,5.097965484810994
1860,19,68,66.70529594563686,54.55549588638596,3.510805049770361,2.871341888757156,2.221281526198497,0.48448433718309364
1861,3,300,270.00044216920196,266.53426420838645,90.00014738973398,88.84475473612882,-90.00014738973398,-88.84475473612882
1862,31,256,490.4742268208047,401.6745028352911,15.821749252284022,12.957242026944874,11.882696355098501,7.802961280363571
1863,24,85,99.23292309769965,67.31419719795444,4.134705129070819,2.804758216581435,3.7175752626816454,1.7215549935704093
1864,1,3,2.6429320139353925,0.4593903253299292,2.6429320139353925,0.4593903253299292,2.6429320139353925,-0.4593903253299292
1865,40,629,767.3863566127427,610.0089193641259,19.18465891531857,15.250222984103146,3.221983679435587,-4.903143574929671
1866,3,8,8.928796041806176,3.686243762458325,2.9762653472687255,1.2287479208194416,2.9762653472687255,0.8429314626354293
1868,15,118,128.51654220872484,127.54339776611536,8.567769480581656,8.502893184407691,5.297922515572895,4.671356944930546
1869,28,467,856.4466308018842,843.3760224425913,30.587379671495864,30.120572230092545,27.91310595904912,25.813614849492364
1870,47,819,690.6604663634932,727.2098842913852,14.694903539648793,15.47255072960394,-4.670130320698408,-4.5437460595162005
1871,21,367,239.79244125604447,265.72316317758884,11.41868767885926,12.653483960837564,7.3641332284972885,9.217855571850208
1873,70,1286,1099.3363370667546,1027.8075801870039,15.704804815239351,14.682965431242913,-1.5750982576890615,-2.692487798674667
1874,8,40,23.344286017289313,29.34926247137839,2.918035752161164,3.6686578089222985,2.386139056335413,2.2605795682840677
1875,14,193,380.33948012648557,310.00505444065425,27.167105723320397,22.143218174332446,25.327607737119255,20.233746256777362
1878,63,911,1045.9460312807487,993.6813980557259,16.60231795683728,15.772720604059142,10.673576893972712,8.840196395654136
1881,40,773,1190.5863319426894,1105.8273133353198,29.764658298567234,27.645682833382995,6.394929707235647,5.433885303682086
1883,21,347,674.3819966122355,746.4832991725589,32.11342841010645,35.546823770121854,3.7937076495288693,6.988864390359481
1884,32,557,941.3594649813325,809.3749287152364,29.41748328066664,25.292966522351136,3.37564126469506,-0.9232699642629578
1885,29,435,740.6999000777267,678.5356124886257,25.5413758647492,23.397779740987094,5.850860761712674,3.189350524726074
1886,29,410,751.9261566596124,681.8390578724521,25.928488160676288,23.51169165077421,6.020180084314292,3.6143910323410613
1887,26,419,734.0320141975247,673.5374547653986,28.232000546058643,25.9052867217461,4.929640273039478,2.301703113364911
1888,33,419,807.1421777361466,932.1615310240823,24.45885387079232,28.247319121941885,7.155067871154162,10.356534045903224
1889,41,244,214.0165357729104,173.25642784385678,5.219915506656351,4.225766532776995,2.5355761539322708,0.1592686675307312
1890,3,7,9.928796041806176,1.1062440200341435,3.309598680602059,0.3687480066780478,3.309598680602059,0.25927648243766416
1891,31,283,315.03128210707035,303.338898860211,10.16229942280872,9.785125769684225,-0.4898243656823193,-0.8848548339862917
1892,7,18,29.333894965955864,33.46077999578014,4.190556423707981,4.780111427968592,3.260309085365702,3.794886660066602
1893,1,4,14.100851780889357,8.41164308030024,14.100851780889357,8.41164308030024,14.100851780889357,8.41164308030024
1894,5,20,24.130165365083577,35.51366308717894,4.826033073016715,7.102732617435788,4.826033073016715,7.102732617435788
1895,4,88,54.118659920263255,46.687407470421455,13.529664980065814,11.671851867605364,0.0589404850364037,-2.085355062723144
1896,29,291,233.07627469791254,216.26499024344122,8.037112920617673,7.457413456670387,-3.2232806300509838,-5.1696765272028395
1898,18,321,268.9104393209391,267.60832332195156,14.939468851163282,14.867129073441752,-3.2608603311049302,-5.7419281318404165
1899,15,116,148.1033323898999,160.01015471534586,9.873555492659992,10.667343647689725,1.9577970737951238,3.064102550351096
1901,2,4,7.285864027870785,1.916806358461649,3.6429320139353925,0.9584031792308245,3.6429320139353925,-0.47276975369551977
1902,55,1046,980.8186922334228,983.8510656262201,17.833067131516778,17.888201193204,4.043407344108856,3.4078964901620257
1903,17,280,224.21815681747216,222.41276432145224,13.189303342204244,13.083103783614838,3.3440117535620524,3.8261438925974547
1904,24,1153,1401.2630502406505,1325.9653768769906,58.38596042669377,55.24855736987461,5.799928355350659,2.0621161897843074
1905,1,4,3.8937495698653164,1.8130687791289173,3.8937495698653164,1.8130687791289173,3.8937495698653164,1.8130687791289173
1906,11,27,36.240118929381765,24.76326616989556,3.294556266307433,2.251206015445051,3.2498559444610335,1.9712999926073622
1907,24,479,392.3787036933969,402.36638687396356,16.349112653891538,16.765266119748482,-0.5958385612164712,-1.5221938080773825
1908,47,607,551.0868864227031,502.94684797217894,11.725252902610704,10.70099676536551,-0.2926601691936099,-1.0444752005622895
1909,43,508,574.5675419946643,574.9255646893035,13.362035860341031,13.370361969518687,-2.746662662143872,-3.1443440639905815
1911,18,68,67.79203950429027,48.33862543302303,3.766224416905015,2.685479190723502,1.9090981977795474,0.08716805201396197
1912,2,6,9.787499139730633,9.333971806974471,4.893749569865316,4.666985903487236,4.893749569865316,4.666985903487236
1913,2,27,33.457919766953964,27.92188274706403,16.728959883476982,13.960941373532014,-1.6281081025876247,-2.5650026368524994
1914,20,77,85.44740867539753,87.92453494366872,4.2723704337698765,4.3962267471834355,2.999154289182198,3.2391910868352176
1917,32,692,682.5408953235893,632.5562223033804,21.329402978862166,19.767381946980638,-9.49034956170453,-12.299550707529704
1918,27,472,449.46026146618294,433.3220513115712,16.646676350599368,16.048964863391525,-5.1059513645383765,-5.977910318077211
1919,7,20,97.64379903921173,82.09351617227117,13.949114148458818,11.72764516746731,13.949114148458818,11.72764516746731
1920,33,127,124.73103121400152,92.71472248588874,3.7797282186061065,2.8095370450269317,1.8384438731225774,-0.37030310616736767
1921,2,3,13.96475267941353,14.799408303528416,6.982376339706765,7.399704151764208,6.982376339706765,7.399704151764208
1922,5,84,40.50446640378332,35.305089070949066,8.100893280756663,7.061017814189813,4.241863184623713,4.272109660819427
1924,72,1760,1172.0018069452178,1265.9074377436887,16.277802874239136,17.58204774644012,-2.2132795942783856,-0.9928417103370614
1925,19,154,136.64375578191505,115.69846257768123,7.191776620100792,6.08939276724638,2.2144837866289158,0.27359584055789404
1927,21,247,225.42621200129173,195.6660270146025,10.734581523871034,9.317429857838214,-0.1366968435130318,-2.8495297084862847
1928,2,6,9.649810789031834,5.393819039152508,4.824905394515917,2.696909519576254,4.824905394515917,2.696909519576254
1929,1,1,18.919073536483896,5.785074365265068,18.919073536483896,5.785074365265068,18.919073536483896,5.785074365265068
1931,50,880,1126.0961431205749,1086.8956395416062,22.521922862411497,21.737912790832123,-0.9513656135255304,-2.644226474832907
1932,25,240,288.6991975764559,282.1724277336542,11.547967903058236,11.28689710934617,9.650361821674744,9.684951933671021
1933,43,900,804.5410679173673,823.8193072009491,18.710257393427145,19.158588539556956,0.6447974787308419,-0.15713482007935067
1934,24,264,317.8393130480597,348.7631927187476,13.24330471033582,14.531799696614483,7.022346615795534,8.37045913689209
1935,32,347,235.64574249902765,251.86209969846635,7.363929453094614,7.8706906155770735,3.1209809243974647,4.156281918923869
1936,2,15,9.521099776450729,4.785256245239905,4.7605498882253645,2.3926281226199526,4.7605498882253645,2.3926281226199526
1938,6,216,97.89948090963982,109.8345188136224,16.316580151606637,18.305753135603734,2.892351761560853,8.034625256427859
1939,22,237,143.1361960896531,159.71557387091585,6.506190731347869,7.259798812314357,3.477077354684155,4.858447330054359
1940,39,497,471.7530520139224,455.93804212034433,12.096232102921087,11.690719028726777,5.785052605701065,5.497834555238664
1941,2,53,60.48567856373816,59.76785148344787,30.24283928186908,29.883925741723935,-16.114228704195526,-19.109895239732218
1942,23,40,89.78743632051403,33.284883306579474,3.903801579152784,1.4471688394164988,3.903801579152784,0.7272618739379907
1943,62,521,393.7251845766112,381.56038250928236,6.350406202848568,6.154199717891651,1.398140852315973,-0.32473810984708285
1945,2,24,4.170026508796035,8.473848269873336,2.0850132543980173,4.236924134936668,2.0850132543980173,4.236924134936668
1946,15,62,50.26836240717171,35.72885475143188,3.3512241604781137,2.381923650095459,2.6462413785580847,1.0371558915247785
1947,6,41,38.30035685734596,35.54483339544958,6.38339280955766,5.924138899241597,3.4413265899942718,1.484076299536108
1948,1,12,3.9130993293450835,8.39566805035158,3.9130993293450835,8.39566805035158,-3.9130993293450835,-8.39566805035158
1949,4,32,29.197155688029504,27.527362707343833,7.299288922007376,6.881840676835958,5.9670899495594805,4.042745931045413
1950,4,31,20.46446966975153,18.69780417178124,5.1161174174378825,4.67445104294531,3.1595677527653407,1.1452614908622518
1951,3,31,11.598577844014752,13.116542882929728,3.866192614671584,4.372180960976576,1.2574597284415283,0.5037345375310345
1952,2,13,26.034216081951318,40.48520489646092,13.017108040975659,20.24260244823046,13.017108040975659,13.429598878161666
1953,3,31,35.598577844014756,37.39574985321259,11.866192614671585,12.465249951070865,1.2574597284415283,-1.6474845899422224
1954,4,20,31.46446966975153,32.395307284743495,7.8661174174378825,8.098826821185874,5.909567752765341,4.9557540004601215
1955,2,13,21.92954888681589,35.276077375778925,10.964774443407945,17.638038687889463,10.964774443407945,17.638038687889463
1956,2,18,6.0,8.165330092907116,3.0,4.082665046453558,-0.9130993293450835,-4.082665046453558
1957,3,31,11.598577844014752,12.042290916292803,3.866192614671584,4.014096972097601,1.2574597284415283,-2.7558152639515243
1958,3,37,33.44253633067435,41.35754052538631,11.147512110224783,13.785846841795438,1.3712468136275895,2.6854093615339427
1959,2,18,6.0,7.247994692847385,3.0,3.6239973464236925,-0.9130993293450835,0.19176240790092436
1960,4,16,36.24346082483339,31.389207948258225,9.060865206208348,7.847301987064556,7.104315541535806,4.464230654311075
1961,1,12,5.093890430305329,6.813003570068794,5.093890430305329,6.813003570068794,5.093890430305329,-6.813003570068794
1962,2,25,9.511677173359836,11.172891605387942,4.755838586679918,5.586445802693971,0.8427392573348342,-3.3111482298077792
1963,2,13,21.511677173359836,24.386064139711323,10.755838586679918,12.193032069855661,6.842739257334834,3.685100168794814
1964,3,37,14.339370608065868,18.919194469328858,4.7797902026886225,6.3063981564429525,-0.27187464680529355,-2.966161879711748
1965,1,12,5.093890430305329,6.813003570068794,5.093890430305329,6.813003570068794,5.093890430305329,-6.813003570068794
1966,1,12,5.093890430305329,6.813003570068794,5.093890430305329,6.813003570068794,5.093890430305329,-6.813003570068794
1967,1,12,3.9130993293450835,8.39566805035158,3.9130993293450835,8.39566805035158,-3.9130993293450835,-8.39566805035158
1968,1,12,5.093890430305329,6.813003570068794,5.093890430305329,6.813003570068794,5.093890430305329,-6.813003570068794
1969,2,60,34.81920889903975,41.66864151953601,17.409604449519875,20.834320759768005,-17.409604449519875,-20.834320759768005
1970,1,12,5.093890430305329,6.813003570068794,5.093890430305329,6.813003570068794,5.093890430305329,-6.813003570068794
1971,58,555,554.1678721758371,672.3392742141373,9.554618485790296,11.592056451967885,-0.05985848052575017,1.1099434575088156
1972,19,865,1155.812737038906,840.870695376838,60.83224931783716,44.256352388254626,41.04049033811943,5.617716169967038
1973,4,7,15.57172805574157,6.2493975149306795,3.8929320139353925,1.5623493787326699,3.8929320139353925,1.2976183195091147
1974,1,2,15.09389043030533,5.118205606704333,15.09389043030533,5.118205606704333,15.09389043030533,5.118205606704333
1975,38,237,247.3327416020115,201.04075454235252,6.5087563579476715,5.290546172167171,4.10141331150449,2.732702912680934
1978,6,8,25.857592083612353,11.165098301488857,4.3095986806020585,1.8608497169148095,4.3095986806020585,1.8608497169148095
1980,1,4,13.929006382227211,11.49218193391071,13.929006382227211,11.49218193391071,13.929006382227211,11.49218193391071
1982,3,5,11.928796041806176,6.121356663390511,3.9762653472687255,2.0404522211301703,3.9762653472687255,1.7891038794742105
1983,2,2,9.285864027870785,7.270602826714434,4.6429320139353925,3.635301413357217,4.6429320139353925,3.635301413357217
1984,30,519,557.897244568014,566.1271407396376,18.5965748189338,18.870904691321254,5.895843848566241,5.682844810773101
1985,37,866,867.6504439796782,860.4354197541194,23.450011999450762,23.255011344705927,2.7223306617280967,2.9327680125563123
1986,48,1087,987.4442649420682,1004.4355405139449,20.57175551962642,20.925740427373853,5.260122404619676,6.247847429448984
1987,1,2,3.6429320139353925,0.1388198054749843,3.6429320139353925,0.1388198054749843,3.6429320139353925,-0.1388198054749843
1988,19,43,64.21570826477246,23.153042904857514,3.3797741191985504,1.2185812055188165,3.3797741191985504,0.2345540714545627
1989,11,35,39.696582757629464,12.866334969597172,3.6087802506935875,1.1696668154179248,3.6087802506935875,0.7084785807973297
1990,3,6,14.304718860007792,6.367184915192405,4.768239620002597,2.122394971730802,4.768239620002597,2.122394971730802
1991,3,8,12.304718860007792,5.820304810624725,4.101572953335931,1.940101603541575,4.101572953335931,1.7187546670413176
1992,10,33,26.14345611148314,11.072058660300158,2.614345611148314,1.1072058660300157,2.3429320139353926,-0.35543773054975675
1993,22,236,287.3362145203227,273.378128165085,13.060737023651031,12.42627855295841,4.0255595217626015,0.9659115809754568
1994,9,41,38.482536664230906,29.340177806224485,4.275837407136767,3.260019756247165,3.3503844297889986,1.6018846115059802
1995,50,1004,1116.7615539150079,930.9302422827607,22.335231078300158,18.618604845655213,7.00785935643068,2.2324698553779156
1996,23,59,110.53042114798062,28.458067351641734,4.80567048469481,1.2373072761583364,4.80567048469481,0.14618293350979358
1997,1,1,4.6429320139353925,0.6082925069414529,4.6429320139353925,0.6082925069414529,4.6429320139353925,0.6082925069414529
1998,65,394,385.5746665658163,362.262571543523,5.931917947166404,5.573270331438815,2.3534967045808153,2.056792064887774
1999,8,38,56.36480382734785,63.4027977309675,7.045600478418481,7.925349716370937,6.224021957998207,7.4920820516957045
2001,24,253,616.1634407424091,691.8276151368232,25.67347669760038,28.826150630700965,25.463269169965415,28.195546993776944
2002,6,13,41.79134311087938,29.84275998814462,6.965223851813231,4.973793331357437,6.965223851813231,4.592967461764837
2003,33,729,737.8023923340216,805.9267486122242,22.35764825254611,24.422022685218913,6.023002520985832,12.812585479662381
2004,77,2046,1246.8065353641432,1244.2344653354883,16.192292667066795,16.158889160201145,-2.8507717571253863,-0.9925040735999231
2006,1,25,10.896053009038411,17.651949829972537,10.896053009038411,17.651949829972537,10.896053009038411,17.651949829972537
2007,17,31,65.64398020903089,25.134125070900197,3.8614106005312285,1.4784779453470704,3.819402602170687,0.8477960391244987
2008,54,896,880.0406374711251,846.0686652446501,16.297048842057873,15.667938245271298,2.2759055484619655,0.28604548709133976
2009,7,62,43.76722842902508,44.47600905804511,6.2524612041464405,6.353715579720729,6.2524612041464405,6.353715579720729
2010,77,3188,2314.096451412231,3450.0221446112632,30.053200667691314,44.80548239754887,12.985887190442677,31.032411906921308
2011,72,1768,1769.321894891986,1717.504711226299,24.57391520683314,23.854232100365262,17.35369085286888,15.577428938402862
2012,73,2907,3124.2265806064693,3691.647076124134,42.79762439186944,50.57050789211142,21.206656836519496,29.49863415007156
2013,71,2368,1963.4473712447239,4717.7400212004295,27.654188327390475,66.44704255211873,11.830385858100982,58.82886621964815
2014,6,70,202.32331815713383,266.0149020489019,33.72055302618897,44.335817008150315,33.72055302618897,44.335817008150315
2015,65,1338,1176.2301343880392,1302.5613952196636,18.09584822135445,20.039406080302516,9.855090344541125,12.639249134527658
2016,39,3305,1871.6357365296926,2072.6355140290193,47.99065991101776,53.14450035971844,-8.139887796092056,-4.973945675558187
2017,73,1948,1918.4853048220718,4086.549124520325,26.280620614000984,55.980124993429115,17.159176896424306,49.4265232883998
2018,76,4332,3481.9409197187147,3956.221368382212,45.81501210156203,52.055544320818576,20.965171053861255,28.73343814897247
2020,30,1547,1064.7698023932296,1028.1386408068263,35.49232674644099,34.27128802689421,-13.318696378357815,-12.283999343312384
2021,72,3008,2158.759480124287,2777.1630206876353,29.982770557281768,38.5717086206616,1.2220921068541155,13.820182345784032
2023,71,2252,2011.1725592129178,2016.1126299354314,28.326374073421377,28.395952534301852,18.895769444260747,18.96252222585323
2025,75,4363,2625.831890454297,2696.137372792636,35.01109187272396,35.948498303901815,-1.0848161808711603,0.35505554537142947
2026,67,1904,1523.2480999533527,1610.5506281042497,22.735046267960488,24.03806907618283,5.55606008492037,5.065839844847849
2027,72,1884,1588.7471921969905,1689.9290343628552,22.0659332249582,23.47123658837299,9.884890130902097,10.833218119066904
2028,60,2302,3123.41889925055,5480.72347680824,52.056981654175836,91.34539128013733,9.108428666827706,59.38338949956878
2030,51,691,799.0550478995955,702.8978633160334,15.667746037246971,13.78231104541242,3.059626084070902,-0.053535915350864674
2035,30,385,297.11771339311684,232.729318888121,9.903923779770562,7.757643962937367,6.750377189849666,3.238271272546511
2036,9,77,94.62262748400482,90.57202455654176,10.513625276000536,10.063558284060196,6.7749120228568955,5.891975395825564
2037,26,176,605.6426332052686,518.9480738950984,23.29394743097187,19.959541303657634,23.29394743097187,19.780742778808158
2038,36,503,582.8065887924653,568.9375618604935,16.189071910901813,15.803821162791486,12.669402279374285,12.80880934986898
2039,43,928,836.2934753829791,860.0216057437283,19.44868547402277,20.000502459156472,9.348281018810578,11.427593274769734
2040,40,798,563.6141455351501,624.6199783575631,14.090353638378753,15.615499458939079,4.741018883175026,8.997429315466997
2041,46,1729,1329.0680183096988,1367.3715111302354,28.892783006732582,29.725467633265986,-4.956248836965237,-2.5857561542352587
2042,21,467,428.90344543023497,408.77653399558875,20.42397359191595,19.465549237885178,0.3855191639290383,-1.1291409674016002
2043,22,264,347.9057965721262,313.3747681144142,15.813899844187553,14.244307641564284,14.04612294990435,12.122365550315795
2044,39,646,1186.9185332430195,955.9792486209257,30.43380854469281,24.51228842617758,27.808133807591677,19.855257257566084
2045,51,1639,1373.8090618961344,1313.2770845781483,26.937432586198714,25.75053107015977,3.599921557649425,3.2197237579970417
2046,11,80,71.94591983943401,64.04281482223777,6.540538167221274,5.822074074748889,2.7667503637445607,0.46235080347464236
2047,38,727,587.8289120791528,629.7190214059253,15.46918189681981,16.571553194892772,-0.03402574816105136,3.8675681193678457
2048,30,475,344.55283975733056,337.9409862090612,11.485094658577685,11.26469954030204,-0.2319431160634558,-0.5791586249388433
2049,12,81,127.63603689479214,126.63478512676942,10.636336407899345,10.552898760564117,8.906820492794145,8.452104814357007
2050,43,531,597.6775433806795,667.1718914695518,13.899477753039058,15.515625383012834,9.330731356878195,11.719661488775653
2051,33,345,441.32336977443305,412.3285192695984,13.373435447710092,12.494803614230255,11.340149318118982,10.419062515969427
2052,56,1100,893.6575239780157,1088.0023840390004,15.958170071035994,19.428614000696435,7.283619420210964,14.263152333197363
2053,40,660,718.2718143834833,900.012733390498,17.956795359587083,22.50031833476245,8.30985137472192,14.360194585741306
2054,28,276,433.7496049689255,426.65924334831266,15.491057320318768,15.237830119582595,15.491057320318768,15.237830119582595
2055,1,3,2.6429320139353925,1.4656816923006328,2.6429320139353925,1.4656816923006328,2.6429320139353925,1.4656816923006328
2056,36,402,310.34350636710724,317.1221500392045,8.620652954641868,8.808948612200124,-2.491960885770866,-3.999781822308832
2057,36,391,281.70228262986905,292.2000245672452,7.825063406385251,8.116667349090143,-2.2486199764326433,-3.8141049809933674
2058,26,374,284.42961903799727,281.3462697494002,10.939600732230664,10.821010374976932,-5.238807179545005,-7.344317100599899
2059,5,15,13.214660069676963,3.1476546096063736,2.6429320139353925,0.6295309219212747,2.6429320139353925,-0.178804711281429
2060,33,265,250.58722844987125,236.8671636794721,7.593552377268826,7.1777928387718815,1.5059928701824,-0.4870445588164595
2061,49,6099,6613.499715478971,6158.033634708775,134.96938194855042,125.67415581038317,-88.26264935006607,-106.7824824862233
2062,44,157,140.19065063538307,83.20666038301229,3.1861511508041604,1.8910604632502794,2.5130820210390032,-0.02180391925789142
2064,9,278,245.3799443920438,246.70488456759878,27.264438265782644,27.41165384084431,-21.62758079402124,-23.403720284414394
2065,14,313,290.89712797397976,283.90177715188673,20.778366283855696,20.27869836799191,-15.081035067208862,-17.501813406659817
2067,14,44,37.715184167224706,15.348483692504441,2.693941726230336,1.0963202637503173,2.5000748710782497,0.2715459114348384
2068,12,90,48.50754200504963,39.70224113914993,4.042295167087469,3.308520094929161,0.8972187222465666,-1.1725411357887252
2069,21,93,84.64949847758288,60.88008176744173,4.030928498932518,2.8990515127353205,3.316301731673267,1.0323534404439667
2070,9,33,41.45840535650255,36.129582951966995,4.606489484055839,4.01439810577411,4.566605249225205,3.202243598626351
2071,41,111,125.78848451560953,48.05650075712218,3.068011817453891,1.1721097745639557,2.9356149407646606,-0.41620134149208365
2072,3,7,9.928796041806176,4.355989555687863,3.309598680602059,1.451996518562621,3.309598680602059,0.5474210839469803
2073,2,2,9.285864027870785,5.036094421129638,4.6429320139353925,2.518047210564819,4.6429320139353925,2.518047210564819
2074,50,1263,1223.0086960816143,1164.5492230376444,24.460173921632286,23.290984460752888,2.13759456906163,0.8946818042514394
2075,5,50,86.41164639717225,94.19416964219602,17.28232927943445,18.838833928439204,17.28232927943445,18.838833928439204
2076,14,107,78.51302099465096,65.06620566831704,5.608072928189354,4.647586119165503,0.18511999035929744,-1.8777150916147962
2077,2,22,26.294378601321,20.21162690309555,13.1471893006605,10.105813451547775,0.9536624802288571,0.2901252851317411
2078,23,136,117.0414012140587,107.33332525706581,5.088756574524291,4.6666663155246,2.6252498202058545,1.7931627932820795
2079,3,16,13.873044180427431,14.571737133690995,4.624348060142477,4.857245711230331,0.6993566704432178,5.680299742749639e-05
2081,53,347,328.18876098938375,245.19739466610113,6.192240773384599,4.6263659370962475,1.7058512144531397,-0.9802969513645506
2082,58,769,862.9486414237073,695.9932080534622,14.878424852132884,11.999882897473487,-0.4108702655567958,-5.522331930192631
2083,51,559,492.83729699738944,485.4440700534656,9.663476411713518,9.518511177518933,-0.5030715831441123,-0.02705319903621526
2085,29,358,320.2359183480729,354.51894006289257,11.04261787407148,12.224791036651467,5.230398463820419,7.8301956630293335
2086,1,12,6.3570679860646075,7.0809651047340125,6.3570679860646075,7.0809651047340125,-6.3570679860646075,-7.0809651047340125
2087,34,430,360.2072743325705,400.0608854764042,10.59433159801678,11.766496631658947,-0.9822878087896912,-0.3756667449360988
2088,1,12,0.632746829535618,2.631827834347238,0.632746829535618,2.631827834347238,-0.632746829535618,-2.631827834347238
2089,7,24,51.925683603722675,39.89227077273195,7.4179548005318106,5.698895824675993,7.4179548005318106,5.698895824675993
2090,66,1114,929.6852093415413,1016.9523652493866,14.086139535477898,15.408369170445251,1.5522032216817663,4.192199881307705
2091,52,699,606.3802759968205,498.86242038000836,11.66115915378501,9.59350808423093,4.633645062491526,-1.9238575828019955
2092,13,803,950.4837171581859,832.7999205533218,73.11413208909121,64.06153235025553,-41.09158089786305,-50.86514715947966
2093,36,186,362.4064709252287,173.54872630598385,10.066846414589685,4.8207979529439955,9.484259215422478,2.438344309668514
2094,16,82,107.84202540246544,95.14449320323709,6.74012658765409,5.946530825202318,5.3147473004122405,3.9525104091186267
2095,56,2004,1949.5116527751557,1871.028393512131,34.812708085270636,33.41122131271663,-23.859431971589363,-26.117772567646313
2096,8,29,56.4267488950473,51.36046067075026,7.053343611880912,6.420057583843782,7.053343611880912,6.310140136455266
2098,14,58,50.330508427243636,42.25150247295111,3.5950363162316883,3.0179644623536506,2.6857303183810535,1.6912671357631537
2100,1,1,17.598577844014752,14.752682816752586,17.598577844014752,14.752682816752586,17.598577844014752,14.752682816752586
2101,2,8,16.67984708906269,14.774936856816353,8.339923544531345,7.387468428408177,8.339923544531345,7.387468428408177
2102,1,2,3.6429320139353925,2.8560388316085703,3.6429320139353925,2.8560388316085703,3.6429320139353925,2.8560388316085703
2103,1,4,1.6429320139353925,0.42368402023641494,1.6429320139353925,0.42368402023641494,1.6429320139353925,-0.42368402023641494
2104,2,12,5.7517610466607385,7.129267931883685,2.8758805233303693,3.5646339659418427,0.6200148391323945,1.2859456538486231
2105,36,166,233.90099617624026,162.71262699943546,6.497249893784452,4.519795194428763,5.768694103413368,2.0427329826508887
2107,18,204,153.3741536689548,170.93888414643604,8.520786314941933,9.496604674802002,5.592893591560384,7.207657897025048
2108,10,40,32.9498522848284,25.59704160000502,3.2949852284828403,2.559704160000502,2.6681635936301964,1.1482151059067391
2110,29,136,121.64543220640702,103.05009614461807,4.194670076083001,3.5534515911937263,1.5806856554413726,-0.6065632801244261
2112,26,400,300.024708733076,307.65348058069617,11.539411874349078,11.832826176180621,-2.3872638907095736,-1.0072384737370694
2113,13,274,273.74468533708006,301.19761701608513,21.057283487467696,23.16904746277578,7.239469545192654,9.91972436233097
2114,28,214,209.80006700643958,258.37662061173893,7.4928595359442705,9.227736450419247,2.6957436305305484,5.668111404714539
2115,10,328,260.3858540650111,240.93661861307393,26.038585406501106,24.093661861307393,-10.212603436424036,-11.881918700739233
2117,9,423,336.65140991768516,318.3856404541643,37.40571221307613,35.37618227268492,-11.561071122687032,-14.07782224226541
2118,18,487,599.0079934423981,596.3091921811206,33.27822185791101,33.1282884545067,0.7565256965692346,2.9038215368261424
2119,16,446,460.77638594147066,509.58846534477755,28.798524121341917,31.849279084048597,11.115335430989933,12.960345674174976
2120,15,220,340.3127731838326,357.92488035705105,22.687518212255505,23.86165869047007,5.244779234219842,7.639084362388469
2121,25,1404,1149.075267961512,1217.3172838962976,45.96301071846048,48.692691355851906,-20.841337301669753,-15.472045292011224
2122,7,73,129.63166199370553,150.24813569650794,18.51880885624365,21.46401938521542,9.77928028598211,12.779562860051666
2123,7,59,122.10203814430727,159.6878242476153,17.44314830632961,22.8125463210879,17.44314830632961,22.8125463210879
2124,29,793,1130.6788996873017,1168.886885290687,38.9889275754242,40.30644432036851,8.232224756221887,10.034504004820892
2125,31,1785,1460.3387731084538,1502.8586207429032,47.10770235833722,48.47931034654526,-16.696019804706562,-11.092943771560716
2126,18,117,198.31809295761158,174.4868250733671,11.017671830978422,9.69371250407595,10.398419880462043,8.36665422857297
2127,18,374,474.4276599489915,441.3697273164295,26.357092219388417,24.520540406468303,-3.7902987575597424,-6.677396184040999
2128,43,1718,1333.862151399358,1350.207930127271,31.02005003254321,31.400184421564443,-1.9446880224882288,-3.1726707979888227
2129,59,8143,7024.370718796027,7688.465620786299,119.05713082705131,130.31297662349658,-2.4700610788404167,15.52444771680093
2130,12,226,339.7967445139515,359.4471580905507,28.316395376162628,29.953929840879226,27.43050543210698,29.953929840879226
2131,52,2839,3034.165836233424,2788.9083847561874,58.34934300448893,53.632853553003606,-12.782452022310947,-17.33002613937155
2132,56,2472,2596.2312364055274,2584.2242927416223,46.36127207867013,46.14686237038611,-0.9705631333568929,-2.930407178270438
2133,40,1040,1218.1205372484592,1170.9077756098075,30.45301343121148,29.272694390245185,3.1777967636797246,2.1867043416214424
2134,54,2297,2463.005933398403,2426.356288795344,45.611220988859316,44.932523866580446,-6.9829153656077025,-7.465890109915425
2135,57,2694,2694.8134048579705,2682.384466888068,47.27742815540299,47.05937661207137,-4.588589172451323,-5.359699106998895
2136,31,260,323.8526522472072,308.0676096418808,10.446859749909908,9.937664827157445,5.206134378798459,4.492550998729692
2137,48,668,667.1446471880793,716.0233058934243,13.898846816418319,14.917152206113007,6.0010138433212665,7.75151017810657
2140,56,243,235.04022647437577,193.88623331162063,4.197146901328138,3.4622541662789397,1.67625515728902,0.5894756505651164
2141,8,32,17.857592083612353,13.690692408913094,2.232199010451544,1.7113365511141367,1.6429320139353925,0.1634436545497544
2142,56,307,242.12680889071947,179.44002714166788,4.323693015905705,3.204286198958355,1.7696107456213308,-1.3839136383646569
2143,13,28,50.07225215328932,22.662650762397327,3.8517117040991784,1.7432808278767173,3.4890858600892383,0.05197643758020804
2144,1,3,13.720438485399594,18.663070727495363,13.720438485399594,18.663070727495363,13.720438485399594,18.663070727495363
2145,6,28,67.39967622358681,81.93942004264382,11.233279370597801,13.656570007107304,11.233279370597801,13.656570007107304
2146,2,482,478.0,479.0528284882444,239.0,239.5264142441222,-235.35706798606464,-236.35418781357205
2147,5,252,281.50356939330106,281.05375555590837,56.30071387866021,56.21075111118167,-36.94263276198592,-37.98304801959073
2148,4,1455,1561.661355695348,1534.5331910957907,390.415338923837,383.6332977739477,-324.85830599562973,-346.604610318815
2149,3,948,942.1239479709212,945.7620999588668,314.04131599030706,315.25403331962224,-298.75492941187923,-299.27484624635656
2150,11,702,802.7420790374443,741.5106028803115,72.97655263976766,67.41005480730104,-42.822102876043544,-47.96922419101612
2151,35,274,306.16397405291434,281.6590976220908,8.747542115797552,8.047402789202595,0.5288208324545117,-1.3684926389708412
2152,10,56,57.61700730919887,41.355982913746246,5.761700730919887,4.135598291374625,2.5858617796574146,0.7302974618013074
2153,6,13,26.74231061975394,18.998931042699862,4.45705176995899,3.1664885071166435,4.45705176995899,3.1664885071166435
2154,14,39,138.2780602431249,81.13613343614219,9.877004303080351,5.795438102581585,9.877004303080351,4.90185328600284
2155,10,31,117.3232876012413,66.30297282948179,11.73232876012413,6.630297282948179,11.73232876012413,5.730092683497228
2156,2,4,7.285864027870785,4.0122202241778115,3.6429320139353925,2.0061101120889058,3.6429320139353925,2.0061101120889058
2157,9,63,102.8580902856268,75.92633562386101,11.428676698402978,8.436259513762334,9.538377536264456,4.695629073222641
2158,13,81,136.3098448910726,108.64857292385281,10.485372683928661,8.357582532604063,5.188717713126423,1.4426421089174242
2159,22,246,260.76439436846266,248.7809296318266,11.852927016748303,11.308224074173937,7.1367412320418415,4.771948561007455
2160,4,27,22.307470942365903,22.36424920985226,5.576867735591476,5.591062302463065,4.616731899431544,1.2850579042039807
2161,15,95,162.51505191158085,92.30589767742303,10.83433679410539,6.153726511828202,9.823790699459392,2.792135525170311
2162,10,31,110.09698044436391,48.61449553203882,11.00969804443639,4.861449553203882,11.00969804443639,3.9246419440371483
2163,30,98,105.83995991079316,40.2577543660285,3.527998663693105,1.3419251455342833,3.505738776056354,-0.3285370639658895
2164,2,20,21.676640049383582,26.416419821117422,10.838320024691791,13.208209910558711,10.838320024691791,13.208209910558711
2166,2,18,23.676640049383582,28.235416397981865,11.838320024691791,14.117708198990933,11.838320024691791,14.117708198990933
2167,46,344,284.9793154918549,283.8482504473249,6.195202510692497,6.170614140159238,1.5374148485989827,-0.2606743466704959
2168,59,691,470.1228663145993,465.62278766351193,7.968184174823717,7.891911655313762,-1.2522404304575243,-2.5183198368144155
2170,18,47,55.28691222296628,33.18067921712504,3.0714951234981265,1.8433710676180577,3.0318209028242813,0.7245529847395296
2171,10,155,105.79348188892305,99.53855534624523,10.579348188892306,9.953855534624523,5.465698017485886,3.629379730685861
2172,57,626,485.27527552481916,452.87964541451595,8.513601324996827,7.945256937096771,2.0596826236520456,-1.1558576021487728
2174,12,44,80.38996263417205,60.75276585878116,6.699163552847671,5.062730488231764,5.843861948047099,3.886828096364901
2175,9,90,65.69714559984118,62.176967548367855,7.299682844426798,6.9085519498186505,-1.3083180244838335,-2.8406322448337913
2177,6,34,30.248549900972073,25.8185090170065,5.041424983495346,4.30308483616775,3.7370585403803176,2.6424461874651652
2178,17,127,110.50954561220175,96.52277193118911,6.500561506600103,5.677810113599359,2.489355045853671,-0.6717625337487891
2179,26,155,178.64647580193758,136.77187223546616,6.871018300074523,5.260456624441006,4.457820915127408,1.379964322656995
2180,15,127,154.73785102456822,142.70752397508627,10.315856734971215,9.513834931672418,2.7979211715631984,0.5172153434777087
2181,51,686,599.7628724334124,554.6151633039296,11.760056322223774,10.874807123606464,0.5436390605040111,-1.9839338685914016
2183,42,564,867.757637619101,812.59131372092,20.66089613378812,19.347412231450477,7.477893494534496,5.754251626871116
2184,47,703,929.3799152352782,988.8186180056309,19.77404074968677,21.038694000119808,8.17503917511667,8.796254438276229
2185,1,3,2.6429320139353925,0.16292758828658016,2.6429320139353925,0.16292758828658016,2.6429320139353925,0.16292758828658016
2186,33,273,383.32715165592776,257.4780918717723,11.615974292603871,7.802366420356735,6.60304916380356,-1.1751538241015782
2187,4,12,10.57172805574157,12.397236697629621,2.6429320139353925,3.0993091744074053,2.6429320139353925,3.0993091744074053
2188,4,4,18.57172805574157,13.122519402446475,4.6429320139353925,3.2806298506116187,4.6429320139353925,3.2806298506116187
2190,1,12,30.488194144608357,31.00101685504613,30.488194144608357,31.00101685504613,30.488194144608357,31.00101685504613
2191,22,57,74.08798878673022,38.55893014554857,3.3676358539422826,1.7526786429794805,3.0984427745763226,1.006726683816023
2192,47,1027,1229.6224002898289,1344.7992510912127,26.162178729570826,28.61275002321729,4.4299360604573685,9.31057513406061
2193,31,134,96.46523655702146,84.88321909986375,3.111781824420047,2.738168358060121,1.3704154087579405,-0.5497838027471986
2194,3,4,16.483530692971506,11.876546391806176,5.494510230990502,3.9588487972687254,5.494510230990502,3.9588487972687254
2195,11,54,62.865815092157696,71.35754033315126,5.7150740992870634,6.487049121195569,2.705441010254279,4.082732635225697
2196,8,22,36.75687519229587,46.306987136009965,4.594609399036984,5.788373392001246,4.594609399036984,5.788373392001246
2197,61,4177,3703.6520985636676,3391.5132400381694,60.71560817317488,55.59857770554376,3.7505381823922406,-3.972072695673736
2198,7,42,42.77855664451589,40.18478115700674,6.111222377787984,5.740683022429534,5.401272029570853,3.516897915612969
2199,4,74,59.30410794935883,62.41909812703588,14.826026987339707,15.60477453175897,-0.5425079407317472,3.4338774121376208
2200,6,30,34.424009679284126,27.390973562951544,5.737334946547354,4.565162260491924,3.2719211967646618,1.3223974720806557
2202,17,271,297.3437467800007,268.3494278212636,17.490808634117688,15.785260460074328,13.133573702770876,10.809561187219757
2203,14,611,660.8596232502391,606.4233174076347,47.20425880358851,43.31595124340248,-23.177876904674047,-27.198714854204432
2205,9,69,89.31572577753012,80.72284063065221,9.923969530836679,8.969204514516912,6.769210297993334,3.7103876198567556
2206,17,535,311.1037203143564,313.81952904802006,18.300218842020964,18.459972296942357,2.547529991368899,15.195213142138334
2207,9,35,30.75134165347767,23.28111740300821,3.4168157392752967,2.586790822556468,2.004133964594273,0.41942727423588305
2210,2,4,7.285864027870785,4.2471513564590815,3.6429320139353925,2.1235756782295407,3.6429320139353925,2.1235756782295407
2212,49,2287,1861.1042900582559,1919.2762034706018,37.98172020527053,39.16890211164493,-9.767057068765872,-2.1531133607970183
2213,14,39,40.00104819509549,18.54373891316377,2.8572177282211064,1.324552779511698,2.8572177282211064,0.42468974432914103
2214,13,1197,1110.6321796396498,1043.6935465575148,85.43324458766537,80.28411896596268,-33.206490468293104,-50.894200910724926
2215,11,336,210.21396648636178,287.0833257318701,19.110360589669252,26.098484157442737,3.788941810593229,14.746917489915008
2216,31,104,130.72598937768285,50.78864475971215,4.216967399280092,1.6383433793455533,4.140419952696077,-0.2679300875942493
2217,37,695,732.3211330219398,655.9659695230819,19.792463054647023,17.72880998711032,18.43132493006053,15.72313486074073
2218,51,394,349.7074419696341,293.33717527278895,6.857008666071256,5.751709319074293,1.642947871009753,-0.6498308598702811
2219,75,2691,1933.0682449914993,2141.9608974230196,25.774243266553324,28.559478632306927,-3.506139662019109,1.1318197950554938
2220,49,750,635.3435740214387,603.1699993695302,12.966195388192627,12.309591823867962,2.050098905508744,0.8230532399631021
2221,4,16,23.798547657718533,21.624421994048824,5.949636914429633,5.406105498512206,2.8739732533926086,2.3060190389044988
2222,1,5,1.638617174559064,2.12070095596102,1.638617174559064,2.12070095596102,1.638617174559064,-2.12070095596102
2223,9,14,47.09296841298709,24.663756799322094,5.232552045887455,2.7404174221468995,5.232552045887455,2.7404174221468995
2224,6,6,34.788249552979295,16.65645922131369,5.798041592163216,2.776076536885615,5.798041592163216,2.776076536885615
2229,1,2,3.6429320139353925,2.212906376447858,3.6429320139353925,2.212906376447858,3.6429320139353925,2.212906376447858
2230,1,1,4.6429320139353925,2.8377027750927155,4.6429320139353925,2.8377027750927155,4.6429320139353925,2.8377027750927155
2232,12,35,38.85759208361235,34.82019799821771,3.2381326736343627,2.901683166518142,2.7262653472687255,0.4183690442428958
2233,1,2,16.598577844014752,11.650196774433688,16.598577844014752,11.650196774433688,16.598577844014752,11.650196774433688
2237,55,194,138.00850411584761,75.92106802211063,2.5092455293790477,1.380383054947466,2.1404306960558603,-0.27773010399920006
2238,31,47,127.93089243199717,65.3290078980568,4.1268029816773275,2.1073873515502193,4.1268029816773275,1.9339440279300357
2239,24,54,93.7882362657795,94.98196100088096,3.9078431777408125,3.9575817083700398,3.818576181224661,3.1159742214504162
2240,10,22,75.28014232654145,81.94246523256359,7.5280142326541455,8.194246523256359,7.5280142326541455,8.194246523256359
2241,4,13,30.246401462508487,23.68198087921147,7.561600365627122,5.920495219802867,7.561600365627122,5.920495219802867
2242,1,27,3.350020227783123,8.939766876476327,3.350020227783123,8.939766876476327,3.350020227783123,8.939766876476327
2243,15,768,771.0815519089947,734.3732352184378,51.40543679393298,48.958215681229184,-18.051099649191244,-23.464958861998333
2244,41,968,668.8089928132658,797.8245417456867,16.312414458860143,19.459135164528945,6.678158723436623,10.820868990957576
2245,46,166,187.29862492177125,142.8502666615074,4.071709237429809,3.1054405795979867,3.0904175126835156,1.4901593216271471
2246,27,101,105.65469927015315,73.40665313781838,3.913137010005672,2.7187649310303104,2.0031118299817434,-0.46716897532992513
2248,3,3,20.348583945638488,30.604101892650306,6.78286131521283,10.201367297550101,6.78286131521283,10.201367297550101
2249,2,2,14.427107971650667,35.42609140616291,7.2135539858253335,17.713045703081455,7.2135539858253335,17.713045703081455
2250,1,2,7.1658821356270135,9.087122707563402,7.1658821356270135,9.087122707563402,7.1658821356270135,9.087122707563402
2252,1,1,6.893749569865316,8.030747019849375,6.893749569865316,8.030747019849375,6.893749569865316,8.030747019849375
2253,1,1,6.5776646711394156,8.133397689311167,6.5776646711394156,8.133397689311167,6.5776646711394156,8.133397689311167
2254,1,1,6.459882504041223,9.773831105636331,6.459882504041223,9.773831105636331,6.459882504041223,9.773831105636331
2258,1,2,10.314774476119634,10.438692361732404,10.314774476119634,10.438692361732404,10.314774476119634,10.438692361732404
2259,3,7,25.038385441089765,21.255111513768362,8.346128480363255,7.085037171256121,8.346128480363255,7.085037171256121
2260,2,4,15.255929975984765,16.69511284783453,7.6279649879923825,8.347556423917265,7.6279649879923825,8.347556423917265
2261,5,7,36.4123667644532,28.787046652832064,7.282473352890641,5.7574093305664125,7.282473352890641,5.7574093305664125
2262,2,3,18.09546682343707,18.031303343644954,9.047733411718536,9.015651671822477,9.047733411718536,9.015651671822477
2263,4,6,31.133143109364326,21.93777836044719,7.7832857773410815,5.4844445901117975,7.7832857773410815,5.4844445901117975
2264,3,4,27.087428298996315,26.53913420544785,9.029142766332106,8.846378068482617,9.029142766332106,8.846378068482617
2265,3,5,23.80565663338931,36.02765659666539,7.935218877796437,12.009218865555129,7.935218877796437,12.009218865555129
2266,3,5,27.249040560815693,22.52404509400108,9.083013520271898,7.508015031333694,9.083013520271898,7.508015031333694
2267,2,3,22.13427779181234,28.16000668792362,11.06713889590617,14.08000334396181,11.06713889590617,14.08000334396181
2268,2,8,37.144321055019915,46.43397040409697,18.572160527509958,23.216985202048484,18.572160527509958,23.216985202048484
2269,1,3,2.6429320139353925,0.4970476095117764,2.6429320139353925,0.4970476095117764,2.6429320139353925,0.4970476095117764
2270,16,111,97.79368280014964,85.37745284943456,6.1121051750093525,5.33609080308966,-0.2488808495631244,-3.217577312996871
2271,2,7,9.173801341309833,2.738152450186531,4.5869006706549165,1.3690762250932655,4.5869006706549165,1.3690762250932655
2272,3,8,12.125907027044079,3.2144989806714204,4.041969009014693,1.0714996602238067,4.041969009014693,1.0714996602238067
2273,14,741,686.1230663877001,678.847809206372,49.00879045626429,48.48912922902657,-39.85182920692654,-41.655478606426136
2275,31,779,773.7618616974565,720.9074833614895,24.960060054756664,23.255080108435145,-12.852157334741507,-14.714848538873225
2276,33,219,175.6270176882226,165.39260123688774,5.3220308390370485,5.011897007178416,1.302036419508461,-0.6617044997485643
2277,19,351,380.0614762813357,372.27793620478036,20.00323559375451,19.593575589725283,-6.9125633812324,-8.944212278728546
2278,29,214,207.54612112754438,189.91850964070656,7.15676279750153,6.5489141255416055,0.6595544360362422,-1.0146300152729535
2279,21,59,101.45586828478321,24.38894635243716,4.831231823084915,1.1613783977351029,4.831231823084915,0.29805677175985806
2281,46,124,142.88539589884422,64.25598327332949,3.1062042586705267,1.3968692015941193,2.9726736517925336,0.044948913275946925
2282,65,514,518.9475685706186,453.7881406919762,7.983808747240286,6.981356010645787,1.2795773761749922,-1.1586041341812054
2283,2,48,33.810075003714104,55.09618410824438,16.905037501857052,27.54809205412219,16.905037501857052,27.54809205412219
2287,10,113,103.34891522676628,89.43466669571963,10.334891522676628,8.943466669571963,3.319238204479484,-0.8492361906038907
2289,6,144,86.60375160108345,126.29544925725406,14.433958600180574,21.049241542875677,14.433958600180574,21.049241542875677
2292,5,10,18.214660069676963,10.731106434668474,3.6429320139353925,2.1462212869336947,3.6429320139353925,1.9706831316167683
2294,2,8,4.0,6.683337016366478,2.0,3.341668508183239,1.6429320139353925,3.341668508183239
2295,17,144,217.41361067807182,192.0841043885227,12.789035922239519,11.299064964030746,8.080589718757608,5.225469917998067
2296,23,177,238.7116968114867,215.35945024740107,10.378769426586377,9.363454358582656,5.439778838265281,1.9656517786844405
2299,24,273,243.6586202312975,220.52896956669017,10.152442509637396,9.188707065278757,2.3982374976330063,-0.9865030255310261
2301,21,240,233.38093935455248,217.74173373704932,11.113378064502498,10.368653987478538,2.943735564419729,0.732145815316651
2303,13,142,125.51951578385578,120.50261526558353,9.655347367988906,9.269431943506426,4.0127287129911515,3.221087816595566
2304,104,878,735.4028086239994,517.1308451501352,7.07118085215384,4.972411972597454,6.353762739808311,1.676957806743713
2305,29,315,200.17617874568856,230.31154900426853,6.902626853299606,7.941777551871328,4.601335098900233,5.807640996966785
2306,13,22,51.3581161811601,14.601534215348694,3.9506243216277,1.1231949396422072,3.9506243216277,0.5546509059459723
2307,47,401,379.6215343499623,358.513649806701,8.077053922339623,7.6279499958872545,3.0724460924850034,1.7820092549824884
2308,22,87,77.73622328020419,60.607585932436265,3.533464694554736,2.754890269656194,1.767258154167606,0.17209066724254593
2309,33,226,189.504203982873,176.60745648510004,5.742551635844636,5.351741105609093,-0.06002853674774131,-1.649367759492332
2310,3,32,29.642932013935393,26.99464149479989,9.880977337978464,8.998213831599964,-5.023734652731274,-7.682997409944068
2313,12,177,188.6763392197593,205.05195692216557,15.723028268313277,17.087663076847132,1.0386531966241634,2.6058204945203287
2314,31,857,633.9885904204231,650.9355341898507,20.45124485227171,20.99792045773712,-7.563758672260752,-7.439548862078307
2315,10,39,51.51029022108513,48.81011743589836,5.151029022108513,4.881011743589836,5.151029022108513,4.545433975862382
2316,33,1115,799.5522403902615,732.0792519061056,24.228855769401864,22.18421975473047,-7.119511164406573,-10.534495337307122
2318,3,20,15.127970132684123,13.144296711434455,5.042656710894708,4.381432237144819,5.042656710894708,4.381432237144819
2320,4,24,25.09880787327544,22.706944820505043,6.27470196831886,5.676736205126261,5.491712520760256,3.854359552505893
2321,63,2873,2308.1193837747815,2501.393836354614,36.63681561547272,39.70466406912086,9.768239275834373,17.52572330824679
2322,34,595,703.5604982349083,790.1607319766824,20.69295583043848,23.240021528725954,10.172178917520895,14.723281442244613
2323,8,47,40.256707828690345,52.18661452606875,5.032088478586293,6.523326815758594,4.0350742809432205,4.199388945247135
2324,24,591,634.4765231381319,688.4642242607936,26.436521797422163,28.686009344199732,8.472403498950012,12.670361575414939
2325,46,858,1004.025592003115,882.3463500251302,21.826643304415544,19.181442391850656,9.456820362326,5.906597233897637
2326,2,72,43.17732939821934,56.44427218223463,21.58866469910967,28.222136091117314,-7.812757456875579,-3.578010384852689
2327,42,1056,711.619255952177,775.58434021729,16.943315617908976,18.46629381469738,7.414487686042118,10.747520193601773
2328,56,1830,2077.0006865150317,2026.1491683489305,37.08929797348271,36.181235149088046,17.84526963156429,13.735415741819727
2329,58,5816,7286.677398233672,7300.478866557729,125.63236893506331,125.87032528547809,31.65237658143881,27.22711611636664
2330,49,1342,1045.0374737680734,1299.1074132274323,21.327295383021905,26.512396188314945,5.799478266558917,13.50186853760634
2331,45,685,882.8112312265977,974.9358183047619,19.61802736059106,21.665240406772487,16.993747810380444,20.101996925558886
2332,33,583,786.1138719334634,855.2397313161686,23.821632482832225,25.91635549442935,16.472782584696596,19.95705341018533
2333,36,1127,1106.5598436556152,1179.9886630352546,30.7377734348782,32.7774628620904,1.2767625894157248,4.288124341498797
2334,44,1484,1445.4117853420319,1397.4927934813566,32.85026784868254,31.761199851849014,12.473981074315503,9.574795550996743
2335,35,870,974.7723172275291,1152.5468642017238,27.85063763507226,32.929910405763536,20.51334740781527,24.770776807092133
2336,46,997,704.5287979039568,850.8966508309649,15.315843432694715,18.49775327893402,8.999933051737456,14.005968013280569
2337,6,56,60.261894803837144,64.70779276247475,10.043649133972858,10.784632127079126,7.386374326450763,8.183475768153743
2338,49,1456,1743.5572211230726,1702.1511824300787,35.582800431083115,34.73777923326691,15.201850135144277,14.05990174791485
2339,58,2997,2306.3490417590538,2625.9700154017146,39.76463865101817,45.27534509313301,6.0587939003212465,8.681639890702735
2340,57,2066,1432.3085268894388,1746.650418297714,25.128219769990153,30.642989794696735,12.373307157738358,20.282212183963217
2341,49,1953,1706.8823282809285,1981.7310662772916,34.83433323022303,40.44349114851615,1.9756984540125604,9.554937994486513
2342,40,1270,1327.5638543946704,1475.7609935855974,33.18909635986676,36.89402483963993,8.646055791754241,12.519659138062107
2343,42,681,1168.348580627174,1202.9635378979153,27.817823348266046,28.641988997569413,26.559290060163043,27.388730083812455
2344,61,1356,1245.8481088676622,1378.7964021058992,20.423739489633807,22.603219706654087,6.943069775677638,9.201892518739792
2345,48,692,886.0248509396756,727.9372868360016,18.45885106124324,15.1653601424167,10.609725989718969,6.899141670537232
2346,46,393,453.4368560413858,417.83919986306734,9.857322957421431,9.083460866588421,6.3176587752888365,4.22655845354182
2347,34,227,309.28216640374535,263.9072881824541,9.09653430599251,7.761979064189827,7.974125275623792,6.0039984248232185
2348,55,2347,1825.5700157090432,1865.2394307410204,33.19218210380079,33.913444195291284,-5.693697182763081,-5.206041142892765
2349,30,523,616.7748689763763,634.1136988985829,20.55916229921254,21.137123296619432,18.488720548822847,18.944994455490153
2350,20,79,118.12981440189407,83.91911389952159,5.906490720094704,4.19595569497608,5.595711693285133,3.4837064290461215
2351,36,532,532.1430878454622,505.23747514950924,14.781752440151728,14.03437430970859,11.200390904743315,10.896961192661443
2352,8,226,293.5814471611105,293.649073699313,36.69768089513881,36.70613421241413,5.3473253561424965,4.9936880814274485
2353,31,601,558.9341313411073,520.2658088090991,18.030133269067978,16.78276802609997,-0.5495760655216615,-2.418878739507158
2354,12,45,172.93707650702783,164.65630346194274,14.411423042252318,13.721358621828562,14.411423042252318,13.721358621828562
2355,36,614,565.6278078387965,569.98392008792,15.71188355107768,15.832886669108888,2.6004654523180784,3.203486808522807
2356,34,577,458.8628472264209,453.5464484292692,13.495966094894733,13.33960142439027,0.2911796426051917,-0.13404819115084193
2357,28,454,556.893462406753,593.8827440920603,19.889052228812606,21.210098003287868,14.875762881117996,16.31347049956414
2358,29,339,457.9899775330734,393.4875360496596,15.792757845968048,13.56853572585033,5.171942856593706,2.7310306782151477
2359,64,2710,3433.216513509952,8537.666111716584,53.644008023593,133.40103299557163,25.71958527649644,112.39835582890301
2360,56,1036,1372.3809348082852,1042.3032158255107,24.50680240729081,18.61255742545555,18.236101717200754,7.663767635682554
2361,72,4412,7415.175578792879,14101.51003548606,102.98854970545665,195.8543060484175,64.87295640671367,169.05630770210186
2362,61,1935,2146.847287287176,2341.9382888834916,35.19421782437994,38.39243096530314,15.711097153317308,18.61418743038819
2363,73,6825,7603.0066613532945,9340.356831621246,104.15077618292185,127.95009358385268,57.398015649782046,88.46273972382237
2364,68,3516,4144.09978907616,10188.482987668143,60.94264395700235,149.83063217159034,30.022504420491714,129.90067488620352
2365,65,1449,973.9903363624371,1036.2100266768894,14.984466713268263,15.94169271810599,-2.978663958556413,-0.2577558366087812
2366,7,8,34.12618022765395,14.987090831266373,4.875168603950564,2.141012975895196,4.875168603950564,2.141012975895196
2368,26,59,87.7162323623202,31.50820887710463,3.373701244704623,1.2118541875809472,3.373701244704623,-0.4330755791715264
2369,9,11,39.78638812541853,42.47170650516667,4.42070979171317,4.719078500574074,4.42070979171317,4.719078500574074
2370,1,2,13.858392028877834,8.890485871751363,13.858392028877834,8.890485871751363,13.858392028877834,8.890485871751363
2371,47,542,488.5023514948303,481.3673641894064,10.393667053081495,10.241858812540562,6.592994878790293,6.786207970341351
2372,5,164,168.60494955510927,159.58391210306948,33.72098991102185,31.916782420613895,-22.542119892939525,-22.324833834064925
2374,2,30,19.129313209421596,19.618526189538283,9.564656604710798,9.809263094769141,2.649997126164223,0.5757352300615164
2375,6,42,78.11507318820384,59.54961380732841,13.01917886470064,9.924935634554735,10.714292371851782,7.029563675396144
2376,28,1023,860.505677155866,857.2257711719301,30.7323456127095,30.615206113283218,-7.503411076886903,-8.376622903287904
2377,58,1552,1061.9956619349066,1003.6768626158265,18.31027003336046,17.30477349337632,0.9370760142946545,-1.23784086330954
2378,35,1337,716.451777930686,722.1507823094865,20.4700507980196,20.632879494556757,-6.544330536549611,-4.817411822855871
2379,7,21,62.624733439791825,35.51447401912589,8.946390491398832,5.073496288446556,8.946390491398832,5.073496288446556
2381,4,20,29.944032291836642,22.839882310410694,7.4860080729591605,5.7099705776026735,7.4860080729591605,4.467253301007094
2383,3,6,10.928796041806176,6.525357255388997,3.642932013935392,2.1751190851296656,3.642932013935392,1.927105793112793
2384,2,7,6.666101685448727,5.734839114382591,3.3330508427243637,2.8674195571912957,3.3330508427243637,2.517746280750389
2385,3,6,15.664890080861188,14.702827701877782,5.221630026953729,4.900942567292594,5.221630026953729,4.900942567292594
2386,16,348,276.21698247546783,286.2326917319388,17.26356140471674,17.889543233246176,5.386346680001244,6.423634347843651
2387,5,48,23.051665561656883,18.34910537919258,4.610333112331377,3.6698210758385157,2.2299323618021636,-1.8981041476419478
2389,12,123,143.1675378957787,122.56890067380452,11.930628157981559,10.214075056150376,3.1085621105578087,-0.9148034709174028
2390,35,184,154.37305066136054,147.91141757887382,4.410658590324587,4.226040502253538,2.5155345603380828,2.2041515156161204
2391,25,82,179.6084982307237,141.12155511145932,7.1843399292289485,5.644862204458373,6.318339017074818,4.127219551260913
2392,30,1138,1821.7250489059688,1821.887800726404,60.72416829686563,60.729593357546804,-1.6996362355386776,-2.836563553981991
2393,24,184,164.35657942711646,186.83141282640975,6.848190809463186,7.784642201100406,4.114083690384201,6.034333047122171
2394,21,140,133.32655298374863,143.6460132522551,6.348883475416601,6.840286345345481,4.461494952499699,5.418157760795711
2395,22,159,173.79620347564335,201.54258874788619,7.899827430711062,9.161026761267554,6.086395035681954,7.462219947273339
2396,16,88,94.17785328260378,75.5610627747847,5.886115830162736,4.722566423424044,4.5084853719042535,2.7120993437784016
2397,75,1677,1210.8497332792724,1298.7367744316791,16.144663110390297,17.316490325755723,2.880850689583646,2.037261358229559
2398,36,211,245.82522458068902,223.43131776643148,6.828478460574695,6.206425493511985,4.658387134572564,3.922589953169867
2399,38,987,1227.920722204361,1076.0848107229147,32.31370321590424,28.318021334813544,-7.019814121417577,-11.419712201433114
2400,35,317,325.7111728699805,310.569343679747,9.30603351057087,8.873409819421344,6.229521298930826,5.217892133869673
2401,55,1414,1678.9761975883337,1490.0393197072447,30.52683995615152,27.091623994677175,0.3048756571239182,-3.677313792976536
2403,18,246,225.38754362416668,219.93052911487771,12.521530201342593,12.218362728604317,-3.7109014090736983,-3.1909247255374726
2404,57,872,933.874622069295,1169.1997053084717,16.383765299461317,20.512275531727575,11.56933648216983,17.078451811141186
2405,27,228,179.41455745508762,178.58774110449346,6.6449836094476895,6.614360781647906,0.8585429200223202,-0.29604321885153695
2406,23,420,348.6071366975064,384.6087942525782,15.156832030326365,16.722121489242532,-3.8233330381337427,-0.5138611028684816
2407,14,614,556.906361862553,543.1867060057508,39.779025847325215,38.7990504289822,-3.018348094323503,-6.727436247478801
2408,77,12046,7013.38455003197,7144.004958683184,91.08291623418144,92.77928517770368,-61.18321549428893,-60.28462213200701
2409,4,21,110.9576554039837,58.87725673469053,27.739413850995923,14.719314183672633,27.739413850995923,14.719314183672633
2410,25,154,204.0388818109492,154.32268067350796,8.161555272437967,6.1729072269403185,1.8902896515344116,-0.6564235399808601
2411,65,1322,988.642502927033,1043.8821221168012,15.209884660415891,16.059724955643095,2.127038849459057,2.3443114310146633
2412,13,81,55.08026460532987,45.15494854041891,4.236943431179221,3.473457580032224,2.1738250895159177,-0.4990838317246213
2413,77,6913,3917.633871080751,3918.837132174928,50.87836196208767,50.89398872954452,-21.79787516182999,-21.90038857318606
2415,9,24,31.500524097547746,23.184255292117122,3.5000582330608605,2.5760283657907914,2.976265347268726,1.365961327626693
2416,12,66,63.847569084191356,70.75578933531622,5.320630757015946,5.896315777943019,2.42282460941995,2.702185020210216
2420,15,75,55.42002163151306,47.536797721301454,3.6946681087675373,3.1691198480867637,0.8728643118663598,-0.019318384792206326
2421,18,295,380.52682326622266,371.8999736346247,21.140379070345702,20.66110964636804,-4.802057000161824,-5.477046739466379
2424,12,60,43.13973856341683,37.55181953024754,3.594978213618069,3.129318294187295,0.766644604230204,-0.0027365638084946298
2425,11,59,58.43573603189421,55.879583236397835,5.31233963926311,5.079962112399803,1.3097381982301546,0.6459765890553189
2426,38,380,364.34253214542326,349.30245479014735,9.58796137224798,9.192169862898615,-0.2865174688504158,-1.744476856423858
2427,23,2588,2845.964895654793,2677.545451456508,123.73760415890405,116.41501962854383,-34.48384773894382,-51.07339508174752
2428,13,93,77.2764966546128,80.35264657499653,5.944345896508677,6.180972813461271,4.047516866621596,3.821650803833013
2429,7,55,52.20154212051199,56.01889981543695,7.457363160073141,8.00269997363385,4.977060925003684,6.088240155163051
2430,6,42,39.4452965226982,64.57140515437158,6.574216087116366,10.76190085906193,5.7392848278337825,10.76190085906193
2431,12,185,166.7057648371074,168.81588936722258,13.89214706975895,14.067990780601882,-2.3303340501178735,-2.5671124347568277
2432,16,306,239.22081456500015,233.68275412658937,14.95130091031251,14.605172132911836,-8.033007160578784,-10.565900324477148
2433,6,92,56.34171392802902,57.847933378577444,9.390285654671503,9.641322229762908,-3.348548122221261,-2.8719770629348282
2434,45,163,159.7197481068736,112.44865320039024,3.549327735708302,2.498858960008672,2.1659576334025443,0.4829221075976191
2435,51,356,251.5205783709789,225.34163084568695,4.931776046489783,4.41846334991543,0.8127442044560395,-0.594059129654988
2436,48,244,233.32539371984856,258.56514771926305,4.860945702496845,5.38677391081798,2.151766100238721,2.677381443834436
2437,44,151,164.9250323638513,189.66577086236384,3.7482961900875296,4.31058570141736,2.3013418866858397,2.8229782418985825
2438,21,170,155.21422238789265,144.06505148326534,7.391153447042507,6.860240546822159,0.06547020991054442,-1.0418869785287785
2439,73,2024,2574.4079877397053,6959.587199047278,35.26586284574939,95.33681094585312,20.76147733403405,88.41045001108756
2440,34,390,629.2691232743722,540.0471393507902,18.50791539042271,15.8837393926703,15.634279946365572,11.9879258985956
2441,36,846,484.21646614302176,510.2202136946392,13.450457392861715,14.172783713739978,1.5354963491953257,1.5360612635044884
2442,11,499,402.55209674728275,393.2450725658506,36.59564515884389,35.749552051440965,-23.113134725657254,-20.497463534406787
2443,8,296,313.1282217233826,298.52126993912657,39.14102771542282,37.31515874239082,-19.0113465776102,-21.609319466235792
2447,14,99,90.17916076541795,70.80719937578979,6.441368626101282,5.0576570982707,4.267489327231218,0.6549915260186031
2448,15,124,82.76890057128217,67.16831892038991,5.517926704752145,4.477887928025994,4.864054328833059,1.1280322737619424
2449,11,119,113.46112805206073,86.53200174574287,10.314648004732794,7.866545613249352,2.749714268750208,-0.9848656357732629
2450,15,99,105.5460498686475,84.55804481896698,7.0364033245765,5.637202987931132,4.5942168130784315,1.2072307927016908
2451,14,113,84.0750380198271,60.01397624340241,6.005359858559079,4.286712588814458,5.788377992047148,3.242528146438861
2452,22,188,206.1072744866968,210.00353024145195,9.368512476668037,9.545615010975089,6.192646543017836,6.063460101964591
2453,62,939,871.2642831855504,926.4972245785656,14.052649728799201,14.943503622234928,3.7302202944371716,5.356614628927023
2454,10,262,293.040808161455,264.1446867724908,29.3040808161455,26.41446867724908,1.9969350255174518,-1.7064180854052395
2455,8,251,268.6448887537443,247.72715494654813,33.580611094218035,30.965894368318516,3.1174586716482082,-2.7005603283497024
2456,10,268,287.5944332225942,273.1597751455248,28.759443322259422,27.31597751455248,1.5067586211453985,-0.37571384806893277
2457,10,508,419.67012454545267,433.87523358741055,41.96701245454527,43.387523358741056,-20.703951581368873,-15.619558587850301
2458,5,21,42.48716308735376,37.51343669831677,8.497432617470752,7.502687339663353,8.497432617470752,7.502687339663353
2459,29,391,771.7019873916272,738.4268801086762,26.61041335833197,25.46299586581642,22.404423479808266,21.352145056627865
2460,18,48,58.28691222296628,28.62413470018828,3.2381617901647934,1.5902297055660155,2.976265347268726,-0.081061432490685
2462,18,291,255.4072835306669,287.9809245964113,14.189293529481494,15.998940255356182,10.709764827082388,12.515435570392405
2464,71,252,213.20389118636018,149.34267700786833,3.0028717068501436,2.1034179860263147,2.2320288787811253,0.3522319743050297
2465,3,3,13.928796041806176,8.056437766160307,4.6429320139353925,2.685479255386769,4.6429320139353925,2.685479255386769
2466,39,219,200.72776387798706,172.65060416078023,5.146865740461207,4.426938568225134,0.5788224922235451,-1.0376964170727287
2471,19,200,141.61705486252845,144.1480147747544,7.453529203290971,7.586737619723915,1.528496819588446,2.285074524104473
2472,22,415,473.57284544483286,453.7351683652467,21.526038429310585,20.624325834783942,4.393582399298395,2.552105793899791
2473,18,217,225.29612205256564,240.73658550935335,12.516451225142536,13.374254750519631,2.508289911000657,3.5634723815278115
2475,39,196,240.99987909593355,184.5658439787419,6.179484079382911,4.732457537916459,3.7050996081772487,1.4353945649120403
2476,25,110,107.47424851806464,99.04191153633451,4.298969940722586,3.9616764614533806,3.1736096881621445,2.7599526310160782
2477,39,743,629.3456913043049,557.5505090307005,16.13706900780269,14.29616689822309,7.504419090521087,1.5949381987695765
2478,27,1296,879.938391268172,1061.8185303539155,32.590310787710074,39.3266122353302,23.59681046184552,33.21064576295374
2479,47,3780,2891.239363093203,3038.5053041339524,61.51573112964262,64.64904902412665,24.091600432379312,24.223593793636873
2480,38,2108,1192.240743042747,1458.4920965205827,31.374756395861763,38.381370961067965,10.985550876702835,19.367939184338855
2481,2,8,7.978590472244193,4.011859835630489,3.9892952361220964,2.0059299178152443,3.9892952361220964,2.0059299178152443
2482,11,31,31.786388125418533,14.136458017625674,2.8896716477653213,1.2851325470568795,2.824750195753574,-0.3303719811545246
2483,1,12,5.093890430305329,2.063182619736022,5.093890430305329,2.063182619736022,5.093890430305329,2.063182619736022
2484,43,607,414.40105085009037,404.7509152390595,9.637233740699775,9.41281198230371,0.15660625968979858,-0.3510948630633007
2485,19,136,187.87980086514958,163.7406552302399,9.888410571849978,8.617929222644205,1.151848067447622,-0.42477256730147905
2486,11,50,94.42150917851293,74.31147550571558,8.583773561682994,6.7555886823377795,5.922604587182928,3.6140918626243757
2487,41,690,625.841393820928,538.3637795807641,15.26442423953483,13.130823892213758,3.9699554367363774,0.5860930874592933
2488,38,147,126.42030181111102,96.74660129730579,3.326850047660816,2.5459631920343626,1.8983022625877826,-1.08420017434271
2489,60,1119,1002.3004416372538,979.7311245232493,16.705007360620897,16.328852075387488,-1.4858773727380628,-3.490204935682342
2490,26,202,119.06703699300675,108.64897871053917,4.579501422807952,4.178806873482276,1.119884566418899,-0.5395744343327015
2491,43,292,232.11575107129175,230.11385394678436,5.39804072258818,5.351484975506613,2.9416353505178003,1.9932463599363568
2492,12,40,32.429320139353926,17.37422845148633,2.7024433449461607,1.4478523709571942,2.309598680602059,0.05776528969135386
2493,6,14,36.85837748917508,7.753496679353082,6.143062914862514,1.292249446558847,6.143062914862514,0.9194268755541956
2495,5,47,43.06737072660987,31.342102240809908,8.613474145321975,6.268420448161981,-1.5657064371689766,-2.059928418150644
2496,2,3,16.183985593776036,12.33749830970792,8.091992796888018,6.16874915485396,8.091992796888018,6.16874915485396
2497,25,126,127.18310966318965,123.36323144837844,5.087324386527587,4.934529257935138,2.3824011159630323,2.5012844565274235
2498,63,1433,1083.505009034692,1079.4212967145495,17.19849220689987,17.13367137642142,-2.811405764422951,-2.7411967122989225
2499,44,371,389.072851210783,337.7724385781861,8.84256480024507,7.676646331322411,0.15953131753475833,-2.372147167162836
2500,4,44,388.7151069656388,178.52498707570916,97.1787767414097,44.63124676892729,97.1787767414097,44.63124676892729
2501,19,907,510.61254529457926,502.22752627754664,26.87434448918838,26.433027698818243,-20.796164561625705,-15.432690039527586
2502,2,40,14.764501598572505,11.043797752292821,7.382250799286252,5.521898876146411,-1.9330383556859356,1.1007278356583736
2503,44,1358,1499.0911691692063,1338.537688933881,34.07025384475469,30.42131111213366,-11.96867327137665,-18.733744059530775
2504,4,22,17.014213070691472,12.508665184837984,4.253553267672868,3.127166296209496,0.9132177072083423,-1.1606508830218303
2505,21,107,88.30155985862136,80.31222614916929,4.204836183743875,3.8243917213890137,1.2645718342832635,-0.4165880487200362
2506,13,78,48.21597953299368,40.55408705038497,3.7089215025379754,3.119545157721921,1.7633226594250329,-0.5291732335031802
2507,26,222,179.92802987365343,172.45570739805189,6.9203088412943625,6.632911823001995,1.545216899386832,-0.3100526415223689
2508,17,58,65.40559724979252,78.29009372242969,3.847388073517207,4.6052996307311584,2.697622154064225,3.470724526232352
2509,4,62,66.01808837692057,62.34679819590154,16.504522094230143,15.586699548975385,0.7285883718011581,-0.0337408815851985
2510,18,635,589.505128167949,608.3735990999342,32.75028489821939,33.798533283329675,-25.75838228817557,-29.493072474999394
2512,17,179,163.76926415598402,138.30155046215393,9.63348612682259,8.135385321303172,7.381455950316244,3.7406330022988312
2513,35,359,448.118626915131,489.69914022400667,12.803389340432314,13.99140400640019,7.340047704921889,9.082623685283542
2514,11,227,206.75579336448305,219.27977413379503,18.795981214953006,19.934524921254095,-2.630010586727005,0.138952829244777
2516,6,9,24.857592083612353,14.331401575026804,4.1429320139353925,2.3885669291711342,4.1429320139353925,2.2098435090812294
2519,2,3,20.54606032732474,14.036424931785085,10.27303016366237,7.018212465892542,10.27303016366237,7.018212465892542
2520,10,144,86.25236216442552,103.33964595010501,8.625236216442552,10.333964595010501,-2.8373370349289635,-0.6588217516053178
2522,36,319,381.03332202681065,298.9177876919948,10.584258945189184,8.30327188033319,4.222020291416012,1.818409264366117
2525,5,68,36.947229417773684,49.48477825807767,7.389445883554737,9.896955651615533,-1.4386146180746688,0.4922184391355991
2526,74,6532,7794.579405073207,8789.449580250648,105.33215412261092,118.77634567906281,-23.78987324007774,-11.825996166096111
2527,2,19,7.714135972129215,11.134765844651932,3.8570679860646075,5.567382922325966,-3.8570679860646075,-5.567382922325966
2530,4,158,157.6342284349043,153.22620082617595,39.40855710872607,38.30655020654399,-28.16672124101831,-30.74813326336386
2532,2,2,9.285864027870785,8.702031388714696,4.6429320139353925,4.351015694357348,4.6429320139353925,4.351015694357348
2533,2,96,66.19622528547424,65.59329716658031,33.09811264273712,32.79664858329016,-33.09811264273712,-32.79664858329016
2534,15,85,95.50599796653802,90.0307674942378,6.367066531102535,6.002051166282519,3.870349953490516,0.2671417464588515
2538,3,8,30.337332477633744,21.338592455459292,10.112444159211249,7.112864151819764,10.112444159211249,7.112864151819764
2541,2,22,18.203709614651107,20.702946346313997,9.101854807325553,10.351473173156998,-0.11263157215565123,-2.4591815895292797
2542,71,2485,1800.2251325063933,1810.5253608322282,25.355283556428073,25.500357194820115,2.1852109996237896,2.6620724194397734
2544,2,13,26.034216081951318,40.09664268147057,13.017108040975659,20.048321340735285,13.017108040975659,14.944603819821708
2546,1,6,12.100851780889357,6.411643080300241,12.100851780889357,6.411643080300241,12.100851780889357,6.411643080300241
2547,9,26,37.85847094238947,36.20585252810268,4.2064967713766075,4.02287250312252,2.7938149966955836,1.93152863738172
2548,41,182,190.36673244096067,172.79440305297416,4.643091035145383,4.214497635438394,1.6432699286769639,0.8578909931713976
2549,12,33,76.4306758829049,61.62000468519299,6.369222990242075,5.135000390432749,5.915406048831478,4.118944124270025
2550,15,72,119.55778504863324,122.35258544754154,7.970519003242216,8.156839029836103,6.379783637819048,5.6406162366052035
2552,42,728,582.0528988205025,558.026011331796,13.858402352869106,13.286333603137999,-5.3415648477784785,-4.712757874364745
2553,25,454,329.7837384916015,304.22931653018117,13.191349539664062,12.169172661207247,5.448795007185795,3.481184878637995
2555,1,6,1.7572511993579765,0.004986319726635102,1.7572511993579765,0.004986319726635102,1.7572511993579765,0.004986319726635102
2556,2,4,36.006795253952056,24.15793688068286,18.003397626976028,12.07896844034143,18.003397626976028,12.07896844034143
2557,69,1289,976.1932551701244,1025.0741321678395,14.147728335798904,14.856146843012166,-0.7316938755840656,-0.16152441747322044
2558,7,28,14.626141397658078,10.968198673353912,2.0894487710940113,1.5668855247648446,1.9874293465041235,0.2025884491862358
2559,2,32,8.561792760505213,11.937560451828654,4.2808963802526065,5.968780225914327,3.071340092856893,0.9785484462151919
2566,53,610,496.53452267251345,498.1216626675195,9.368575899481385,9.398521937123009,-0.9371212675402554,-2.5719177831845563
2567,15,47,41.21466006967696,33.20964006290272,2.7476440046451307,2.2139760041935146,2.509598680602059,0.2492191095531768
2568,6,13,20.857592083612353,13.14826669838175,3.4762653472687255,2.191377783063625,3.4762653472687255,2.191377783063625
2569,1,1,5.9944416033299195,1.9475686117346527,5.9944416033299195,1.9475686117346527,5.9944416033299195,1.9475686117346527
2571,3,6,42.02359685349883,20.759396542873407,14.007865617832943,6.919798847624469,14.007865617832943,6.919798847624469
2572,1,7,0.15132732207404942,1.8876657878014917,0.15132732207404942,1.8876657878014917,-0.15132732207404942,-1.8876657878014917
2573,2,10,23.615553012442902,9.20024307058992,11.807776506221451,4.60012153529496,11.807776506221451,4.60012153529496
2575,8,39,25.658793185532854,12.473865090617625,3.2073491481916068,1.5592331363272032,2.4877855394107873,0.2316612031671066
2577,12,98,68.12845375439278,74.23565697003667,5.677371146199398,6.186304747503056,3.0248050346517004,0.20518514820549175
2578,2,2,10.162538490095875,6.979841800365497,5.081269245047937,3.4899209001827485,5.081269245047937,3.4899209001827485
2580,39,823,957.3103778640375,923.8086870429031,24.54641994523173,23.68740223186931,-8.750422128613293,-10.038970280799882
2581,51,391,402.77180118250146,336.9118529703406,7.8974862976961075,6.606114764124325,2.073418367510755,-0.30108768847454676
2582,1,2,3.6429320139353925,2.5325477548158872,3.6429320139353925,2.5325477548158872,3.6429320139353925,2.5325477548158872
2586,20,362,506.4242093239285,492.73978474530645,25.321210466196426,24.636989237265322,3.156510386200307,2.029912164239569
2588,7,23,49.43993294222666,83.59855875458072,7.062847563175238,11.94265125065439,7.062847563175238,11.94265125065439
2589,2,4,46.298672015206165,35.17844869108278,23.149336007603083,17.58922434554139,23.149336007603083,17.58922434554139
2591,13,42,49.10936547903797,56.655776682531034,3.777643498387536,4.358136667887003,3.7479120003744333,3.894587498583047
2592,1,10,1.2696975841802622,0.9041199130838944,1.2696975841802622,0.9041199130838944,1.2696975841802622,0.9041199130838944
2593,5,18,24.677978485876253,16.613625009587352,4.93559569717525,3.3227250019174703,2.4930955251213773,-0.05019819591329018
2594,8,28,18.57172805574157,18.37181682719784,2.3214660069676962,2.29647710339973,2.1429320139353925,0.2128095024200649
2596,6,50,21.60843213480009,20.75429654942006,3.601405355800015,3.4590494249033434,3.27170509325015,1.4111375243086568
2597,14,243,241.62063286481467,236.76337029802272,17.258616633201047,16.911669307001624,0.13125305463150724,-1.6449046187403944
2599,3,9,28.6446967536751,22.90893922221405,9.548232251225032,7.63631307407135,9.548232251225032,7.63631307407135
2602,2,3,8.285864027870785,1.111307493037991,4.1429320139353925,0.5556537465189955,4.1429320139353925,0.5556537465189955
2604,6,76,64.61954134282519,69.56618687545313,10.769923557137531,11.594364479242188,5.31169317042658,5.131720643552571
2606,3,4,12.928796041806176,14.278225869327242,4.3095986806020585,4.75940862310908,4.3095986806020585,4.75940862310908
2607,44,519,470.1593239599418,457.79448983834703,10.685439180907768,10.404420223598796,-2.2494861653341283,-3.910638561897876
2608,3,6,10.928796041806176,5.238181331527867,3.642932013935392,1.7460604438426224,3.642932013935392,1.0121565230427187
2611,11,300,98.29604486094983,131.0542932594662,8.936004078268168,11.914026659951473,6.305228908592283,9.755249914734103
2612,39,1065,1319.7562273426317,1286.0394251358448,33.83990326519569,32.97536987527807,-2.2742575928604425,-4.928557877009666
2613,12,67,67.51950665817785,52.49985222858129,5.626625554848154,4.374987685715108,2.072011518023998,0.012638840408675614
2614,17,257,341.30444064348916,301.84615622159885,20.076731802558186,17.755656248329345,4.013192365502793,0.8480946425471635
2615,1,1,6.459882504041223,5.496019724110232,6.459882504041223,5.496019724110232,6.459882504041223,5.496019724110232
2616,10,75,45.30013654437547,39.621123069094644,4.530013654437547,3.9621123069094644,0.5248181180510864,-1.9141755737544706
2617,43,649,718.3583793771062,697.6241332726028,16.7060088227234,16.223817052851228,4.648572891835271,4.514334272345222
2619,1,1,4.6429320139353925,3.4795416916467623,4.6429320139353925,3.4795416916467623,4.6429320139353925,3.4795416916467623
2621,15,202,195.40229103805257,217.3378640968343,13.026819402536837,14.489190939788953,-0.8168032957942207,-0.3166618400079981
2622,42,1800,980.3165889124558,909.1747771077116,23.340871164582282,21.647018502564563,6.956562641595163,2.0660344310452152
2623,9,136,113.59021106445508,110.47583965237719,12.62113456271723,12.275093294708576,-4.7381953070785015,-6.104250605105027
2624,65,1592,1344.6784291224944,1411.2268832539855,20.687360448038376,21.711182819292084,3.907597002744266,5.867578804338035
2627,10,34,77.88574590202798,79.10817039998415,7.788574590202797,7.910817039998415,7.58139533648894,7.633161183292225
2628,3,11,10.642932013935393,8.549369731963772,3.547644004645131,2.8497899106545908,1.9762653472687257,-1.1023971691911878
2629,1,2,3.6429320139353925,2.526310620776105,3.6429320139353925,2.526310620776105,3.6429320139353925,2.526310620776105
2630,3,13,9.144567125795241,5.8120616067238,3.0481890419317472,1.9373538689079333,2.810143717888675,1.2336629469741123
2632,7,32,15.846977734272134,13.957094086783695,2.2638539620388762,1.993870583826242,2.2638539620388762,1.3599977521114859
2634,3,4,19.247381643771856,14.434864759940897,6.415793881257286,4.811621586646965,6.415793881257286,4.811621586646965
2636,3,56,44.679124593847924,45.96114843830338,14.893041531282641,15.320382812767795,-8.254112649077188,-12.135260263519314
2638,10,136,148.7803534028794,173.65126464960989,14.87803534028794,17.365126464960987,12.054024681535978,14.760694864174056
2639,2,7,4.775501592511656,4.179707826964304,2.387750796255828,2.089853913482152,2.387750796255828,0.03050559519236984
2640,4,14,16.82383666492134,11.702935838264949,4.205959166230335,2.9257339595662373,4.130680816485961,2.265562253077288
2641,8,47,49.84877954387658,43.10870654334276,6.231097442984573,5.388588317917845,0.07200623009082607,-0.7941762636840946
2643,16,53,93.70324545392042,59.501750101405584,5.856452840870026,3.718859381337849,4.9732263727708785,1.6918119942995187
2644,13,26,62.456415454287715,37.64680288216763,4.804339650329824,2.8959079140128945,4.804339650329824,2.6579064356755753
2645,37,287,255.48749763559772,170.21016610362628,6.905067503664803,4.600274759557467,6.369299788938556,2.502440076516095
2646,32,2228,3130.9769600398154,2647.7080004139725,97.84303000124423,82.74087501293664,-21.631724519248305,-36.80606061332691
2647,1,6,0.12695581957256863,0.10139983440483569,0.12695581957256863,0.10139983440483569,-0.12695581957256863,0.10139983440483569
2650,1,17,38.07519069531059,17.87488227422125,38.07519069531059,17.87488227422125,38.07519069531059,17.87488227422125
2651,2,2,36.35032674679462,31.732868448979698,18.17516337339731,15.866434224489849,18.17516337339731,15.866434224489849
2653,8,23,114.92866097887737,57.81152977937634,14.366082622359672,7.226441222422043,14.366082622359672,7.226441222422043
2655,6,76,59.97327858564634,61.98276425288799,9.995546430941056,10.330460708814664,-4.146386031641366,-6.013985790896073
2656,7,32,41.94114240355805,41.62063695961126,5.991591771936863,5.945805279944466,2.2590272733328556,2.0976268896555985
2658,17,515,432.36994995442245,418.8449765226874,25.433526467907203,24.637939795452198,-4.422304370988442,-5.912832420618275
2662,85,350,243.01880213881097,177.66570280858807,2.859044731044835,2.0901847389245654,2.0344143912074024,-0.3698407913858913
2663,26,162,99.92655212206378,94.08937822527717,3.843328927771684,3.6188222394337375,0.16709650600584902,-1.6758237111613934
2664,54,1964,4070.337774819768,5574.689275144352,75.37662545962533,103.23498657674726,72.4732935178715,101.73436120082289
2665,38,1478,1104.3882177413832,1222.536023316555,29.062847835299557,32.17200061359355,-9.322084133404061,-4.122318878474941
2666,3,19,14.510761223984215,14.044013910059974,4.8369204079947385,4.6813379700199915,0.6507224976544851,0.3799071965950193
2667,68,1943,1521.7249687970482,1615.2384107264868,22.378308364662473,23.753506040095395,1.6795583522121007,5.055087433563939
2668,69,1774,1337.5360145229693,1287.146179759238,19.38457992062274,18.654292460278814,-1.5823910083762938,-3.296549247710206
2669,71,2328,1825.9490291177742,1940.0479505137703,25.717591959405272,27.324619021320707,1.9528976582228574,5.722850326993201
2670,72,1709,1295.0928119349592,1219.853872751829,17.987400165763322,16.942414899330956,8.484137039910188,7.337328181854665
2671,73,1469,1222.3289756073748,1146.8011226059384,16.744232542566778,15.70960441925943,4.347335176383872,3.5043159219047815
2672,73,2364,1892.1982656542816,2026.7816473777086,25.920524187044954,27.764132155859023,2.172578635170175,5.249591095313504
2673,53,1058,1100.6489216973382,1110.3469349252196,20.76696078674223,20.94994216840037,2.335716364540139,2.434645131410339
2674,63,1661,1127.028723430243,1137.5941277601578,17.889344816353063,18.05704964698663,4.978925125201265,4.676767720766611
2675,68,3432,1795.266854681836,1931.1049065926227,26.400983157085825,28.39860156753857,1.6746958114153065,5.0730872923387285
2676,2,13,19.390223415578923,21.490880079453298,9.695111707789462,10.745440039726649,9.695111707789462,10.745440039726649
2677,45,677,577.4011898200624,603.8108682232395,12.831137551556942,13.418019293849767,5.48347810861326,5.786997374625972
2678,56,4650,3244.1991444828764,3231.4248674778787,57.932127580051365,57.704015490676404,-0.6426483679057918,6.426972064097477
2679,19,150,115.00111716329539,119.44809654717264,6.052690377015547,6.286741923535402,4.71594037921306,3.2703698567543817
2680,15,55,109.32718717146378,106.4042783350272,7.288479144764252,7.09361855566848,6.507597000388663,6.351892127496755
2682,3,7,17.84448229798097,7.854413044743788,5.948160765993657,2.618137681581263,5.948160765993657,2.237646508250906
2683,9,24,29.013391134789778,22.350588227719733,3.223710126087753,2.4833986919688593,3.0254366736937612,1.158794436071433
2686,1,89,23.802288991768734,16.54060474143907,23.802288991768734,16.54060474143907,-23.802288991768734,-16.54060474143907
2687,27,314,388.4379068212628,435.01481394738414,14.386589141528251,16.111659775829043,13.82645105423122,14.817211636869459
2688,9,48,42.038312606421144,40.80816944704523,4.670923622935683,4.534241049671692,2.9456476026065865,-0.04837714750599136
2689,55,665,626.8626434470438,600.1428156205529,11.397502608128068,10.911687556737325,2.282411204532857,0.7600854877631129
2690,16,47,80.1107482385472,54.102492377067364,5.0069217649092,3.3814057735667102,4.692631824895916,2.47522588865621
2691,39,429,257.4026718553309,243.32172409985887,6.600068509111048,6.239018566663048,1.6251464992022278,-0.27592790175540594
2694,10,60,58.78690428143349,57.874364953068586,5.878690428143349,5.787436495306858,2.2475547503629434,1.4405460034083666
2696,17,658,397.68494589907874,436.930408683787,23.393232111710514,25.701788746105116,2.7640022681627165,3.1813413988665045
2697,24,3800,1698.0587727312072,1389.356042458041,70.7524488638003,57.889835102418374,-0.032131155971191795,-24.991467682110738
2698,6,15,18.857592083612353,9.393083879434137,3.142932013935392,1.5655139799056894,3.142932013935392,0.6737040188681197
2699,77,21955,17291.003098811492,17117.463212100818,224.55848180274666,222.30471704027036,-175.26495041678905,-182.25043753799787
2700,29,85,99.48896630572227,113.72845957599324,3.4306540105421472,3.921671019861836,3.144970705963689,3.2244181322325907
2701,39,222,179.77259630548082,134.4288399339367,4.6095537514225855,3.4468933316394024,3.0465833474821844,0.21160417055452727
2702,51,483,349.47106053010344,345.95543882311983,6.852373735884381,6.783439976923918,1.8322343508998848,0.409102210277889
2703,56,538,412.3244748366131,407.11256648772627,7.362937050653805,7.2698672587093975,1.5205930240206287,-0.9557523472743943
2704,42,347,285.0060130353887,260.2762396134305,6.7858574532235405,6.197053324129298,1.7994669386581137,-0.5589465431263198
2705,5,401,210.03755165449508,173.0251137950377,42.00751033089902,34.60502275900754,-13.303577347804957,-2.7346509701476807
2708,12,510,501.7185192503717,499.5004389733079,41.80987660419764,41.62503658110899,-15.264117110743165,-14.919968637656638
2709,34,497,350.0914182313758,339.22627551401473,10.296806418569878,9.977243397471021,2.439828852104506,2.1794051029186416
2710,71,333,184.2298033319789,162.74965155432733,2.5947859624222382,2.29224861344123,1.151400712052911,-0.9617800614104458
2711,69,1101,462.5492848027349,478.423537865719,6.703612823228042,6.933674461822015,-1.6365166097113175,-2.176049317323263
2712,56,340,260.88763218899606,242.7302428941716,4.658707717660644,4.334468623110207,1.820492942915791,0.6790877141947469
2714,18,46,76.31091150758687,16.28682457898958,4.239495083754826,0.9048235877216434,4.239495083754826,-0.1610937389308199
2715,3,8,15.681248709595948,5.808934957769399,5.227082903198649,1.9363116525897996,5.227082903198649,1.9363116525897996
2716,49,1794,1468.4971290232538,1491.0378520237937,29.969329163739875,30.429343918852933,-14.168386055815603,-16.525175054444812
2717,43,1088,1306.7800145012122,1150.3502438647781,30.39023289537703,26.752331252669258,1.4281422935941193,-3.8873723202508064
2720,21,107,137.89348080885958,131.85024658226695,6.566356228993313,6.27858317058414,5.461454538792313,5.651906559619778
2722,16,134,191.00754116252645,193.32652213235116,11.937971322657903,12.082907633271947,8.2638494533088,8.776160585540119
2723,10,33,64.86977702214966,58.5215627335149,6.486977702214967,5.85215627335149,5.643352031492877,5.199969123528261
2725,36,1007,750.0212983184655,764.2020515178644,20.83392495329071,21.227834764385122,4.539936075659595,4.048343433261259
2726,16,36,83.9064505188098,16.75211410547557,5.244153157425613,1.0470071315922231,5.244153157425613,-0.23181093220028315
2727,4,8,14.57172805574157,6.66997972963628,3.6429320139353925,1.66749493240907,3.6429320139353925,1.3496114399414814
2729,13,123,314.4391838911698,268.5960077262852,24.187629530089986,20.6612313635604,20.958241518106888,18.406680664282547
2730,15,137,196.31394094897806,145.80130846432462,13.087596063265204,9.720087230954976,9.918329817617757,4.621884874357661
2732,2,6,7.945562983934941,2.170215037788287,3.9727814919674707,1.0851075188941435,3.9727814919674707,1.0851075188941435
2733,2,20,25.735956565755036,28.924367827714757,12.867978282877518,14.462183913857379,12.867978282877518,14.462183913857379
2734,1,1,4.6429320139353925,1.134948680237251,4.6429320139353925,1.134948680237251,4.6429320139353925,1.134948680237251
2737,2,10,8.0,7.425600918774995,4.0,3.7128004593874975,0.6429320139353925,-2.548869853994879
2739,30,629,456.1174799434711,470.0250957900065,15.203915998115702,15.667503193000217,0.14598596192399046,1.501144873913963
2741,1,6,12.100851780889357,6.411643080300241,12.100851780889357,6.411643080300241,12.100851780889357,6.411643080300241
2742,5,27,29.596608713164134,32.73175192033254,5.919321742632826,6.546350384066509,1.0685394148037997,0.4888947886405653
2743,2,46,35.450255992122024,33.276882246505906,17.725127996061012,16.638441123252953,-5.940520762274858,-5.914488099129963
2746,1,2,6.701636026453322,6.663142554406345,6.701636026453322,6.663142554406345,6.701636026453322,6.663142554406345
2747,3,8,9.83671417443444,5.615746965278177,3.2789047248114804,1.8719156550927256,3.2789047248114804,1.015075358167434
2748,2,2,9.285864027870785,6.983295666075383,4.6429320139353925,3.4916478330376917,4.6429320139353925,3.4916478330376917
2749,1,6,12.598577844014752,8.930620185128975,12.598577844014752,8.930620185128975,12.598577844014752,8.930620185128975
2751,14,46,64.95606465816765,49.52006774552206,4.639718904154832,3.5371476961087187,3.989852064485111,2.3909621374328878
2752,5,18,22.928796041806176,17.94281963717339,4.585759208361235,3.588563927434678,2.042932013935393,-0.020679214908506792
2754,2,2,20.13721649922603,14.089879202674545,10.068608249613016,7.044939601337273,10.068608249613016,7.044939601337273
2756,9,13,57.274108460653125,19.097811274108185,6.363789828961458,2.121979030456465,6.363789828961458,1.7124528939313741
2757,1,1,5.081269245047937,3.7115918960714964,5.081269245047937,3.7115918960714964,5.081269245047937,3.7115918960714964
2758,6,15,25.57819404961241,13.872020317378345,4.263032341602068,2.312003386229724,4.263032341602068,2.312003386229724
2759,41,479,365.1636053995061,323.7721702863157,8.906429399987953,7.896882202105261,3.3561052027341187,1.0706138720348966
2760,5,27,17.304718860007792,14.451332509184308,3.4609437720015586,2.8902665018368614,1.4004128431719385,0.3961547905601336
2762,42,22303,18826.718074931207,18959.562824209417,448.2551922602668,451.4181624811766,-443.11484692270875,-446.0044973706689
2764,48,6000,6622.510486198516,6120.602550114308,137.9689684624691,127.51255312738141,-67.72907660830477,-88.24163635325591
2765,11,38,153.91556490451592,113.44195804083574,13.99232408222872,10.312905276439613,12.730245556652385,8.778428170634266
2766,25,492,395.89858971501593,367.6095077664886,15.835943588600637,14.704380310659545,6.716093318938017,3.5689395672615296
2767,2,4,7.285864027870785,5.454537961811267,3.6429320139353925,2.7272689809056336,3.6429320139353925,2.7272689809056336
2768,3,5,27.20757344492125,14.295034766522878,9.069191148307082,4.765011588840959,9.069191148307082,4.765011588840959
2769,33,332,365.1233748061626,406.0250539795113,11.064344691095837,12.303789514530646,4.442689497595765,6.812745436613883
2770,2,6,5.285864027870785,1.9632631149347368,2.6429320139353925,0.9816315574673684,2.6429320139353925,0.9816315574673684
2771,27,99,190.17471950235745,168.61796560254288,7.043508129716942,6.245109837131218,4.978553450017521,4.00019809286895
2772,74,2925,2744.6917991969417,2790.8766619481125,37.09042971887759,37.714549485785305,-8.06494258437708,-7.998632572047021
2773,62,878,737.9756970090696,680.2683563982299,11.902833822726928,10.972070264487579,0.1346970311712994,-1.1664067669746596
2775,45,1207,1205.2296694995418,1150.2495711014635,26.782881544434264,25.561101580032524,-0.0766739325218458,-3.7968747344856197
2776,10,100,121.4607584269546,93.74364586631671,12.14607584269546,9.374364586631671,11.514350222449496,7.81457477974846
2777,15,32,52.643980209030886,24.72806984254,3.509598680602059,1.6485379895026666,3.509598680602059,0.9729062963359218
2778,18,58,74.37631889252056,47.76648520360619,4.132017716251142,2.653693622422566,2.5265296601811844,0.4486578156357117
2779,7,19,21.214660069676963,12.514411951541083,3.030665724239566,1.7877731359344404,2.928646299649678,0.8443179718137603
2780,10,34,51.24465841334977,38.914885561298334,5.124465841334977,3.8914885561298336,2.2530522441220557,0.4064934515638884
2781,18,51,69.32994382412207,44.150507060138914,3.851663545784559,2.452805947785495,3.144789964209254,1.230091407096456
2782,20,47,90.88251974921786,40.791135941316426,4.544125987460893,2.0395567970658215,4.544125987460893,1.8573713749168683
2783,22,478,675.4003238596187,773.1282594394268,30.700014720891758,35.142193610883034,23.65869829660353,32.520988557565886
2784,60,1897,2045.0668211275681,1891.8094128337955,34.0844470187928,31.530156880563258,-1.5669434746888948,-5.172602978547273
2785,2,20,23.054940308772473,23.548650363295717,11.527470154386236,11.774325181647859,11.527470154386236,11.774325181647859
2786,19,325,569.9961839478103,555.4493706177788,29.99979915514791,29.234177400935724,29.958749271695428,28.307995363754372
2787,60,8520,8534.988005606743,9892.851309619862,142.2498000934457,164.88085516033104,-40.941373846345485,-10.356801845441767
2789,29,144,173.18819190625928,160.89065579109266,5.972006617457216,5.547953647968712,2.4266930823586996,2.1824910085343983
2790,35,340,221.68085435988763,214.27398574654146,6.333738695996789,6.1221138784726135,0.42488272371488267,-1.4421985767103795
2791,2,10,8.0,9.89612522536035,4.0,4.948062612680175,0.6429320139353925,-0.8532394783155226
2792,43,533,774.6404605107248,763.2089463786564,18.01489443048197,17.749045264619916,12.434908504127522,11.662749295519998
2793,15,24,66.20717684666585,31.361047237919244,4.413811789777723,2.0907364825279497,4.413811789777723,2.0907364825279497
2794,2,18,6.802422336394267,6.94493158799205,3.4012111681971335,3.472465793996025,1.8374042689532333,-0.3469852155217472
2795,12,73,103.06036356009773,84.8217491410193,8.588363630008145,7.068479095084942,4.533413980565553,1.558259476241907
2796,60,587,497.4216795581085,426.06851124065463,8.290361325968474,7.10114185401091,-0.5708511188561173,-2.859356958028044
2797,14,33,46.715184167224706,23.262100499951863,3.336798869087479,1.6615786071394187,3.2857891567925352,0.14519158773722335
2798,19,355,176.51208120808272,219.10084421008327,9.290109537267512,11.531623379478066,3.9669051922607643,7.716889103251094
2799,3,26,7.113092200159532,9.908449591326983,2.3710307333865104,3.302816530442328,-2.253417122324976,-3.0803405752336577
2800,23,260,270.46865260686684,268.4749153089649,11.759506635081166,11.672822404737605,0.4114368955390524,-1.9450629558475117
2801,19,389,281.3227496617253,241.5824515662094,14.806460508511858,12.714865871905758,7.4580760151497545,4.7852088692695585
2802,59,1046,941.2049232741584,949.57615584256,15.952625818206075,16.094511115975592,-3.8085952230604043,-7.2564622141145305
2803,21,49,71.69528054255922,48.028516707406496,3.4140609782171056,2.287072224162214,3.312041553627217,1.1322267628339995
2804,56,697,534.3287187513481,532.1182368660056,9.541584263416931,9.502111372607244,2.1957541960960794,2.0744601054890266
2805,39,271,236.55312512303294,191.82538638154952,6.065464746744435,4.918599650808962,0.7040948399393699,-1.1200612298020098
2806,3,12,11.904287850830606,12.853489410844732,3.9680959502768687,4.284496470281577,2.0431045605776093,2.419274815868798
2807,74,2816,2497.572207559264,2478.035602351339,33.75097577782789,33.48696759934242,-2.8184957373591244,-5.612053438463476
2808,11,31,75.6842582607638,39.86010204934941,6.880387114614891,3.6236456408499462,6.880387114614891,3.6236456408499462
2809,25,785,643.1037048912542,699.3249441966997,25.72414819565017,27.972997767867987,-18.909580289690346,-22.77606540054407
2810,7,20,85.23551328019157,96.31461627078605,12.176501897170224,13.759230895826578,12.176501897170224,13.759230895826578
2811,68,431,432.09394935839936,344.95977676264215,6.354322784682344,5.072937893568267,1.9420296374851684,-0.2430024098732574
2812,8,78,51.764029780532034,42.90609739544977,6.470503722566504,5.363262174431221,2.7592657913215692,-0.2463148563519828
2813,23,322,385.6716931627446,398.8304797226625,16.76833448533672,17.34045564011576,1.2659247118485057,2.3304340477135828
2814,17,68,158.6056806085184,152.53009293083315,9.329745918148141,8.972358407696067,6.833024613767583,6.0609555099476715
2815,62,733,690.3924168396035,630.4175385624421,11.135361561929088,10.16802481552326,-2.6703061971171227,-5.224050565662479
2816,14,197,212.52014886459065,190.8405476621627,15.180010633185047,13.631467690154478,-3.4604234316817286,-4.548123508387978
2817,1,6,0.35706798606460755,0.47140337410238864,0.35706798606460755,0.47140337410238864,-0.35706798606460755,-0.47140337410238864
2818,7,12,29.466600485896493,17.565063764906537,4.2095143551280705,2.5092948235580765,4.2095143551280705,2.5092948235580765
2819,14,428,370.658472328691,440.05038758675005,26.47560516633507,31.43217054191072,10.81131124450776,18.863707650891378
2822,17,277,341.0351266882431,370.1918772344304,20.060889805190772,21.775992778495908,17.7486975893406,20.98937971439334
2824,39,120,130.47175534190865,111.47711900890171,3.3454296241515036,2.8583876668949157,2.6055182423946612,1.6006662289598017
2825,12,44,45.707959133566526,46.791719738528386,3.8089965944638773,3.899309978210699,3.0233072657756748,3.8115588147106867
2826,12,34,34.429320139353926,12.537114506073468,2.869110011612827,1.044759542172789,2.809598680602059,0.1566141328798718
2828,46,868,952.3727376134032,942.1490101483619,20.703755165508763,20.481500220616564,7.563956595648429,6.227088049740414
2829,21,197,160.06061672573242,135.51962236965213,7.621934129796782,6.453315350935815,-0.6022779315699877,-3.4100223342181484
2830,51,613,602.1073678773923,561.6653328622788,11.80602682112534,11.013045742397622,-2.3761701820354753,-4.791926124365389
2831,73,3822,3775.2631411582347,4122.958853519912,51.71593344052376,56.47888840438235,25.24243478143102,34.59542173362394
2832,46,434,299.6651063185233,294.72116379931765,6.514458833011377,6.406981821724297,0.5073493381295343,-0.9710461692565137
2833,36,511,545.1397772183076,488.9374582446801,15.142771589397434,13.581596062352226,10.07369615674996,8.614451655740224
2834,2,8,10.479514026569865,1.354840466086376,5.239757013284932,0.677420233043188,5.239757013284932,0.677420233043188
2835,60,479,377.93774874594095,334.97616220649024,6.298962479099016,5.5829360367748375,1.4823030745385968,-0.7700957473822887
2836,26,498,486.25316290524785,463.8320116431495,18.702044727124918,17.839692755505748,-2.942561757765632,-5.388425138295549
2837,57,821,821.4931146909867,805.7002502225818,14.412159906859415,14.1350921091681,4.142216646932201,3.2999086846120007
2838,17,36,87.6680984360452,49.24269785716906,5.1569469668261885,2.8966292857158273,5.1569469668261885,2.5677287913328417
2839,59,426,397.6756011823626,355.77222279853356,6.740264426819705,6.030037674551417,3.055056134957112,1.6121936226369267
2840,33,191,587.174279234261,294.4919336656493,17.79315997679579,8.92399798986816,16.02302185658045,5.78252776993933
2841,31,696,640.8312035240119,679.584646525417,20.67197430722619,21.922085371787645,-2.374223639452563,0.16869679749609323
2842,12,74,34.19163512398204,40.4153191917644,2.849302926998503,3.3679432659803665,1.7241679755153474,-1.053704628954017
2843,4,23,6.508232702990482,1.1842574073424608,1.6270581757476206,0.2960643518356152,1.6270581757476206,-0.08457260107045528
2844,45,178,219.3425782046726,183.91918862981538,4.874279515659391,4.087093080662564,3.0856174697617984,1.5933629197332164
2845,61,1128,950.6526248473651,969.4750198429967,15.58446925979287,15.893033112180275,4.021231702738804,3.868425196273366
2846,23,112,119.10597422618017,92.96898764238944,5.178520618529572,4.042129897495193,4.199132478970499,1.897321202640666
2847,53,632,607.919718877549,536.7106072691469,11.470183375048094,10.126615231493338,0.7023962413718322,-1.6500438539462516
2849,38,439,405.1679354605645,355.80074012909796,10.662314091067486,9.363177371818367,-0.20183957152547705,-3.450522532709004
2850,26,315,290.8996976319445,331.69426906012507,11.188449908920942,12.757471886927886,8.702529579337789,11.302098030903435
2851,24,294,174.46246263443533,177.12998930267776,7.269269276434805,7.380416220944906,-2.994822995068894,-3.4387110445538838
2852,42,1245,1428.1218138057186,1488.379244547637,34.00290032870758,35.437601060658025,-0.6364170310328573,4.397893590363875
2854,55,742,716.0157458898434,653.8720349579514,13.018468107088061,11.888582453780936,-2.26764097001232,-5.293849780967922
2855,1,3,3.817429007522777,5.5312940641301545,3.817429007522777,5.5312940641301545,3.817429007522777,5.5312940641301545
2856,52,3250,1817.144077426764,1754.930060000631,34.94507841205315,33.748655000012135,12.703240118906194,7.41949866512976
2857,51,1406,1188.9593321812981,1195.38694608363,23.31292808198624,23.438959727129998,-1.441408333732572,-1.047786876842394
2859,12,21,46.715184167224706,26.615702361417924,3.892932013935392,2.217975196784827,3.892932013935392,1.587097675086227
2860,40,954,677.0008982214687,626.6360810514199,16.925022455536716,15.665902026285497,2.9736691467525502,1.4065072752316994
2861,44,1583,1120.7165706939013,1097.4416738995615,25.47083115213412,24.941856224990033,-8.732975984307743,-9.754597279769088
2862,54,1987,1501.2284853837577,1625.7777426342866,27.800527507106626,30.10699523396827,-0.8926019925344576,-0.04189773068864176
2863,39,312,388.91668297649403,343.3230355914774,9.972222640422924,8.80315475875583,4.4887024946238245,2.113682716211971
2864,51,758,489.05883833351953,455.1123746381631,9.589388986931755,8.923772051728688,-0.9189428763728529,-3.1097709133577687
2865,55,1021,883.6731121313081,890.8737518529954,16.066783856932876,16.19770457914537,8.97205207088977,8.094614514850537
2867,72,3869,3624.234763105448,4240.122242821754,50.336593932020115,58.8905867058577,16.377163856725986,25.906605447867527
2868,13,124,218.05836983223716,184.27141455074985,16.773720756325936,14.174724196211526,16.25717750182233,12.880255817602501
2869,34,332,373.55507966317737,351.29548002279233,10.98691410774051,10.332220000670363,9.835884105900679,8.013321761763748
2871,68,2296,2058.7323041179243,2377.5684836867704,30.27547506055771,34.96424240715839,0.488774631511962,7.692423313990558
2872,16,50,86.789900543166,24.592100005155046,5.424368783947875,1.5370062503221904,5.424368783947875,0.1908519490468561
2873,13,97,118.88673574875054,109.85376408718096,9.145133519134657,8.450289545167767,3.497638672861739,2.229237113034075
2874,18,382,319.33480712244807,385.2775592621408,17.740822617913782,21.40430884789671,3.0956233223994567,7.53798433082963
2875,21,233,214.42428617723533,210.86574577973994,10.210680294154063,10.041225989511426,-1.2633374603091818,-1.4996566399328297
2876,77,2841,2112.786360713333,2906.754855115749,27.438783905367963,37.750063053451285,9.771032794845498,24.10313247636105
2877,51,627,659.8070331458648,739.4441062180636,12.937392806781663,14.498904043491443,9.493340741812833,11.324312118074632
2878,2,3,8.285864027870785,5.492474139990616,4.1429320139353925,2.746237069995308,4.1429320139353925,2.746237069995308
2879,50,515,620.6382274824946,623.0277679757886,12.412764549649891,12.460555359515773,8.30749860482534,8.28578122693358
2880,31,572,538.7194973667671,557.4356617345087,17.378048302153775,17.981795539822862,-0.39628558562490684,1.7267587567945943
2881,57,1410,1575.778871649496,1712.3068625049375,27.64524336227186,30.040471272016447,15.665317351473709,17.376563841243122
2882,52,1199,1093.0854540582754,1063.3513599659498,21.020874116505297,20.449064614729803,7.350132051011831,5.762760563825836
2883,63,1710,1923.6857643100047,1828.8334729975782,30.534694671587378,29.029102745993303,14.343609703786386,11.30946316059018
2884,13,356,266.8254977732962,270.6027494691942,20.525038290253555,20.815596113014937,-5.086678579961837,-3.3945503319171006
2885,41,648,634.7043863507115,607.550372085762,15.480594789041744,14.818301758189316,-0.8092696893465566,-1.4846546185756218
2886,60,522,588.0333562916944,706.7039316071869,9.800555938194908,11.77839886011978,6.200859774724271,9.179036506558388
2887,51,845,741.8572880559632,791.8701756321167,14.546221334430651,15.526866188865034,3.919340932871523,5.402382814907485
2888,54,1254,924.3687236032746,962.2597094975125,17.117939325986566,17.819624249953936,-0.5486425891837955,1.141484214654837
2891,2,3,8.285864027870785,5.920748544226312,4.1429320139353925,2.960374272113156,4.1429320139353925,2.960374272113156
2892,1,12,0.8195033156927067,3.6957168541620646,0.8195033156927067,3.6957168541620646,0.8195033156927067,3.6957168541620646
2895,5,10,102.45803635380054,109.2126181214442,20.491607270760106,21.842523624288837,20.491607270760106,21.842523624288837
2897,22,74,171.52862624790137,198.81621838997052,7.796755738540972,9.03710083590775,6.263848865040833,7.519376940136499
2898,33,333,395.2444718094978,336.47420192273177,11.977105206348417,10.196187937052478,3.4403014612635374,-0.07687047879561813
2899,4,14,125.9818986048534,145.71149039666855,31.49547465121335,36.42787259916714,31.49547465121335,36.42787259916714
2900,6,38,187.4452824845502,192.38453628596275,31.240880414091702,32.06408938099379,31.240880414091702,32.06408938099379
2902,11,144,153.3215614707923,136.14156389284187,13.938323770072026,12.37650580844017,6.135658410336287,3.888901360237169
2903,9,60,90.95141644351861,57.61165270181064,10.105712938168734,6.401294744645627,9.529149137447162,5.012353116973669
2904,21,345,339.7689279930069,332.308447072019,16.17947276157176,15.824211765334239,2.411231866167083,1.9128707630265578
2905,18,187,206.3222044138771,179.93017358520686,11.462344689659838,9.996120754733715,9.068431040367578,6.026762530444446
2907,11,49,69.41130405753844,60.32992268312987,6.3101185506853135,5.484538425739079,5.4382150546921055,3.2324241853011064
2908,9,206,118.01019805359638,119.84572401465218,13.112244228177376,13.316191557183576,-2.159070560906023,-1.9677850778237453
2909,14,285,229.18819882176666,221.86233148165215,16.37058563012619,15.847309391546583,-8.172536265583654,-5.504447428125533
2910,9,194,120.85234984352151,137.47895136662808,13.42803887150239,15.275439040736453,0.5902537627319889,1.5365122234896953
2911,51,1220,1020.7045220625054,982.1554007198889,20.01381415808834,19.25794903372331,-5.140570449039666,-5.302247851954678
2912,50,1216,1067.6332825770585,1048.6302215696091,21.35266565154117,20.972604431392185,-9.369478700336975,-11.700399511056858
2913,41,1138,1086.8506220329714,1019.5202255609986,26.508551756901742,24.866346964902405,-12.432659246449921,-15.211506591631549
2914,73,1989,1511.1632372221789,1463.3467220580744,20.70086626331752,20.045845507644856,-6.978168882110649,-8.722715662738764
2915,21,70,74.01923787821403,42.89183100327435,3.524725613248287,2.042468143013064,2.341080666176056,-0.2448967237635082
2916,42,209,164.24177467156147,131.06876014745,3.9105184445609873,3.1206847654154766,2.3050095570719438,0.5662373757333127
2917,8,70,62.30692789865036,62.28669952779893,7.788365987331295,7.785837440974866,1.3969466600442997,1.2338355076613436
2918,48,1095,1105.1168528957685,1114.8510925842202,23.023267768661842,23.22606442883792,4.9318500702760675,4.234314811825895
2919,29,106,172.76792064633347,126.23560184226689,5.957514505045982,4.3529517876643755,5.607594536384249,3.2524007086055304
2920,44,312,335.1552178251152,290.1307912509484,7.6171640414798905,6.5938816193397365,4.400566989991227,2.6802252424809385
2921,76,1736,971.423442299252,950.846391189031,12.781887398674368,12.511136726171461,-1.225888465272994,-1.6534769450274873
2922,54,1133,711.1562840429805,735.9675691281972,13.16956081561075,13.629029057929577,-1.1668688353323884,-2.0098807312323084
2923,66,1923,1686.047787772923,1529.916711290684,25.546178602620046,23.18055623167703,4.648288990740503,0.873701030647281
2924,75,741,499.1550615258298,457.7763752164344,6.655400820344397,6.1036850028857925,2.433475935383359,-0.8905168193561809
2925,66,974,682.7161669903179,660.3302900242948,10.34418434833815,10.005004394307496,2.2137017766357574,2.6283756101044586
2926,64,1130,671.5315803210635,733.47065881114,10.492680942516618,11.460479043924062,1.933669405165174,2.251377776942129
2927,25,259,164.1632045159859,166.61474329309306,6.566528180639437,6.664589731723722,1.117652450727527,-0.08075493176058543
2928,44,572,486.5105752236144,449.39629798318003,11.057058527809419,10.213552226890455,0.5445689701153698,-2.1844736714086292
2929,42,458,362.73054815573374,363.44769248768927,8.636441622755566,8.653516487802126,0.8563108878855852,0.465943767731776
2930,55,761,538.0691391728404,500.2795186696586,9.783075257688008,9.095991248539248,2.2616555631069204,1.2006977567460382
2931,47,615,506.29414522513304,462.17374626502465,10.772215855853894,9.83348396308563,3.844622651513027,1.257528880897253
2932,63,1337,1066.1949694392918,1066.7797064819954,16.923729673639553,16.933011213999926,3.988289006241819,4.156669895473147
2933,34,443,341.47886784703877,304.89639088165285,10.0434961131482,8.967540908283908,3.065189773744647,0.5861386228380615
2934,55,1009,616.4761678561817,610.3988114672816,11.208657597385123,11.09816020849603,-1.8734562129101082,-2.996016523648498
2935,7,34,23.31855821599236,18.492364029370908,3.331222602284623,2.6417662899101297,2.7127830599803486,2.502967593970833
2936,4,12,10.57172805574157,2.088746606265632,2.6429320139353925,0.522186651566408,2.6429320139353925,-0.056963656254613415
2937,11,145,103.3724686943509,123.38636412817863,9.3974971540319,11.216942193470784,-0.4605753825051323,3.4304143800847458
2938,1,4,22.270814092824367,16.002298269369124,22.270814092824367,16.002298269369124,22.270814092824367,16.002298269369124
2940,1,3,4.361247965240952,2.687741603006712,4.361247965240952,2.687741603006712,4.361247965240952,2.687741603006712
2941,12,117,100.59695445466758,121.71536541179842,8.383079537888966,10.142947117649868,7.3068946375677575,9.231808442980098
2942,15,408,334.5825671677316,363.90891274424615,22.305504477848775,24.260594182949742,-0.456221673156296,-0.48949438640906423
2943,1,5,0.6429320139353925,0.1050685562570397,0.6429320139353925,0.1050685562570397,0.6429320139353925,0.1050685562570397
2945,43,1190,716.4279351523079,651.3569739579759,16.661114770983904,15.14783660367386,3.2302298764921726,-3.221860531633695
2947,46,951,558.555319657564,573.7490488752956,12.142506949077479,12.472805410332512,-0.7883326130363436,-1.5182133637194821
2948,63,1595,1068.4206301076135,1068.539928281041,16.95905762075577,16.960951242556206,-1.5073771610896913,-1.0201713432855957
2949,1,2,16.598577844014752,14.06754490694307,16.598577844014752,14.06754490694307,16.598577844014752,14.06754490694307
2950,26,75,106.27368621290647,103.88365149722559,4.087449469727172,3.9955250575855996,3.543510703712262,2.9828946169452397
2951,8,22,23.14345611148314,11.023095691336076,2.8929320139353925,1.3778869614170095,2.8929320139353925,0.337707316842464
2952,74,2792,1673.1056131641274,1758.0566467040967,22.609535313028747,23.757522252758065,-3.8207831936773466,-0.8125048098660906
2953,68,1425,958.2725095786105,984.604565672294,14.092242787920743,14.4794789069455,4.278570153507092,4.728993911040194
2954,71,2625,1717.309069739484,1798.4854044510655,24.187451686471604,25.330780344381203,-6.049127246999944,-4.943883397993972
2955,71,2170,1161.049959993304,1219.876412829269,16.35281633793386,17.1813579271728,-1.7433019722814993,-0.646203514143446
2956,97,635,966.6796936468368,367.4575418277135,9.965770037596256,3.7882220806980773,9.890915578062414,0.6989908463737781
2957,39,356,474.3361240444035,347.62353885944896,12.16246471908727,8.913424073319204,7.876543324159627,3.9092216179622326
2958,11,198,147.615441417406,154.23964255521477,13.419585583400545,14.021785686837706,-1.530187149441918,-2.4468049660073676
2960,39,271,281.70815073788935,244.00657485606854,7.223285916356137,6.256578842463296,4.358246517880935,0.7873861565689373
2961,87,458,292.2166212220793,217.2698961024154,3.3588117381848197,2.4973551276139703,1.9132654712931234,-0.5231052043537212
2962,32,614,616.2392655372936,599.2628819567944,19.257477048040425,18.726965061149826,-5.6701101757874035,-7.777181698953464
2963,36,566,573.2416204671142,567.8170345859334,15.923378346308729,15.772695405164816,2.700196981611803,1.4483185053142011
2964,30,345,303.28410184789846,326.4029404798108,10.109470061596616,10.880098015993694,-3.4428245391439933,-4.4145825434772314
2965,1,4,1.6429320139353925,0.5996162710867363,1.6429320139353925,0.5996162710867363,1.6429320139353925,-0.5996162710867363
2966,5,37,35.121039874017676,26.30907305369547,7.024207974803535,5.261814610739094,0.14751436502779142,1.1580807651568292
2967,4,7,15.57172805574157,12.875840101587192,3.8929320139353925,3.218960025396798,3.8929320139353925,3.218960025396798
2969,1,2,3.6429320139353925,0.7831006218450902,3.6429320139353925,0.7831006218450902,3.6429320139353925,0.7831006218450902
2970,2,10,4.208225064620505,4.836216902040748,2.1041125323102525,2.418108451020374,1.9640941137867944,2.001717886896503
2971,3,8,8.928796041806176,2.684631923381902,2.9762653472687255,0.8948773077939673,2.9762653472687255,0.8474540556907737
2972,2,4,17.501324042813227,7.061337632450698,8.750662021406614,3.530668816225349,8.750662021406614,3.1659156257988226
2973,22,158,208.8770806919863,169.11180471754056,9.49441275872665,7.6869002144336624,3.772188030692852,0.291287200473603
2975,9,78,86.01211821100209,77.81945998184376,9.556902023444676,8.646606664649306,-1.7310099393520297,-3.7351193268462524
2976,8,426,473.8468476423204,435.9013494776468,59.23085595529005,54.48766868470585,-41.358411041226105,-46.92666255090187
2977,72,2158,1832.0175338433894,2130.3010844637265,25.444687970047074,29.5875150619962,6.1346128580835915,10.760752828731082
2978,51,839,668.716283880378,692.189823167498,13.112083997654471,13.57234947387251,0.6557177364541803,1.6665103471811034
2979,69,5722,4374.5062161151645,4399.653823415213,63.398640813263256,63.763098890075554,-24.642615765189245,-31.798444056376436
2982,4,6,30.19709135347263,26.522442305759466,7.549272838368157,6.630610576439866,7.549272838368157,6.630610576439866
2983,35,135,163.3711086871267,107.20200442362557,4.6677459624893345,3.062914412103588,2.0514408236137327,-0.821682325164247
2984,51,219,260.0247114573004,173.01279193495702,5.098523754064713,3.3924076849991573,2.907642542057743,0.31809175119823196
2985,27,261,226.91402612078605,216.39106278572834,8.404223189658742,8.014483806878827,2.436701477354319,1.843093109635674
2986,4,21,18.533207549003507,20.301088136848392,4.633301887250877,5.075272034212098,2.124667086515314,1.6127146026972867
2987,9,60,212.36581368041757,240.54127604213062,23.596201520046396,26.726808449125624,23.596201520046396,26.726808449125624
2988,66,1260,1451.5546854542592,1318.9096574308755,21.99325280991302,19.983479658043567,8.1997294531357,7.1611208872941665
2989,42,307,245.9652580872532,216.54473656378488,5.856315668744124,5.155827061042497,1.1720194481748263,-0.8514216901695891
2990,70,2430,1933.8234411375813,1939.7163840613011,27.626049159108305,27.71023405801859,0.5304751011538488,1.9899922439859605
2991,29,271,259.4316570867573,261.3189820180633,8.945919209888183,9.010999379933217,2.1241130183006227,2.178209001761695
2992,2,13,11.76618319177657,18.024705855255448,5.883091595888285,9.012352927627724,5.883091595888285,9.012352927627724
2993,1,3,2.6429320139353925,0.8334372653814857,2.6429320139353925,0.8334372653814857,2.6429320139353925,0.8334372653814857
2994,1,6,0.35706798606460755,2.6124360397079425,0.35706798606460755,2.6124360397079425,-0.35706798606460755,-2.6124360397079425
2995,1,3,2.6429320139353925,2.322568211412408,2.6429320139353925,2.322568211412408,2.6429320139353925,2.322568211412408
2996,1,1,14.858392028877834,5.499678129062854,14.858392028877834,5.499678129062854,14.858392028877834,5.499678129062854
2997,1,2,16.598577844014752,13.060826593178932,16.598577844014752,13.060826593178932,16.598577844014752,13.060826593178932
2998,6,14,19.857592083612353,8.724779489919404,3.309598680602059,1.4541299149865674,3.309598680602059,1.1891494726825818
2999,6,9,24.857592083612353,5.84667108205641,4.1429320139353925,0.9744451803427351,4.1429320139353925,0.8506551069138718
3000,39,431,481.33963816823774,521.1599437661455,12.342042004313788,13.363075481183218,-2.8678842730189444,-2.2157342406972074
3001,19,142,104.80504819661145,122.46254679831617,5.516055168242708,6.445397199911377,3.8819382431423164,5.151640924893434
3002,15,252,188.11467635739845,160.3068355077069,12.540978423826564,10.687122367180459,0.8254315815568357,2.255164419050798
3003,2,24,16.940972274593523,17.793852609366713,8.470486137296762,8.896926304683356,8.470486137296762,8.896926304683356
3004,2,24,1.6390066313854135,6.7558951393182145,0.8195033156927067,3.3779475696591073,0.8195033156927067,3.3779475696591073
3006,3,6,27.557928520893736,16.868255797231157,9.185976173631245,5.622751932410385,9.185976173631245,5.622751932410385
3007,4,54,58.57230103810205,51.09058266990933,14.643075259525512,12.772645667477333,-5.6919394257258755,-8.548358355495257
3008,7,82,68.39119839985449,86.64842488753362,9.770171199979213,12.378346412504802,8.1691424537319,9.977221536869731
3010,4,7,15.57172805574157,7.192742409423117,3.8929320139353925,1.7981856023557792,3.8929320139353925,0.8142296772430195
3013,5,12,88.05870956788164,77.31658716016632,17.611741913576328,15.463317432033264,17.611741913576328,15.463317432033264
3014,18,122,127.20889741879434,117.5579765463026,7.067160967710796,6.530998697016811,0.6360386100343337,-0.7431157669731052
3015,2,7,29.26675225472202,14.159899450305641,14.63337612736101,7.0799497251528205,14.63337612736101,7.0799497251528205
3017,19,118,213.88823246038928,153.40945565676608,11.257275392652067,8.074181876671899,7.371487909460282,3.9346943060117683
3018,28,259,217.21174374804755,218.67752615817483,7.757562276715984,7.809911648506244,2.0661240088758204,-0.5279072208511287
3020,3,5,27.60626591730383,30.40137637193036,9.202088639101277,10.133792123976788,9.202088639101277,10.133792123976788
3021,44,329,205.81000236164795,187.9561427711235,4.677500053673817,4.271730517525534,1.7226067367015538,-0.9313845416694804
3024,11,33,29.786388125418533,16.25122675137885,2.707853465947139,1.4773842501253502,2.6429320139353925,0.21776152046055344
3025,29,101,136.3235474626067,48.238504180413784,4.700811981469197,1.6633966958763373,4.559625257082417,-0.6384058130398882
3026,17,165,313.24270788025865,294.694832811504,18.426041640015214,17.33499016538259,13.306462232829343,10.460077543994691
3028,6,14,26.609437720015585,9.195990478765912,4.434906286669264,1.5326650797943187,4.434906286669264,1.5326650797943187
3029,91,506,293.75804827626456,268.24064963781495,3.228110420618292,2.9476994465693953,1.8343115593247594,-0.9133934094844103
3030,21,107,73.67578936802555,46.19834483009289,3.508370922286931,2.199921182385376,3.049983839968807,0.9011151787711638
3031,50,1144,1569.8720846033152,1367.6610940423707,31.397441692066305,27.353221880847414,10.50322411206016,4.788647321356868
3034,19,771,600.7718194711719,664.3164125891143,31.619569445851152,34.96402171521654,-1.3385113472809225,8.310607509107367
3035,51,344,419.44958501770003,306.56570482963843,8.224501667013726,6.011092251561538,6.808972640590443,3.401435599365927
3036,66,1390,846.0736510442262,808.8035108808663,12.819297743094335,12.254598649710095,-0.5453045193212297,-4.462702452285058
3037,1,24,17.182570992477224,19.31756590456429,17.182570992477224,19.31756590456429,-17.182570992477224,-19.31756590456429
3038,26,945,899.916184636114,968.0727555473497,34.61216094754285,37.23356752105191,1.0463337495592393,6.2807068280372
3039,3,6,10.928796041806176,4.321432227255359,3.642932013935392,1.4404774090851198,3.642932013935392,0.2239873998310132
3040,77,2613,1912.4617780859328,1838.924620694337,24.837165949167957,23.882137931095283,-7.150089695941741,-12.059927326826852
3041,30,473,701.2630263192234,700.1336082411971,23.37543421064078,23.337786941373235,8.251441891010566,7.9596954855740405
3043,5,13,23.759077561882705,15.591749202146993,4.751815512376541,3.1183498404293983,4.751815512376541,2.0300608999041145
3044,6,11,52.79654693505211,50.92571855820411,8.799424489175353,8.487619759700685,8.799424489175353,8.487619759700685
3045,12,34,52.383048191053525,16.381936829093064,4.365254015921127,1.365161402424422,4.365254015921127,-0.5655872073498087
3046,23,65,90.47275370997902,26.318229626950966,3.933597987390392,1.1442708533456942,3.933597987390392,-0.47749212919840867
3047,1,1,17.598577844014752,15.199853524029997,17.598577844014752,15.199853524029997,17.598577844014752,15.199853524029997
3049,49,273,252.4645174554566,220.75968161771237,5.152337090927685,4.505299624851273,1.4131078500892897,0.16828303997878694
3050,3,48,9.209857801119757,6.104654579271461,3.0699526003732522,2.034884859757154,3.0699526003732522,2.034884859757154
3051,60,2152,1625.078751203567,1711.083118059996,27.084645853392782,28.5180519676666,-2.251558818368321,-0.9769155216272043
3052,53,1529,1260.751250647642,1301.6150298991718,23.787759446181926,24.55877414904098,1.3868623454571825,3.665630144277006
3053,67,2778,1825.8645785368915,1800.4294922939123,27.251710127416292,26.872081974536005,-2.6637358289401747,-0.5466676958129059
3054,1,1,17.598577844014752,14.215104492132692,17.598577844014752,14.215104492132692,17.598577844014752,14.215104492132692
3055,58,1870,1454.5007962726684,1518.9171352580665,25.077599935735662,26.188226469966665,-2.2099461629633326,-1.5312154503777862
3056,46,1449,1426.3547915740432,1330.0623312019054,31.007712860305286,28.914398504389247,3.7825597563368705,0.4326908759581016
3057,57,1100,1664.4755359318074,1578.5430980349026,29.201325191786093,27.693738562015835,25.545709546879998,21.120326360425583
3059,53,827,1114.1495165967328,914.4527306572952,21.021688992391187,17.25382510674142,17.77766325073018,12.374466315238307
3060,38,1244,816.9818460290236,851.0277892235257,21.499522263921673,22.395468137461204,-2.983925652522832,0.526374222971323
3061,50,476,480.5309240436025,447.00600159453904,9.61061848087205,8.94012003189078,4.147532646593832,3.176304347950603
3062,58,1025,1222.8081701390483,1097.5957384211029,21.082899485156005,18.924064455536257,6.639772317208746,2.9559798349545625
3063,44,444,561.1394827732571,521.1432313401797,12.75317006302857,11.844164348640447,5.355870116727351,3.0399440608750794
3064,1,6,12.11073580154185,13.148048958582315,12.11073580154185,13.148048958582315,12.11073580154185,13.148048958582315
3065,41,383,392.1401614056794,335.7178111130743,9.564394180626326,8.188239295440836,0.5713397349056731,-1.0393855446676814
3066,1,6,5.83854920761641,5.663568694834378,5.83854920761641,5.663568694834378,5.83854920761641,5.663568694834378
3068,15,21,74.40116252523595,58.779395714424005,4.960077501682396,3.9186263809616,4.960077501682396,3.9186263809616
3069,3,64,23.420483417152205,22.602402547468586,7.806827805717401,7.534134182489528,-3.1226608139216006,-6.251812156596993
3070,48,1294,1081.0091896051963,1057.762360736459,22.52102478344159,22.036715848676227,-2.441984638801075,-3.2721326735223646
3071,50,901,1068.3176592688676,1088.163796406369,21.366353185377353,21.76327592812738,4.0695195547863365,3.813067676646664
3072,60,1498,1403.2742919097932,1372.1488933610071,23.387904865163218,22.869148222683453,0.7546025827010566,-0.09736298825949923
3073,1,1,17.598577844014752,14.215104492132692,17.598577844014752,14.215104492132692,17.598577844014752,14.215104492132692
3074,52,1289,1113.4206930659502,1132.9946161109826,21.411936405114428,21.78835800213428,0.5426403243501929,0.042707502564208286
3076,8,82,51.54947426025429,52.30904245245742,6.443684282531787,6.538630306557177,1.641823604181816,0.7978155005644298
3077,6,71,37.093958293234614,36.509402884713005,6.182326382205769,6.0849004807855005,2.2711507759654013,1.6038153334213021
3078,6,65,33.51990475383546,40.16843204479791,5.58665079230591,6.694738674132985,3.4824307670402406,3.373579103433555
3079,26,83,93.26470027140937,101.91025450372898,3.587103856592668,3.9196251732203455,3.2933130536348334,3.821123604463867
3080,10,600,755.6349172891328,716.8052517245427,75.56349172891328,71.68052517245427,-15.341891519213226,-10.655101818766573
3081,19,210,177.5088152118875,192.85451563941336,9.34256922167829,10.150237665232282,2.3186209896526027,3.0809330991110118
3082,62,1190,799.1086151795519,807.7127135153067,12.888848631928257,13.027624411537206,-1.443174776657202,0.9593520351680483
3083,64,1423,917.8241045753707,908.3479836843819,14.341001633990167,14.192937245068467,-4.307417292560247,-5.9266146230015
3084,75,1499,1091.7655456858963,1150.1125094814938,14.556873942478617,15.33483345975325,1.2501667974368442,1.5737333602969121
3085,54,624,547.2006670033372,492.55694345078814,10.133345685246987,9.1214248787183,-2.290924208674271,-4.092957587584056
3086,2,24,18.470427787434115,14.53396814578895,9.235213893717058,7.266984072894475,9.235213893717058,7.266984072894475
3087,51,663,642.7360757087297,651.0396281784857,12.602668151151562,12.765482905460503,7.174034158951172,7.1232108656763335
3088,34,419,427.27185150626406,387.26480224817385,12.566819161948942,11.390141242593348,-2.122536759429829,-4.2913107836040885
3089,66,1217,1186.750165790384,1154.002009455985,17.981063118036122,17.484878931151286,-2.8732138500110715,-3.149933158226049
3090,39,1005,651.6562437642959,611.2475323148755,16.709134455494766,15.67301364909937,-0.2628591591648272,-1.3381427516526194
3091,75,4327,4094.143000497072,4135.3008958036235,54.58857333996096,55.13734527738165,13.868244284866863,14.08231959851037
3092,53,736,745.2119669494458,783.5725654600654,14.060603149989543,14.784388027548404,5.268301242265094,5.474470078711762
3094,73,2679,2561.99840359406,2357.452638454233,35.09586854238439,32.293871759647025,14.098773044627242,9.92910560475692
3096,3,36,2.2407239121227995,6.086428975174247,0.7469079707075998,2.0288096583914155,-0.32720866921475417,-0.6235466434797973
3097,42,680,460.4707841214387,469.2601732580011,10.963590098129494,11.172861268047646,3.904374127276938,4.05159292289318
3098,6,31,43.767770536417736,42.46104508850258,7.294628422736289,7.076840848083763,1.1756057607147536,0.7225184142718583
3100,8,11,34.14345611148314,13.23206222994359,4.2679320139353925,1.6540077787429488,4.2679320139353925,1.5252254182284855
3101,8,10,35.14345611148314,24.771819326796393,4.3929320139353925,3.096477415849549,4.3929320139353925,3.096477415849549
3102,8,45,47.79210442577582,36.00373128668238,5.974013053221977,4.500466410835298,0.3232831141670254,-2.390041666272184
3103,5,6,22.214660069676963,15.498148565877171,4.442932013935392,3.0996297131754345,4.442932013935392,3.0996297131754345
3104,23,501,375.6135784034449,368.25490178077894,16.331025147975865,16.011082686120822,11.853880762270135,10.013267722581976
3105,45,668,522.4974814008511,577.8689732436582,11.611055142241137,12.84153273874796,1.4909416496938566,2.652956986324178
3106,48,495,503.72958044604337,549.5919906536126,10.49436625929257,11.44983313861693,7.6424362662831555,7.899346054382787
3107,44,960,604.3365963552048,670.5595670627883,13.734922644436473,15.239990160517918,0.445671637454034,2.155771271631686
3108,21,137,102.7344726961134,108.47734512435089,4.892117747433971,5.165587863064328,0.8647183205723875,-2.387154317491872
3109,27,174,130.3028267204352,115.20278850981748,4.826030619275378,4.266769944808055,1.2182150557936384,-2.3169746201287262
3110,50,423,377.9048176894721,334.5774609604638,7.558096353789442,6.691549219209276,2.3214312980762686,0.30705252793142246
3111,14,66,79.0580772941916,72.02802604880071,5.6470055210136865,5.144859003485765,3.808988746617731,2.185330698729936
3112,21,119,96.52867054557491,78.91280501303993,4.596603359313091,3.757752619668568,1.103789756761184,-2.640807356094998
3113,11,28,34.78638812541853,19.93628005147798,3.1623989204925937,1.8123890955889073,3.097477468480847,0.9799709274107298
3114,56,228,169.88689772133066,192.98448279730488,3.033694602166619,3.4461514785233014,1.6630824467616083,1.1618469337471102
3115,28,141,105.96769176467794,94.69731597652756,3.784560420167069,3.3820469991616986,0.7772464445476365,-2.251169928375397
3116,66,1307,848.6577028478522,925.6056249317559,12.858450043149276,14.02432765048115,2.1850255651047776,4.051422780011549
3117,76,5783,3768.458210290356,3772.911253748183,49.58497645118889,49.64356912826556,-0.556467948313272,-1.2676760592709682
3119,52,1147,945.6912991002155,1017.1895622846453,18.186371136542604,19.56133773624318,4.92360149966847,7.097281056446064
3120,14,128,112.11050130911144,116.48251153539715,8.007892950650817,8.32017939538551,1.0717775454732272,0.8340368906293627
3121,62,1482,1406.4789754684134,1460.4240488813866,22.685144765619572,23.555226594861075,4.661145626123339,6.641669760504618
3122,76,2239,2119.8944793553383,2253.87091942194,27.89334841257024,29.65619630818342,3.0810175245668208,4.145985452076018
3123,39,267,267.9730674998179,222.08670047236572,6.871104294867125,5.694530781342711,0.6526288541517139,-1.8763137728062687
3126,8,47,36.763235247740994,33.09747764148685,4.595404405967624,4.137184705185856,2.2722400890614645,0.26153697454268965
3127,71,2593,1952.3417612816488,2008.399793507339,27.497771285657027,28.287321035314633,-6.897887336749797,-7.4595107562653515
3128,63,2246,2021.1515773234128,2022.6525484327215,32.0817710686256,32.105596006868595,-5.7455096468164175,-5.798620129624515
3129,2,32,26.02285729177406,20.948142917482926,13.01142864588703,10.474071458741463,-2.9105768649976733,-4.665586997284436
3130,60,2568,2413.0462809788114,2370.6508391920756,40.21743801631352,39.51084731986793,-8.851409719843515,-11.194873071027143
3131,20,192,143.03099149547654,126.8629068089175,7.151549574773827,6.343145340445875,2.784945722784987,0.7737047330942769
3133,76,2424,2188.0456072348943,2009.9335222042102,28.790073779406505,26.446493713213293,9.829314543184193,4.911515926602942
3134,72,2592,1601.5876935042763,1661.3695535919046,22.244273520892726,23.0745771332209,-6.572880282276951,-4.894192112022038
3135,71,1570,938.1877321495394,1035.174968908334,13.213911720416048,14.579929139554,-2.1645277555152758,0.04293849670838162
3136,70,1590,826.825388727197,867.523365401275,11.811791267531387,12.393190934303929,-2.0778083132071115,0.2453028736188198
3137,73,1464,917.0830518490106,976.745637849755,12.562781532178228,13.38007723081856,-1.1834331212568683,1.0309088101265471
3138,8,80,42.27903239972466,40.406819924807884,5.284879049965583,5.0508524906009855,0.3359838139495628,0.7554886135342043
3139,25,530,448.3955687492402,415.2228086627985,17.93582274996961,16.60891234651194,3.351051051726847,0.8098438221583298
3140,7,55,52.25528395359657,46.102171207815445,7.4650405647995095,6.58602445825935,7.3601858116135475,5.1984430086601305
3141,11,42,75.00044196381606,68.50308266717174,6.818221996710551,6.227552969742885,5.182697259402615,4.938211344226774
3142,5,23,36.12611820482327,32.88935086014433,7.225223640964654,6.577870172028867,4.308657196360859,2.619582292744677
3143,48,744,452.8693085437751,428.1344397560414,9.434777261328648,8.919467494917528,-0.1608399446691424,-0.5190689693110425
3144,11,39,50.60806888270624,49.516075349550086,4.600733534791477,4.501461395413644,4.507220894772153,3.7398226603328566
3145,7,50,38.622546806876606,28.170232779865184,5.517506686696658,4.024318968552169,2.4369715893816375,0.8866949762926549
3146,40,817,691.3031613528684,663.1739106303581,17.282579033821712,16.579347765758953,-2.196325072405794,-2.0801548404123884
3147,3,27,17.351442871731706,15.180806555653929,5.783814290577236,5.060268851884643,5.783814290577236,4.558705777016942
3148,12,92,168.26277217520914,141.12680913708763,14.021897681267427,11.760567428090637,7.995616792122495,4.175361861068037
3149,3,18,17.865861300173403,15.44772974885607,5.955287100057801,5.1492432496186895,5.955287100057801,5.1492432496186895
3150,5,49,42.8929426970439,45.77711002503816,8.57858853940878,9.155422005007633,-1.565540061644191,4.487832916182258
3151,43,310,267.51826890524484,226.86325145816372,6.221355090819648,5.275889568794505,3.9196996209876014,1.6324254703054817
3152,32,168,153.34131147942588,122.24899083053684,4.791915983732059,3.8202809634542763,2.0607172314666795,0.18189866681976552
3153,15,98,66.68801726607691,67.09568351209366,4.445867817738461,4.47304556747291,1.0915266819602407,0.7397725620738341
3154,6,21,39.18517954905694,20.40503415332742,6.530863258176157,3.40083902555457,6.1528272000884145,1.7443144763779983
3155,46,865,683.1984941960555,706.3374945140197,14.85214117817512,15.355162924217819,-1.4011824487118054,1.0980628525847898
3157,3,18,49.33326225173329,43.90810930328746,16.444420750577763,14.636036434429153,16.444420750577763,14.636036434429153
3158,75,1759,1216.7445663102878,1251.4103582397656,16.223260884137172,16.685471443196874,1.0463698209375274,1.4021400146925123
3159,45,398,271.992334969516,296.5838513227503,6.044274110433689,6.590752251616673,0.6142583207074481,0.3448707871580123
3160,1,12,3.054582430342471,6.433917868369813,3.054582430342471,6.433917868369813,-3.054582430342471,-6.433917868369813
3161,59,840,767.2207196863255,745.1103080167675,13.003741011632636,12.628988271470636,0.14599665827682354,-1.354690817336836
3162,44,294,186.29363899186944,174.80874138623483,4.233946340724305,3.9729259405962463,1.561025944232355,-0.5257972814947215
3163,14,82,89.18709942195314,73.44976270289811,6.370507101568081,5.24641162163558,1.791917812967021,0.4144912027507897
3164,19,102,131.19751326690408,82.90094752376028,6.905132277205478,4.363207764408436,5.182232117801497,1.536862550957446
3165,30,159,198.89897495660833,180.26750149568596,6.6299658318869445,6.008916716522865,5.902685610555637,4.724302371560707
3166,34,281,265.28528400655006,230.74165018530837,7.802508353133825,6.786519123097305,1.6556447506710839,-1.582075091823232
3167,13,40,79.47161493516916,80.29874400090944,6.113201148859166,6.176826461608418,5.05486349404188,4.957023953355849
3168,13,86,107.49231936069785,87.51609023636536,8.268639950822912,6.732006941258874,4.089049861334176,0.723891348117108
3169,22,171,156.40193605016285,135.6040954842991,7.109178911371038,6.163822522013596,2.2512939826553993,-0.4440750711417349
3170,74,3823,3201.5548559518447,2996.013607916134,43.26425481016006,40.486670377245055,9.737226272021866,10.663119296520057
3171,8,106,84.8682765613916,87.50152438993848,10.60853457017395,10.93769054874231,3.9692701646385977,0.2873494000013419
3172,11,17,72.36896147260478,42.553006178483635,6.578996497509525,3.868455107134876,6.578996497509525,3.868455107134876
3173,8,21,24.14345611148314,18.839802944676663,3.0179320139353925,2.354975368084583,3.0179320139353925,2.354975368084583
3174,46,576,402.6269263301688,409.63607327782125,8.752759268047148,8.905132027778723,0.24513074318545786,0.5585829076697305
3175,47,761,521.5703282073105,535.7848639772988,11.097241025687456,11.399677956963803,3.4952548862211303,4.987278461873993
3176,54,958,824.8370239683968,913.8851635388253,15.274759703118459,16.923799324793062,2.4649902523578286,5.189944138792355
3177,45,605,471.8207221221099,482.09480482027016,10.484904936046886,10.713217884894892,2.0420845791821782,2.7201618423459117
3178,43,578,497.2635078130514,572.1660403489691,11.564267623559335,13.306186984859746,3.2844016636313547,7.430309031706724
3179,43,410,431.37851927659335,429.33280436387196,10.032058587827752,9.984483822415626,5.642369418422751,4.780949437464212
3180,17,80,117.04628035897342,92.15027352161363,6.88507531523373,5.420604324800801,5.357542772516549,2.5509946950020295
3181,1,12,5.093890430305329,0.5481576454340242,5.093890430305329,0.5481576454340242,5.093890430305329,-0.5481576454340242
3182,14,45,59.70959208445123,35.7339420844977,4.264970863175088,2.5524244346069787,4.264970863175088,1.9548757688998557
3183,12,77,90.69437223968866,78.9509510520241,7.557864353307388,6.579245921002008,4.897047897431322,2.657440366604343
3184,20,459,501.5634193379424,514.5753977284004,25.07817096689712,25.728769886420018,3.7956437993205383,6.339836096865166
3185,28,134,176.77117970574545,169.95549547523046,6.313256418062338,6.069839124115374,5.791708601151244,4.982825433182548
3186,29,184,183.32939971993517,163.25039098398815,6.321703438618454,5.629323827034074,1.7396157307117055,-0.18944291022081644
3188,11,47,82.49843814952233,41.48395026389778,7.499858013592939,3.771268205808889,7.499858013592939,3.41574215071182
3189,60,1935,1503.9300864815134,1315.3238302766624,25.065501441358556,21.922063837944375,4.345250206625475,-0.7914411957541233
3190,8,163,96.70967585302273,85.2500948277587,12.088709481627841,10.656261853469838,-3.763977452775289,-1.2847136326908806
3191,8,167,168.16248918354268,158.2519062520503,21.020311147942834,19.781488281506288,-3.216551365331007,-1.8489938546014542
3192,12,243,164.7898410495614,140.7732501792163,13.732486754130116,11.731104181601358,-4.709321077744001,-1.9787056480807241
3193,76,2513,1461.7298128295743,1386.7945228255833,19.23328701091545,18.247296352968203,-4.781492979776016,-6.681530526747087
3194,70,1826,1977.449042885223,1916.9704357251385,28.24927204121747,27.38529193893055,15.24844422129529,13.757541700560916
3195,70,949,655.3831221643761,652.4141100864446,9.362616030919659,9.320201572663494,-1.0274643071618017,-1.9131860443063744
3196,67,2277,2671.7242296985455,2704.6637190302363,39.8764810402768,40.36811520940651,0.01932803468508015,-0.24768940893421876
3197,18,110,165.83497081424065,137.48137483345744,9.213053934124481,7.637854157414302,9.211345883798819,7.390202147008564
3198,25,502,599.4041398184658,540.2175760680755,23.97616559273863,21.60870304272302,-4.26380632621935,-7.375010813543463
3199,3,27,12.85280365376217,19.12467458538724,4.28426788458739,6.374891528462413,0.16715223328709516,-2.134296037052897
3200,61,947,694.8042916121842,676.2794999331679,11.390234288724331,11.08654917923226,-1.872217773108366,-2.2141484737279744
3201,49,598,401.6548860236961,409.0096277576307,8.197038490279512,8.34713526035981,-0.5072353646027282,0.1043160361408566
3202,30,216,177.99464626783657,155.97223681478727,5.9331548755945525,5.1990745604929085,2.1874829252407597,-0.5402699348305708
3203,8,92,67.93071268756042,47.3646578785076,8.491339085945052,5.92058223481345,-0.7067449750767185,-3.5671233706766428
3204,71,2060,1964.411981212159,1754.37286693598,27.667774383269844,24.70947699909831,11.913589243530346,8.759497695133453
3206,66,4290,4388.1372601397425,4020.1261023571446,66.48692818393549,60.91100155086583,-5.746647231787317,-18.196936173389727
3207,72,4562,6501.187499422276,8385.359867443352,90.2942708253094,116.46333149226878,60.5109061765703,82.15566020772577
3208,63,2300,2633.276699797898,2404.716112322565,41.79804285393489,38.1700970209931,10.098535284673323,4.9223527444589505
3210,45,974,901.7473643789607,759.999154801674,20.038830319532458,16.888870106703866,3.691395303613858,-0.2321439259920065
3211,58,1826,1555.6136691142024,1536.0297917757193,26.820925329555212,26.483272271995162,0.8151688741179174,-0.012492034741373986
3212,15,295,325.16931524903134,300.8701899402429,21.677954349935423,20.05801266268286,-4.125532960736937,-5.945595295267561
3213,40,691,487.33371504797833,511.0188946348272,12.183342876199458,12.77547236587068,4.528157755364032,5.7618048939925215
3214,37,548,457.9029124595128,456.56722695167946,12.375754390797642,12.339654782477822,3.0957866726464385,3.284313365606344
3215,7,41,41.69096381419581,38.2223744900898,5.955851973456545,5.460339212869971,1.09085040115016,0.04097326716423387
3216,24,476,267.34108999727255,284.7871849516075,11.13921208321969,11.86613270631698,-0.33966821404938274,1.2367141829023791
3217,3,21,14.091823437792229,10.490981250318764,4.697274479264077,3.4969937501062547,0.4700459372190465,-0.787415143560016
3218,69,2711,3428.4004545042076,3076.669093081981,49.68696310875663,44.58940714611567,-4.495605676104829,-11.742877162755995
3219,39,694,637.8692968898054,551.3938729533276,16.355622997174496,14.138304434700707,9.645399083894302,4.658048580177918
3220,24,241,285.2338636753258,262.36153011706546,11.884744319805241,10.931730421544394,3.549381719313713,2.4523091310358676
3221,50,1016,896.0583622480785,813.1493612256298,17.92116724496157,16.262987224512596,9.62140756695921,6.934295925618
3222,53,1499,1236.3270653648474,1098.4051344548889,23.326925761600894,20.72462517839413,2.9922365737937957,0.7870489986612204
3223,7,21,48.97046259471661,37.05116142591303,6.995780370673801,5.293023060844718,6.132346021240382,3.8704841775172314
3224,22,389,277.7416715649857,291.6952399911128,12.624621434772079,13.258874545050583,-3.2074915717434744,-5.669319320648919
3225,38,610,687.8146059700953,590.8183092067625,18.100384367634085,15.547850242283223,-2.090018944981662,-5.31055911393754
3226,71,2438,2736.57480480676,8534.001728942503,38.54330710995436,120.1972074498944,16.987262798794177,118.07854900289095
3227,13,122,211.59659933349096,195.83490037812135,16.27666148719161,15.064223106009335,8.435719862024495,6.408204462814096
3228,16,698,630.8152442559282,620.0389070143156,39.42595276599551,38.75243168839472,-19.050763973753394,-22.920532862954
3229,19,87,70.42520818681545,54.93421190074646,3.7065899045692343,2.891274310565603,1.2638699558913806,-0.5453797363148258
3231,16,110,106.31480196621715,97.12058565048244,6.644675122888572,6.0700366031551525,-0.25136680382969123,-1.6924078184073084
3233,4,19,16.285864027870787,15.321396962181394,4.071466006967697,3.8303492405453485,0.8929320139353925,-0.9429458244860887
3234,1,12,0.6556724712571391,2.307908687340621,0.6556724712571391,2.307908687340621,0.6556724712571391,-2.307908687340621
3235,51,438,549.01147706779,476.04945242372486,10.764930922897843,9.334302988700488,5.137959477422028,2.207326521368251
3236,15,99,115.12009456026342,109.10611357430494,7.674672970684228,7.273740904953663,0.2946704086679854,-0.9110602412882135
3238,24,296,262.2470948340268,250.6433211419316,10.926962284751118,10.443471714247151,-5.241649540451791,-7.054448226828839
3239,15,115,115.21840895658764,146.72934012491442,7.681227263772509,9.781956008327628,4.003878108486189,7.443675028022369
3240,15,58,88.01540011785652,81.32477929085013,5.867693341190434,5.421651952723342,5.354868517610641,4.849297927134922
3241,3,30,20.98704955896614,18.507374328974933,6.995683186322047,6.169124776324978,0.4939841463988355,4.548450497531624
3242,16,80,90.58455585382512,97.12280287969925,5.66153474086407,6.070175179981203,4.644575808840351,5.295169163623335
3243,11,54,181.52061973690206,285.5806507344814,16.50187452153655,25.96187733949831,15.68101901144301,25.96187733949831
3246,11,19,45.78638812541853,28.388241233733417,4.162398920492594,2.580749203066674,3.9156592866626654,1.4308485294107949
3247,18,284,311.7227053294798,360.38566576154244,17.31792807385999,20.021425875641246,12.795893158560647,16.179388684121005
3250,20,160,228.9230469502917,227.93726368511955,11.446152347514586,11.396863184255977,7.658254359498729,8.051904137655075
3251,22,222,136.54485861171705,135.26211849866695,6.206584482350775,6.1482781135757705,2.5435494712462545,2.5803790277719214
3252,19,304,348.4302919335506,289.54452495942724,18.338436417555297,15.23918552418038,3.7019817391309062,-0.6173122439778254
3253,26,46,130.85348278011122,79.66746741817083,5.032826260773509,3.0641333622373397,4.947567291418484,2.522034409612196
3254,74,1572,1260.971230921218,1248.8247559284137,17.040151769205647,16.876010215248833,4.4069168158619405,5.679133137535881
3257,7,9,65.02933548919853,84.24327250362367,9.289905069885505,12.034753214803382,9.289905069885505,12.034753214803382
3258,23,438,591.4434479179146,676.5171894567467,25.714932518170198,29.413790845945506,25.26275084652017,29.192634497026194
3259,25,260,365.7868561008018,515.1775168662568,14.631474244032072,20.607100674650273,13.842518146325485,20.607100674650273
3260,8,29,52.48973366312592,62.337807186408654,6.56121670789074,7.792225898301082,6.56121670789074,7.792225898301082
3261,18,124,163.36190954547953,154.2220521169044,9.075661641415529,8.567891784272467,3.9436817670523237,3.2583711550505825
3262,8,42,150.89357340284434,156.37717666951323,18.861696675355542,19.547147083689154,18.861696675355542,19.547147083689154
3263,9,120,231.32203669281904,298.70210854902086,25.702448521424337,33.189123172113426,25.466775153411515,32.814950623796555
3266,33,221,366.39816621018144,328.51648397494546,11.102974733641862,9.955044968937742,9.819133833719624,8.189287735292652
3267,19,39,126.4082522880356,128.4672525423568,6.65306590989661,6.7614343443345675,6.65306590989661,6.7614343443345675
3270,30,228,250.38442213305277,219.4189719432915,8.346147404435092,7.31396573144305,2.6767999869051122,0.7118168550264455
3271,48,1271,2238.30137351272,1547.0278586934733,46.631278614848334,32.22974705611403,29.200270901114035,9.29181376745676
3272,51,1277,2265.779164603722,1715.871366769211,44.42704244321024,33.64453660331786,29.560358526828043,17.55896920290558
3273,30,143,208.0130439333802,188.05635229301876,6.933768131112673,6.268545076433958,5.756557111014177,4.512616463343219
3275,34,326,297.0082501272086,298.3024059372179,8.735536768447313,8.773600174624056,-0.43674985642479924,-1.2860342892140517
3276,19,131,135.4220254646228,97.43255127032907,7.127475024453832,5.128029014227846,-0.7844852130377494,-4.187135503016767
3277,31,319,282.7518262793803,274.3618389606186,9.121026654173557,8.850381901955439,3.273148007496751,2.0135842842326803
3278,46,431,501.27313530528954,664.4076474908287,10.897242071854121,14.44364451067019,-0.32300905655825185,3.2542872163051113
3280,63,223,258.46297954069064,123.442178621043,4.102586976836359,1.959399660651476,3.9187808487473736,0.15852376121463888
3281,1,10,6.922045031643183,1.755786654530052,6.922045031643183,1.755786654530052,6.922045031643183,-1.755786654530052
3282,4,13,54.45964307572927,28.668934015861687,13.614910768932317,7.167233503965422,13.614910768932317,6.478029975721196
3283,11,27,44.00644308576874,33.63688828440214,4.000585735069885,3.057898934945649,4.000585735069885,2.3053548914164184
3284,20,72,89.51999779599815,82.81581627279922,4.475999889799907,4.140790813639962,3.6073230041397553,2.014216354020501
3287,2,2,20.721073552885734,10.031986079630443,10.360536776442867,5.015993039815221,10.360536776442867,5.015993039815221
3288,1,1,16.07814153895034,7.369898261044067,16.07814153895034,7.369898261044067,16.07814153895034,7.369898261044067
3290,62,1547,828.4142213709275,880.4616744319794,13.361519699531089,14.200994748902893,-2.2384505291526193,1.3882268619829754
3291,2,2,9.285864027870785,4.513415939300296,4.6429320139353925,2.256707969650148,4.6429320139353925,2.256707969650148
3292,1,2,3.6429320139353925,2.8076386187650204,3.6429320139353925,2.8076386187650204,3.6429320139353925,2.8076386187650204
3294,1,1,4.6429320139353925,1.2412087320029777,4.6429320139353925,1.2412087320029777,4.6429320139353925,1.2412087320029777
3295,2,3,8.285864027870785,4.382091615365777,4.1429320139353925,2.1910458076828885,4.1429320139353925,2.1910458076828885
3296,8,19,30.857592083612353,17.97770118446345,3.857199010451544,2.247212648057931,3.2679320139353925,1.2727651485394593
3297,13,49,69.33496673030108,51.5605911980333,5.333458979253929,3.9661993229256387,4.171264162383336,2.2850204825430547
3299,17,332,359.89157143233365,331.16539935779326,21.170092437196097,19.480317609281958,2.1751479079536646,-0.37552543844185515
3300,8,17,32.85759208361235,16.401010221143196,4.107199010451544,2.0501262776428995,3.5179320139353925,1.0255464141486599
3301,1,51,45.35706798606461,47.946994895887215,45.35706798606461,47.946994895887215,-45.35706798606461,-47.946994895887215
3302,5,21,68.13689750820701,54.32113720510961,13.627379501641403,10.86422744102192,13.627379501641403,10.86422744102192
3303,24,801,998.536002173165,1078.1881994336547,41.60566675721521,44.924508309735614,6.005325946149942,9.127512039761443
3304,49,1963,1832.5913412418154,1507.1151523339038,37.399823290649294,30.757452088447018,0.1621755543536198,-17.047929555592717
3305,41,599,494.3871077513312,481.9585933672197,12.05822214027637,11.75508764310292,5.162432688427809,4.248705749844463
3306,4,8,14.57172805574157,6.8033087883089,3.6429320139353925,1.700827197077225,3.6429320139353925,1.6640264636755315
3307,14,47,61.38220800097417,33.80019703998762,4.384443428641012,2.4142997885705446,2.8344329509776367,-0.217133884030784
3308,4,19,5.016800766281716,3.554919445449828,1.254200191570429,0.888729861362457,1.0756661985381253,0.3664316240355201
3309,2,5,6.285864027870785,1.1713433536988678,3.1429320139353925,0.5856716768494339,3.1429320139353925,0.5298885486671603
3312,6,12,21.857592083612353,11.551174240877526,3.642932013935392,1.9251957068129208,3.642932013935392,1.7014660335907
3313,4,11,11.57172805574157,2.230182393317172,2.8929320139353925,0.557545598329293,2.8929320139353925,0.4058894745554733
3314,3,8,21.240680029046217,10.495680223272155,7.080226676348739,3.4985600744240517,7.080226676348739,3.4985600744240517
3315,46,957,571.1083864269513,605.9187570461095,12.415399704933723,13.172146892306728,-1.4741900008700939,-2.741655543910737
3316,2,3,8.285864027870785,2.831021808201104,4.1429320139353925,1.415510904100552,4.1429320139353925,1.415510904100552
3317,2,4,9.277234349118128,2.9144668403963863,4.638617174559064,1.4572334201981931,4.638617174559064,1.4572334201981931
3318,9,57,33.06582283981193,37.2765550384982,3.6739803155346586,4.141839448722022,3.3661233408974955,3.5657819353257176
3319,13,272,262.36867737414724,242.932182955522,20.18220595185748,18.687090996578615,0.41086731169494084,-0.37946869509417
3320,4,8,14.57172805574157,9.659091300374088,3.6429320139353925,2.414772825093522,3.6429320139353925,1.830837154110443
3321,2,4,20.56856623115216,21.93694387958299,10.28428311557608,10.968471939791495,10.28428311557608,10.968471939791495
3322,8,11,37.36641592328453,23.99020099053591,4.670801990410566,2.998775123816989,4.670801990410566,2.755350629949473
3323,60,1405,976.6874664821534,928.4988208563304,16.278124441369222,15.474980347605507,1.3007170496100495,-1.5961470867725234
3325,7,25,27.214660069676963,18.112567248425812,3.8878085813824232,2.587509606917973,2.071503442506821,0.20747880511457822
3326,8,29,26.8106249670773,23.79064618789507,3.3513281208846624,2.973830773486884,2.8029464157767516,2.319649548072527
3327,1,1,5.081269245047937,4.324508274479143,5.081269245047937,4.324508274479143,5.081269245047937,4.324508274479143
3330,1,9,3.3570679860646075,5.9179339803785815,3.3570679860646075,5.9179339803785815,-3.3570679860646075,-5.9179339803785815
3331,1,1,4.6429320139353925,1.9936570033690497,4.6429320139353925,1.9936570033690497,4.6429320139353925,1.9936570033690497
3332,1,1,4.6429320139353925,2.115270851216989,4.6429320139353925,2.115270851216989,4.6429320139353925,2.115270851216989
3333,1,2,3.6429320139353925,0.6710262447499922,3.6429320139353925,0.6710262447499922,3.6429320139353925,-0.6710262447499922
3334,52,571,354.10845218207584,460.58584318311375,6.8097779265783815,8.857420061213727,4.404618781372622,7.010369629768538
3335,45,1137,1234.9288014338076,924.5222766586048,27.442862254084613,20.54493948130233,21.854530546776683,6.5606502299680125
3336,17,97,171.02012405324967,220.18110084680671,10.060007297249982,12.951829461576866,9.606900100888508,12.419188499198913
3337,9,67,127.85714388032285,118.41206100447793,14.206349320035873,13.156895667164214,12.866912873599388,12.307070458241846
3338,22,64,89.26277514283623,84.74025782226795,4.05739887012892,3.8518299010121795,3.3821014206508804,2.8343311541611538
3339,57,721,631.3485977592917,710.3869319212538,11.076291188759503,12.462928630197435,1.5831002697214296,3.3604493931442883
3340,2,6,5.285864027870785,2.6782810010215705,2.6429320139353925,1.3391405005107853,2.6429320139353925,0.6021030693572289
3341,26,380,353.1225804058075,325.2370939250952,13.581637707915673,12.509118997119048,1.478149454128888,-0.2221529128633719
3342,37,173,179.42101985052162,134.76341750422446,4.8492167527168,3.6422545271412017,1.4833708193211885,-0.9646053768771475
3343,49,518,510.2347339758832,427.4421558181085,10.41295375460986,8.723309302410378,1.1099255507065795,-2.1948081957281853
3344,37,401,344.5101976863914,386.2662925228409,9.311086423956525,10.439629527644348,1.1195222286388102,3.121349913562785
3345,13,58,48.866062193164844,41.78426786047097,3.75892786101268,3.214174450805459,3.0534144041956037,1.5155554461525556
3346,21,422,245.15672876909883,233.6846088544776,11.674129941385658,11.127838516879885,-2.049592288338398,-3.1560552376807953
3347,24,527,371.98384791563035,393.2090593648258,15.499326996484598,16.383710806867743,-0.7253503698510732,3.0436207035103693
3348,35,2350,2104.794636606344,1717.3344845680147,60.13698961732411,49.06669955908613,3.9914667905889134,-13.94645458987105
3349,9,93,47.613153940698524,45.637626880970735,5.290350437855391,5.07084743121897,1.9358499924577346,1.184034639478372
3350,24,636,445.8708562703181,451.94291699192013,18.577952344596586,18.830954874663338,1.4349471101650977,1.5354543119756474
3351,32,244,198.9904387654349,191.89695303415294,6.218451211419841,5.9967797823172795,3.1349114889020133,2.6263276115268006
3352,18,413,521.5146540720292,496.15211918241505,28.973036337334957,27.56400662124528,2.257702932837505,0.3436263741076952
3353,6,29,14.593825076133086,12.689111807150885,2.4323041793555142,2.1148519678584807,1.5327193419453862,1.1863178415637448
3354,10,46,34.02683425842064,28.292940284677144,3.4026834258420644,2.8292940284677144,2.3724179614272543,1.294471108359188
3355,10,81,120.15625400236189,118.24756555276856,12.015625400236189,11.824756555276856,10.674941951792508,10.458125305949578
3356,48,287,264.3718802403711,230.27156359053683,5.507747505007732,4.797324241469517,2.92552125645557,0.1703429654059769
3357,30,653,519.3482994279838,528.7876980438302,17.311609980932793,17.62625660146101,-7.734463326925241,-8.70406012242205
3358,44,1580,1986.0149704702578,1876.2576432278906,45.13670387432404,42.642219164270244,27.018246127717916,20.014139589179436
3359,26,78,77.57277625083707,45.15381546928565,2.9835683173398873,1.7366852103571402,2.6429320139353925,-0.06551341766758942
3360,12,33,42.85759208361235,36.25045670936678,3.5714660069676962,3.0208713924472317,2.892932013935392,2.5149131013087076
3361,1,4,6.388825040116469,5.635614499086996,6.388825040116469,5.635614499086996,6.388825040116469,5.635614499086996
3362,11,204,173.67929888947734,178.28584071329215,15.789027171770668,16.207803701208377,1.94681943689609,2.07717696021349
3363,8,46,31.725009864730435,20.830303401144945,3.9656262330913044,2.603787925143118,3.9656262330913044,1.0281222871651559
3364,41,1783,1880.4450730811636,3241.773712293362,45.864513977589354,79.06765151935029,12.589809118804778,67.71525152391645
3365,15,3757,5001.365696660507,5339.049141138255,333.4243797773671,355.93660940921706,-85.23838512672361,-86.46063135491106
3366,42,363,558.8383454382159,517.6890629406257,13.305674891386094,12.325930070014898,12.296805231304868,11.078015651377147
3368,8,16,30.106619043982057,20.98464088034762,3.763327380497757,2.6230801100434524,3.763327380497757,2.464350507183939
3369,63,1315,2139.060628444202,1118.5917868629163,33.953343308638125,17.755425188300258,27.813131042791426,5.097808195494914
3370,32,1815,1278.7378545712036,1394.2341445754585,39.96055795535011,43.56981701798308,-13.545000548267085,-0.05403261538173432
3371,17,905,592.2045414538734,577.9003929796037,34.83556126199255,33.994140763506095,-14.748702958343955,-14.013877175080003
3372,57,1097,1137.4686939624228,808.0917454915204,19.95559112214777,14.177048166517903,10.187564986232767,2.013585311796712
3373,9,58,82.97612570902834,74.06413917724369,9.21956952322537,8.229348797471522,9.21956952322537,8.229348797471522
3374,18,157,86.82937257374586,72.08819909825277,4.82385403187477,4.004899949902931,1.1076979013148494,0.18464952635539986
3376,53,1362,1246.6487924248258,1306.8910498412577,23.5216753287703,24.65832169511807,0.13454004007207232,0.480800935675797
3377,27,353,340.36561334205373,357.8750769778289,12.606133827483472,13.254632480660328,3.3235505754743815,5.596901762335095
3378,49,934,861.7977645640491,811.4156568066522,17.587709480898962,16.55950320013576,-1.4809871398465064,-3.7106601361704943
3379,46,694,827.7337583539119,823.8111591777341,17.994212138128518,17.90893824299422,-3.7652470409505288,-3.744249869270561
3381,1,1,4.6429320139353925,2.7097174867347427,4.6429320139353925,2.7097174867347427,4.6429320139353925,2.7097174867347427
3383,60,1027,1151.9039711998978,929.7597242797249,19.198399519998297,15.49599540466208,10.954301630071976,6.68641873455469
3384,15,102,232.44501053616386,193.72362743627446,15.496334035744258,12.91490849575163,15.496334035744258,12.638985692034238
3385,25,319,326.781397239722,352.52389136613175,13.071255889588882,14.10095565464527,-0.7006640814996876,0.21321122419624458
3386,2,42,41.32402983362023,35.01889694138349,20.662014916810115,17.509448470691744,-7.341413625848245,-9.11350973401223
3387,22,164,149.6596031339588,140.01868545456506,6.802709233361764,6.36448570248023,2.1967933370195847,2.17175508595504
3389,17,401,293.70652078284087,271.1908831172958,17.276854163696523,15.952404889252694,4.28000074599962,3.105553903914317
3390,10,178,115.0317446411043,129.33914123374532,11.50317446411043,12.933914123374532,6.471590751838987,9.934586950762577
3391,19,99,131.79835715517936,90.2901786852478,6.936755639746282,4.752114667644621,4.81631895920632,1.9232740501183416
3393,1,48,153.05196841774628,163.14919033404092,153.05196841774628,163.14919033404092,153.05196841774628,163.14919033404092
3394,43,704,708.2497980222071,625.258399425718,16.470925535400166,14.540893009900419,-2.595522191198359,-2.173243782524377
3395,45,878,756.9457354702564,737.9410077569454,16.821016343783477,16.398689061265454,-5.09210029442609,-5.300646724149746
3396,32,575,666.2117309990499,648.075652811851,20.81911659372031,20.252364150370344,-6.0013521574675615,-7.4658373764418275
3397,11,93,136.3898039030362,157.68669648101675,12.399073082094201,14.335154225546978,11.373897151160083,12.825231134245861
3398,6,50,53.46398444566292,39.58312124572507,8.910664074277154,6.5971868742875115,8.483295249719317,6.5971868742875115
3399,8,96,76.1046627948225,72.08799154979371,9.513082849352813,9.010998943724214,-3.930312399427512,-6.611448914571142
3400,13,120,79.06902093198565,74.65390731516784,6.082232379383512,5.742608255012911,0.7016928763649741,0.09584899043666344
3401,4,28,14.008837937819655,12.503312957197048,3.5022094844549136,3.125828239299262,2.270637960750943,-0.0953020676766605
3402,5,27,59.8933368716659,48.546030587941104,11.978667374333181,9.70920611758822,11.978667374333181,9.70920611758822
3403,4,21,31.314602487888255,29.99227082763322,7.828650621972064,7.498067706908305,7.828650621972064,7.498067706908305
3404,5,39,23.034536117465425,21.120830188796774,4.606907223493085,4.224166037759355,-1.1359199709327579,-1.6037498647710389
3405,8,224,152.10676608511437,174.63489808319633,19.013345760639297,21.82936226039954,-0.05142696424970161,6.04163546441109
3406,7,55,28.7433256164815,19.06231002354814,4.106189373783072,2.723187146221163,3.296441412533647,-0.1582173810245559
3407,74,2523,1679.3830274961874,1578.0194646651814,22.694365236434965,21.32458736034029,4.143831754198497,-2.7174660648498348
3408,31,570,631.1916193614226,606.0230198235435,20.361019979400726,19.549129671727208,-7.987873534456562,-9.632005139448284
3410,40,417,374.37592445440396,298.63585760983403,9.359398111360099,7.465896440245851,2.908499437261937,3.3404180141210906
3411,10,56,268.89264578471403,199.70660339388917,26.889264578471405,19.970660339388917,26.889264578471405,19.704239345799955
3412,3,16,21.077524065874208,33.607158356523954,7.025841355291402,11.202386118841318,7.025841355291402,11.202386118841318
3415,10,196,154.12384919425057,160.63067413285134,15.412384919425056,16.063067413285133,10.135987153155313,13.334192292130023
3416,5,16,23.034880783502487,10.158059218336756,4.606976156700497,2.0316118436673514,4.606976156700497,1.738556427353562
3417,10,110,80.68608927020531,84.75195409032337,8.06860892702053,8.475195409032336,1.258037810670255,2.2748455297347876
3418,14,149,128.50932620110368,111.66157635151724,9.17923758579312,7.975826882251232,-1.2329527302017596,-1.6671526975268942
3419,9,164,97.05101464698527,86.26771811701151,10.783446071887251,9.585302013001279,-2.0748278161117906,0.41083782445750217
3420,8,56,42.88910597850713,44.26210447546332,5.3611382473133915,5.532763059432915,2.810968177149384,2.942102160027223
3421,10,185,121.17807930147717,119.28513198710561,12.117807930147716,11.928513198710561,-4.441206445143676,-2.6998855278220044
3422,38,298,198.96649431723947,184.98918270227352,5.23596037676946,4.868136386901935,0.5872857583365078,-1.257601158708419
3423,12,185,103.90020296319116,121.23454623759768,8.658350246932597,10.10287885313314,-0.03765738004243809,1.5064401303892483
3424,2,2,11.277234349118128,2.2882471526384034,5.638617174559064,1.1441235763192017,5.638617174559064,1.1441235763192017
3425,13,68,70.30289391623177,73.32151374721143,5.407914916633213,5.640116442093187,2.9707687206261317,3.595733267626478
3426,93,534,2216.66842731307,259.2365056783854,23.835144379710428,2.7874893083697354,23.835144379710428,-0.2185459762652945
3427,17,49,46.92984423690167,25.23720691833372,2.760579072758922,1.4845415834313953,2.760579072758922,-0.7652589282422294
3428,2,4,7.464837450291645,6.615954127283279,3.7324187251458225,3.3079770636416397,3.7324187251458225,3.3079770636416397
3429,3,6,10.928796041806176,3.8509645563110677,3.642932013935392,1.2836548521036892,3.642932013935392,0.4933105283051938
3430,55,2505,3400.1074116281256,2755.5922356631227,61.820134756875014,50.101677012056776,22.850971765301978,6.128274872103797
3431,13,651,1421.776989507226,761.0103341653694,109.36746073132508,58.53925647425918,36.43757976773972,-23.5667950731481
3432,7,21,18.500524097547746,4.02798521016585,2.6429320139353925,0.5754264585951214,2.6429320139353925,-0.490333387132062
3434,4,13,22.01334446913509,19.593333885525865,5.503336117283773,4.898333471381466,4.936282030152162,4.598280223590905
3435,7,21,52.0732287131665,50.192803829925936,7.4390326733095,7.170400547132276,6.9021198857916835,6.916355112657827
3436,8,20,51.70619729126962,53.833312187813505,6.463274661408702,6.729164023476688,6.179747617842897,6.494551052061339
3437,5,8,41.981041382366456,56.04215284320039,8.396208276473292,11.208430568640079,8.396208276473292,11.208430568640079
3438,11,63,72.31788664442155,80.77781041774921,6.57435333131105,7.3434373107044735,4.3338539335604,4.622115528224412
3439,34,147,146.03718781598195,125.50804771530323,4.2952114063524105,3.691413168097154,1.5382875989681468,0.10912304618641139
3440,52,1452,1828.6440240792465,1636.9830321598613,35.1662312322932,31.480442926151177,0.34954202581262755,-3.984824443570404
3441,63,2398,2786.38503375772,2221.566226614894,44.22833386917016,35.26295597801419,21.153578365535004,1.5890324278250205
3442,51,1320,1240.0217625850512,1194.058525733219,24.314152207550023,23.412912269278806,-2.866741417011696,-3.2401246770523837
3443,49,996,853.6119446780234,826.0185739442974,17.42065193220456,16.85752191723056,0.5928184362687705,0.6986774166787252
3444,29,197,188.80043793174698,171.1610106237585,6.510359928680931,5.902103814612362,4.6566701536938115,3.395413617418576
3445,43,2550,1812.043214666509,1410.1452407444244,42.140539875965324,32.79407536614941,13.283667036804143,-9.499853368099451
3446,71,3516,4009.816246193747,6883.00996198763,56.4762851576584,96.94380228151591,29.59062335045447,86.39109627191078
3447,72,1028,967.5999007377712,1030.6286088340976,13.438887510246822,14.31428623380691,1.4785368598200153,2.845889613046241
3448,4,13,23.350599634634676,23.485003361068784,5.837649908658669,5.871250840267196,5.837649908658669,5.871250840267196
3449,46,584,724.3115449074777,707.9837714844471,15.745903150162558,15.39095155400972,3.173502101180585,3.2573211605566756
3450,21,108,117.82925477285896,88.29961878306345,5.610916893945665,4.20474375157445,1.1343991880258488,-1.2750284968974674
3451,9,306,650.8872053228318,607.5244520371887,72.32080059142577,67.50271689302096,20.39049835595417,12.895224743755811
3452,6,14,33.3624974191919,14.095688756213544,5.5604162365319825,2.349281459368924,5.5604162365319825,2.0756461979529024
3453,23,66,73.09378801481668,23.173280572059745,3.1779907832528993,1.0075339379156412,3.16950881908631,-0.03567748430820101
3454,8,16,44.00645920565456,19.800482555102345,5.50080740070682,2.475060319387793,5.50080740070682,2.475060319387793
3455,15,40,51.00266303427217,17.375575406547355,3.4001775356181443,1.1583716937698236,3.3871718572293745,0.31463197900518824
3456,2,7,4.285864027870785,0.21194006218360606,2.1429320139353925,0.10597003109180303,2.1429320139353925,0.02238194331999832
3458,4,10,12.57172805574157,6.692033796217251,3.1429320139353925,1.6730084490543127,3.1429320139353925,0.5140879594634096
3459,1,4,11.68654663021569,4.064437818422226,11.68654663021569,4.064437818422226,11.68654663021569,4.064437818422226
3460,4,60,28.777657830071313,30.164925403718335,7.194414457517828,7.541231350929584,-2.2039107575516788,-1.8535884450809115
3461,74,2099,3254.6352021698126,3165.5356838448984,43.98155678607855,42.77750924114728,29.542397639567323,28.330633684801082
3462,24,150,112.3461041202088,93.20703102930129,4.681087671675367,3.883626292887554,0.09684646239754009,-2.523767453449438
3463,15,38,46.643980209030886,17.35623304083859,3.1095986806020592,1.1570822027225727,3.1095986806020592,-0.32258577551897716
3465,4,16,14.99877624946625,13.973534269664773,3.7496940623665624,3.4933835674161933,3.7496940623665624,3.4933835674161933
3466,12,29,39.429320139353926,25.951907460730276,3.2857766782794937,2.162658955060856,3.2262653472687255,1.2475049603191177
3467,4,13,36.93857521654889,50.26255892690442,9.234643804137223,12.565639731726105,9.234643804137223,12.565639731726105
3468,34,268,237.07909049165016,214.69843669951803,6.972914426225005,6.3146599029270005,3.507771477375421,1.953041379065643
3470,18,142,146.28702546208473,133.30923585950345,8.127056970115818,7.406068658861303,-1.4078502545441838,-3.6714487633009174
3471,2,2,22.394909185425778,13.090317077026123,11.197454592712889,6.5451585385130615,11.197454592712889,6.5451585385130615
3472,4,11,11.57172805574157,7.555529745312825,2.8929320139353925,1.8888824363282062,2.8929320139353925,1.8888824363282062
3473,6,80,91.71552782016713,116.20967529759747,15.285921303361187,19.368279216266245,5.6637592629788385,12.597133301116349
3474,7,36,57.34151570917439,53.16019813477137,8.191645101310627,7.594314019253053,5.798082250380754,5.398535237033899
3475,47,4009,3031.5237196139165,2904.793996776337,64.50050467263652,61.80412759098589,-29.298116530347563,-16.526695631586765
3476,37,1645,1318.937899149914,1380.5164899035562,35.64697024729497,37.3112564838799,-9.426085549203853,-4.742746664356687
3477,1,2,8.340591213965286,6.54819948371245,8.340591213965286,6.54819948371245,8.340591213965286,6.54819948371245
3478,50,856,650.7118026919266,673.2859511840304,13.01423605383853,13.465719023680608,3.315124147280222,4.166499755232954
3479,59,1578,1148.8104459251103,1068.8555826768861,19.471363490256106,18.116196316557392,2.384566674676378,-1.1234622506557497
3480,50,1160,925.5719728212111,948.7170148787034,18.511439456424224,18.974340297574066,-0.24886800584713661,1.0247882229627585
3481,4,26,18.66062517471704,12.940178667322327,4.66515629367926,3.2350446668305817,4.66515629367926,1.0175260101102785
3482,27,266,285.6634807415827,342.21989227242796,10.580128916354916,12.674810824904739,9.975467377262792,12.674810824904739
3483,2,3,8.285864027870785,1.2835914582791403,4.1429320139353925,0.6417957291395702,4.1429320139353925,0.6417957291395702
3484,44,219,219.81308571006412,203.4804722766423,4.995751947956003,4.624556188105507,1.4462928782912157,0.44339669879551286
3485,22,518,934.3127888855313,827.8804906236697,42.468763131160514,37.63093139198499,10.451323942320744,6.825219122503736
3486,24,210,125.59004408534963,134.78971633503153,5.232918503556235,5.616238180626314,1.541118351639647,0.5370672642263945
3488,51,904,752.3222778947197,822.7772728682918,14.751417213621956,16.13288770329984,0.3442734849730275,2.231488122808
3489,22,174,111.81376778697722,98.9649611128236,5.082443990317146,4.498407323310164,1.527460431787702,-0.3602735948500521
3490,13,112,104.03596588729728,100.53856839337698,8.002766606715175,7.7337360302597675,4.158089707266876,3.176539689619375
3491,3,5,40.46319409058484,32.10207633146742,13.487731363528281,10.700692110489141,13.487731363528281,10.700692110489141
3492,38,431,393.03186811613205,381.9019837976153,10.34294389779295,10.050052205200402,0.5701744691047097,0.11832999137000516
3493,40,2248,2203.332612065323,1976.4888449255204,55.08331530163307,49.41222112313801,1.6358935092194762,-7.859943442186902
3494,34,1036,770.1485426675368,726.6249685683664,22.651427725515788,21.371322604951953,-7.1679988317464485,-5.831917399098654
3495,62,1421,2141.3957029149074,1530.132147900292,34.53864036959528,24.679550772585355,26.346878537772792,12.102200421429673
3497,24,142,105.03137064371629,106.18334962878444,4.376307110154845,4.424306234532685,1.2865423615202773,1.0774092088797118
3498,11,123,85.76567196709948,105.77314235389397,7.7968792697363165,9.615740213990362,4.730235712933962,7.8471584013928695
3499,56,892,1472.4744586329016,895.2313595739381,26.294186761301813,15.986274278106038,15.669807223773708,0.6655430655630542
3500,15,34,70.0177247992576,47.129254019871354,4.667848319950507,3.1419502679914237,4.667848319950507,2.9061507041489683
3501,46,365,354.61165512528027,326.4022885024943,7.708949024462615,7.095701923967267,4.742178465150446,3.2916300920212933
3504,6,49,23.448169889927605,28.603628010275074,3.9080283149879342,4.767271335045845,-2.1083665846848456,-1.7208789665185547
3506,8,17,36.73910390657317,8.55810850600344,4.592387988321646,1.06976356325043,4.592387988321646,0.7892784180147536
3507,16,106,129.9024415317415,111.78404133054678,8.118902595733843,6.986502583159174,2.0655548118002787,0.27117517415881975
3509,27,86,73.21570826477246,38.28274049548524,2.711692898695276,1.4178792776105646,2.457746828750207,-0.3905357518788193
3510,47,375,380.99680759845575,370.84460105224474,8.106315055286293,7.890310660686058,3.690443887198147,3.285989823194681
3511,6,52,71.02693794157672,65.02842719868417,11.837822990262787,10.838071199780694,-0.5563673405629551,-1.3868671805930763
3513,3,7,15.130606258347665,19.95998794583449,5.0435354194492215,6.653329315278164,5.0435354194492215,6.653329315278164
3514,1,2,4.77218082425707,4.213314183236859,4.77218082425707,4.213314183236859,4.77218082425707,4.213314183236859
3515,6,7,26.857592083612353,15.833443897553758,4.4762653472687255,2.6389073162589596,4.4762653472687255,2.6389073162589596
3516,44,941,1325.8088550944956,1265.466806321837,30.13201943396581,28.760609234587207,2.454330404833548,0.5437363367653784
3517,56,1005,677.3063951435527,723.4505783094334,12.094757056134869,12.918760326954168,1.3664160416263822,4.024243128448553
3518,19,1185,1281.8061044894114,1071.1348666971355,67.46347918365323,56.37551929984924,-2.7196640723629635,-24.39074577988806
3519,28,78,109.12036722644858,112.96149620800146,3.8971559723731635,4.034339150285766,3.3665651192118475,3.0200605311362665
3520,3,5,28.7855739697966,23.01141165355689,9.595191323265533,7.67047055118563,9.595191323265533,7.67047055118563
3521,7,25,17.43758989564286,12.43369443539825,2.4910842708061227,1.77624206219975,2.463214959973044,-0.03875495540836203
3522,55,206,192.94629862129355,179.38599619589343,3.5081145203871555,3.2615635671980625,2.010007891581224,1.3549984548364378
3523,48,829,799.2589752450906,807.4780123123167,16.651228650939387,16.82245858983993,-10.512755094740678,-10.39448586377528
3524,2,5,8.806697978081772,3.628514309507299,4.403348989040886,1.8142571547536495,4.403348989040886,1.8142571547536495
3526,65,1806,2105.507303674169,1626.9673235734608,32.39242005652568,25.030266516514782,18.716576967754946,4.496467258067718
3527,4,5,17.57172805574157,1.3962097453070843,4.3929320139353925,0.3490524363267711,4.3929320139353925,0.3490524363267711
3528,54,351,333.6567077582458,292.5286128526967,6.178827921448995,5.417196534309198,1.6043011120459758,-0.5040288886767448
3529,30,108,129.7169798905107,125.24776528993804,4.323899329683689,4.174925509664601,2.5191523991374347,2.1607084506736665
3530,13,53,54.94059057742376,38.658615241022105,4.226199275186444,2.9737396339247772,1.7222302381069559,-0.9308845646005223
3531,26,46,100.7162323623202,25.809274315344176,3.873701244704623,0.9926643967440067,3.873701244704623,-0.21593537604740648
3532,9,17,33.78638812541853,16.795143389368747,3.7540431250465036,1.866127043263194,3.7540431250465036,1.3926808935222286
3533,4,20,36.39666082415668,34.45056434378409,9.09916520603917,8.612641085946022,7.429212385443595,5.47242146275981
3534,20,270,337.51733511937937,318.61547885913694,16.875866755968968,15.930773942956847,5.143292488163359,5.139790938215922
3535,38,1068,746.3998085210269,851.7030889238073,19.64210022423755,22.413239182205455,9.42600361855009,14.681085912601649
3536,16,389,517.5273921668851,472.4202732566002,32.34546201043032,29.52626707853751,-3.4438500926112336,-8.115228913739207
3537,15,318,252.20939599642753,237.63940379426288,16.813959733095167,15.842626919617524,-3.999763227926536,-5.913570455601951
3539,3,12,8.483530692971504,5.124519051152577,2.827843564323835,1.7081730170508589,2.827843564323835,1.7081730170508589
3540,55,2794,2139.8202680734294,1792.1675398411296,38.90582305588053,32.58486436074781,16.244990336349804,-2.0613592824856863
3541,16,495,350.51862550079267,358.22167255871386,21.90741409379954,22.388854534919616,-14.015591118206736,-15.482921105610686
3542,44,533,363.94464286786473,432.428311092399,8.271469156087834,9.827916161190887,-0.10090941037894757,2.7041877384252193
3543,14,118,73.36185950528025,90.69552518252404,5.240132821805732,6.4782517987517165,3.2074056038957743,3.008915006199938
3544,10,122,57.767932126119064,72.86056715700472,5.776793212611906,7.2860567157004725,1.102226332424973,1.7656630001542006
3545,3,5,33.66400574218297,23.29617480256719,11.221335247394324,7.76539160085573,11.221335247394324,7.76539160085573
3546,19,100,90.50738786710346,96.51563935782897,4.76354672984755,5.079770492517315,4.441349807535073,4.548980355303419
3547,7,198,162.3116398233439,140.2470989214745,23.18737711762056,20.03529984592493,-2.694154398452844,-5.329140864488769
3548,6,14,26.766789531409966,12.337400142508114,4.461131588568327,2.0562333570846856,4.461131588568327,2.0562333570846856
3549,12,34,39.14345611148314,23.45365252311025,3.2619546759569285,1.9544710435925208,2.809598680602059,0.6659833523194362
3550,12,74,51.137474806568925,45.17277721276132,4.261456233880744,3.7643981010634433,0.19242503656386,-1.3366930164099056
3551,1,3,2.6429320139353925,0.4543506191022235,2.6429320139353925,0.4543506191022235,2.6429320139353925,0.4543506191022235
3552,50,914,1362.3721504265554,875.2364172358452,27.247443008531107,17.504728344716906,20.262619928933375,5.331826785760267
3553,14,40,82.46474398405667,58.4675314882342,5.890338856004048,4.176252249159586,4.311749567402988,2.1885971827815816
3554,26,133,187.41540655599317,138.9657367771949,7.2082848675381985,5.344836029892112,4.108331636427509,1.4392963302860748
3555,26,105,103.34333006005107,84.67081619500813,3.9747434638481183,3.2565698536541587,1.975931536591351,0.868509805378651
3556,18,675,287.4336543517612,276.9239436890998,15.968536352875624,15.384663538283323,-7.295060860368819,-6.688818980413845
3557,42,1309,1334.8213061008898,890.0554403108788,31.781459669068806,21.191796197878066,15.29643031260257,-3.6607200894079854
3559,12,50,55.22302653068493,35.44939241988489,4.601918877557078,2.9541160349904074,3.7939022837322107,1.786388669391762
3560,29,183,189.32775783147832,163.87395244446148,6.528543373499253,5.650825946360741,1.6355479375214261,0.07340408454324115
3561,50,609,500.53561584793687,468.68248690779956,10.010712316958738,9.373649738155992,1.1445018325248462,-0.8317268356543259
3562,24,73,154.9046504456281,120.36026513644543,6.454360435234505,5.015011047351893,6.454360435234505,4.788746443300517
3566,28,146,139.44251668491452,117.18546457541328,4.98008988160409,4.185195163407617,1.1295085951510488,-0.3510844058853068
3567,2,8,3.285864027870785,2.48078697591869,1.6429320139353925,1.240393487959345,1.6429320139353925,1.240393487959345
3570,2,4,16.52040101102188,10.005206512824449,8.26020050551094,5.0026032564122245,8.26020050551094,5.0026032564122245
3572,16,404,353.3923597518704,486.6204755993818,22.0870224844919,30.413779724961362,15.666508607633702,25.3634583833089
3573,1,8,6.6798772683165595,1.8115815096830268,6.6798772683165595,1.8115815096830268,6.6798772683165595,1.8115815096830268
3574,4,12,54.72187073742717,41.11431634036785,13.680467684356792,10.278579085091962,13.680467684356792,10.278579085091962
3575,4,24,22.366381129479205,26.153883016877106,5.591595282369801,6.538470754219277,3.54659948647127,5.281426519329771
3576,31,129,100.13267095215348,125.94806576581881,3.2300861597468864,4.062840831155445,2.4787715219998665,3.458037345591587
3577,3,7,9.928796041806176,3.898283548494364,3.309598680602059,1.2994278494981213,3.309598680602059,0.7649927097671322
3580,39,109,125.68306544413994,79.43411299904258,3.222642703695896,2.036772128180579,2.8929877321954636,0.8245751254644474
3581,32,147,100.82038862892293,77.67295020670646,3.1506371446538415,2.427279693959577,2.9648894292299417,1.5864008793618214
3582,13,189,159.4256910469438,151.32220440205805,12.263514695918754,11.64016956938908,-1.1370378085431756,-0.590198391338417
3584,21,81,187.29076090088776,95.63951439992233,8.918607661947036,4.554262590472492,8.335186924923168,3.3408471945976443
3585,15,51,110.9441479894277,87.79549445637383,7.396276532628514,5.853032963758255,6.729486870430938,4.41035157750348
3586,13,29,120.9867924340524,135.20509815294685,9.306676341080955,10.400392165611295,9.306676341080955,10.400392165611295
3588,53,765,1648.7816270957194,873.293221958473,31.109087303692817,16.47723060299006,26.22668957133049,6.188672320431686
3589,44,738,1126.3981040600875,660.6771391239059,25.599956910456534,15.015389525543316,17.397062264979112,3.790722262365995
3590,23,144,198.58926722925952,155.93182633233832,8.634315966489543,6.779644623145145,5.267419816357617,3.118625734744263
3591,29,58,113.0733003483848,58.27389921791277,3.8990793223580966,2.0094448006176817,3.6429320139353925,0.982520656596835
3592,34,707,641.2837221118806,555.1856465279254,18.861285944467078,16.328989603762512,-4.330849905409184,-4.842624048268928
3594,22,297,260.49904365269947,277.0247449960756,11.84086562057725,12.592033863457981,2.413353947690378,3.9704505907349668
3595,44,686,936.145398591452,1017.117968647329,21.276031786169366,23.116317469257478,9.438549438463069,11.211655742802552
3596,28,233,206.38593266822812,210.2922892202684,7.370926166722433,7.510438900723871,0.40646315024095003,-1.863724456500356
3597,48,1076,1267.0860684775032,1065.264589581371,26.39762642661465,22.19301228294523,-2.1778159667485677,-7.304137025161313
3598,40,336,217.75473687612813,214.90714466840168,5.443868421903203,5.372678616710042,1.2870239322748078,-1.2169766472756636
3599,4,100,18.7362121071343,35.90189529607936,4.684053026783575,8.97547382401984,4.684053026783575,8.97547382401984
3600,66,2123,1251.8385898597694,1267.388371939609,18.967251361511657,19.202854120297104,-7.13878232860792,-9.537130524211545
3601,71,2712,1873.4934241469257,1483.524232048725,26.387231326013037,20.894707493644013,11.729741652386798,-2.5408359607478763
3602,65,3535,3625.1767038104176,2826.334849962705,55.77194928939104,43.48207461481085,8.026149463442554,-15.318914067034322
3603,43,2018,1341.0889114823824,1393.6027274241692,31.18811422052052,32.40936575405045,-5.291334343780621,-3.6900272275549435
3604,43,1836,848.018110586577,919.7105768173711,19.721351408990163,21.38861806552026,-5.815217193546918,-3.109807991294254
3605,63,1282,804.3680059635451,811.8055940353339,12.767746126405477,12.885803079925935,-1.622535401465014,-2.68173181994169
3606,65,2941,4215.662793628494,3284.316296994695,64.8563506712076,50.52794303068762,19.605897990098615,0.2346309579383209
3607,40,926,496.42128690497856,540.3556557544051,12.410532172624464,13.508891393860129,-4.232588755030381,-0.7477851811945463
3608,1,25,12.115802519110922,17.57242530754668,12.115802519110922,17.57242530754668,12.115802519110922,17.57242530754668
3609,6,17,48.91821764263657,36.907400504329615,8.153036273772761,6.151233417388269,6.5734448857806465,3.315873519593383
3610,27,459,415.3408644415597,436.4232151665963,15.382994979317026,16.16382278394801,6.098942281735462,7.141327096891634
3611,56,2279,2498.736380532014,1833.4648653956012,44.62029250950025,32.74044402492145,14.295930602882839,-0.3958938507837858
3612,70,3566,4973.458087902754,4068.5172840236924,71.04940125575364,58.121675486052744,43.03833762886933,23.782381270440762
3613,33,649,408.74059037726136,456.9056857201017,12.386078496280646,13.845626840003082,4.6590457124341125,6.363620556235421
3615,38,771,481.9995227982232,545.395642283111,12.684197968374296,14.352516902187132,4.34126112563198,7.737135760902344
3616,38,880,729.0672839512251,728.4202685642658,19.185981156611188,19.168954435901732,2.911033633770542,3.6600679407417225
3617,40,538,572.4368228486987,660.2808777695154,14.31092057121747,16.507021944237884,10.320226334240974,12.613254367482869
3618,42,1081,826.6369607622123,825.237274377501,19.681832399100294,19.648506532797644,2.1437306676594594,0.5535066294997774
3619,45,821,758.0733422699057,917.0736270274367,16.84607427266457,20.379413933943038,7.662437603805731,12.90408380104738
3620,38,784,529.3554055391041,631.4473489475781,13.930405408923793,16.617035498620478,4.794676462893317,8.313788258156341
3622,52,1413,2014.2593910379394,1200.5770976680844,38.73575751996037,23.088021109001623,24.364992444248585,1.7404189938627712
3623,34,995,1562.0718082315545,1099.2234649316306,45.94328847739866,32.33010190975384,13.802595248454782,-4.870874033402129
3625,12,270,478.62380881709606,467.8500166900205,39.88531740142467,38.98750139083504,16.03963650771934,14.031882278886181
3626,55,1284,1406.2816482491503,1375.2942696942973,25.568757240893643,25.005350358078132,-9.33111343910662,-10.001453815628196
3627,50,706,626.8049308500047,658.8540197511076,12.536098617000093,13.177080395022152,0.5633075219120016,-0.23920189709935286
3628,64,980,830.5810311728304,854.7326102380009,12.977828612075475,13.355197034968764,2.098631205215701,2.4424777082151103
3629,22,256,136.29383501630053,169.61287051674245,6.195174318922752,7.709675932579202,1.5489657296377166,2.8741556613943002
3630,33,198,214.36976403050548,201.47563718070944,6.496053455469863,6.105322338809377,2.149270937032667,1.2146175865273903
3631,6,21,27.57172805574157,24.325186395138545,4.595288009290262,4.0541977325230905,2.1429320139353925,0.18891128282912195
3632,42,273,208.1788076110476,219.43807999462933,4.956638276453514,5.2247161903483175,1.2256150193776176,1.4754071890642582
3633,38,317,347.14572868058667,299.09447110893814,9.135413912647017,7.870907134445741,0.21452574944605812,-2.6598746338536845
3634,6,26,25.915899204472915,24.825431520827205,4.319316534078819,4.137571920137868,2.5281664019340773,1.1863477292197793
3635,4,23,18.852268855625788,9.99303490206084,4.713067213906447,2.49825872551521,4.713067213906447,-0.11180260637806194
3636,15,619,605.8235901273802,574.1839781845306,40.38823934182535,38.278931878968706,-25.185366175207086,-27.283939924499283
3637,90,518,313.91663323029167,258.3153928217306,3.487962591447685,2.8701710313525624,1.7006208839014865,-0.9360658076982272
3639,5,10,27.926803697413476,16.887458360945473,5.585360739482695,3.3774916721890946,5.585360739482695,3.1613962866579746
3640,7,9,51.96246009905167,44.8325607688421,7.42320858557881,6.404651538406014,7.42320858557881,6.404651538406014
3642,3,30,46.163212827707234,51.54875914655004,15.387737609235744,17.18291971551668,15.387737609235744,17.18291971551668
3646,17,55,46.3581161811601,31.383907704617016,2.7269480106564763,1.846112217918648,2.4076378962883336,-0.06910475887396321
3649,2,7,5.149098261511507,7.033367367401784,2.5745491307557535,3.516683683700892,2.5745491307557535,3.46134719637336
3650,4,18,14.0,15.725521528859279,3.5,3.9313803822148197,1.1429320139353925,-0.7863058556177469
3652,2,2,13.978590472244193,7.218294495412488,6.989295236122096,3.609147247706244,6.989295236122096,3.609147247706244
3653,1,5,0.6429320139353925,2.183335008608509,0.6429320139353925,2.183335008608509,0.6429320139353925,-2.183335008608509
3654,3,15,8.47486747768496,8.112609720296142,2.8249558258949867,2.704203240098714,1.431474494913549,2.525683469636507
3656,7,16,38.39005540982883,32.61967560760526,5.484293629975547,4.659953658229322,5.38227420538566,4.352521757810932
3657,9,19,46.062985767437034,43.756806444374604,5.118109529715226,4.861867382708289,5.118109529715226,4.861867382708289
3658,4,12,24.249397332768044,18.681032785016804,6.062349333192011,4.670258196254201,6.062349333192011,4.670258196254201
3659,16,37,69.43625772011045,61.19570747632579,4.339766107506903,3.824731717270362,4.045132609248827,3.764467706590111
3660,7,12,40.17123202399019,27.424698913931785,5.738747431998599,3.9178141305616836,5.738747431998599,3.9178141305616836
3661,21,126,140.56503910090458,117.2699221807927,6.693573290519266,5.5842820086091765,1.3333372844880502,-0.862941495098526
3662,20,111,104.76222827848109,79.95404942888896,5.238111413924054,3.9977024714444482,0.7377678227082475,-1.460600076049404
3663,28,111,140.8683750101352,131.49164718323112,5.031013393219114,4.696130256543968,4.241626620351965,3.4339368861493247
3664,2,2,9.285864027870785,6.782580019983342,4.6429320139353925,3.391290009991671,4.6429320139353925,3.391290009991671
3665,2,4,24.16417218900733,15.586045132285966,12.082086094503666,7.793022566142983,12.082086094503666,7.793022566142983
3666,3,5,33.10719438572571,19.37654111909085,11.03573146190857,6.458847039696949,11.03573146190857,6.458847039696949
3667,37,115,138.86461760760068,58.62591170724676,3.7530977731783968,1.5844841001958583,3.674504153382605,-0.12520149533109534
3669,30,162,219.13821801306918,181.49060402373343,7.304607267102306,6.049686800791114,4.1907862350798055,1.2914142040732353
3670,17,150,219.9028635482926,188.48657372069897,12.93546256166427,11.087445512982292,0.8161255295337245,-1.1519193835392363
3671,1,4,15.818327354087263,11.956228201902135,15.818327354087263,11.956228201902135,15.818327354087263,11.956228201902135
3672,8,40,51.703018603456776,39.63046824348962,6.462877325432097,4.953808530436202,5.472733245124806,2.93658315707569
3673,17,33,84.72720508580774,113.8454955134796,4.983953240341632,6.6967938537340945,4.983953240341632,6.569744624923315
3674,25,166,186.15244537057953,131.53616775249438,7.446097814823181,5.261446710099775,5.143838982737184,1.6216641062711667
3677,25,642,480.3382279454176,526.5264154273372,19.213529117816705,21.061056617093485,5.293854754326815,11.74025241910989
3678,17,1017,1006.676869406829,963.3299884167694,59.21628643569583,56.66646990686879,-44.289851526200486,-49.13707326521675
3679,17,70,126.2423066397796,104.37565322749336,7.426018037634094,6.139744307499609,3.812590276207127,2.7270829544575026
3681,39,1543,1539.099133649822,1624.2788858520785,39.464080349995434,41.64817656030971,-22.548965168784655,-18.58175222362171
3682,71,6671,7764.857325053182,6862.295573977119,109.36418767680537,96.6520503377059,41.939965690637315,23.080761484243126
3683,38,178,186.84955870184027,166.04375745289514,4.917093650048428,4.369572564549872,2.618152396353251,1.8804977912187117
3684,43,162,123.16444966701063,96.1726778225574,2.864289527139782,2.2365739028501723,2.1977898910826865,0.43816903426260795
3685,49,267,232.10216531507936,194.47654736935687,4.736778883981211,3.9689091299868746,2.257581138937618,0.10652977885123917
3686,29,850,797.1621909672307,828.541451335565,27.48835141266313,28.570394873640172,-5.290658560139445,-4.789104651111091
3687,11,386,756.9945481798288,632.879010095912,68.81768619816626,57.53445546326473,16.727004224431116,6.241720371075243
3688,8,17,37.27553940546431,10.43004552451672,4.6594424256830385,1.30375569056459,4.6594424256830385,1.2680855654673013
3689,28,829,472.5067064257851,477.6861009227009,16.875239515206612,17.06021789009646,-6.546413566380303,-5.4032016350331356
3690,50,1321,916.3273324835973,904.384142742212,18.326546649671947,18.08768285484424,-4.572080269005741,-2.380292158746966
3691,3,3,15.23573900766337,15.243676381634186,5.078579669221123,5.0812254605447285,5.078579669221123,5.0812254605447285
3693,22,213,226.91863112277667,201.77807462220682,10.314483232853485,9.171730664645764,4.926633303917435,2.8330597502041455
3694,1,1,4.6429320139353925,5.384506123157879,4.6429320139353925,5.384506123157879,4.6429320139353925,5.384506123157879
3696,29,291,346.89643714667346,304.8202584802696,11.961946108505982,10.511043395871367,8.328623897789479,5.055885959268358
3697,11,105,76.10096030347358,92.15868188201578,6.918269118497599,8.378061989274162,2.634837630998648,5.89945168117074
3699,42,784,497.9922828377254,584.0168880315515,11.856959115183937,13.905164000751226,-0.11356273417247242,3.4019673373891286
3700,15,192,139.97795615184452,152.2480648042741,9.331863743456301,10.149870986951607,-0.032484430170410285,-0.15000190536725136
3701,31,740,762.6515762089783,767.681526033168,24.60166374867672,24.763920194618322,-9.394185217319219,-11.36156341358092
3702,27,796,784.466465273285,775.6574125933091,29.054313528640186,28.72805231827071,-15.645934313998506,-20.039202850493638
3704,1,1,4.6429320139353925,2.527159840363284,4.6429320139353925,2.527159840363284,4.6429320139353925,2.527159840363284
3707,3,14,56.884515285842795,63.099308962474446,18.96150509528093,21.033102987491482,18.96150509528093,21.033102987491482
3708,71,2167,1293.0650057163668,1377.5379781582471,18.212183179103757,19.40194335434151,-6.0856269742059235,-3.27580068164584
3709,52,1950,1716.9901199558294,1702.3993642272653,33.01904076838134,32.7384493120628,-1.0343180921283528,-3.0460982306247
3710,48,1610,1299.803851606645,1218.008737352868,27.07924690847177,25.37518202818475,-1.382518443891682,-3.8417033883474647
3711,67,1050,720.5287784854244,729.258588821899,10.754160872916781,10.884456549580582,1.0787626156758747,2.335784205669226
3712,46,1479,1096.8131620017157,1110.135248562322,23.843764391341644,24.13337496874613,-3.2435401110439632,-3.2862629588933574
3713,74,1910,888.8925146225372,933.6296823468867,12.012061008412665,12.616617329011984,-3.458135749626303,0.7482853927035981
3714,56,244,241.36167674869046,226.0579832685141,4.310029941940901,4.036749701223466,3.5007890168114897,2.8812690180962384
3715,13,98,66.2166994925997,66.08891663802783,5.093592268661515,5.0837628183098325,-0.23494949377095017,0.05462410915977159
3716,33,86,101.64502840412638,53.278940320269605,3.0801523758826175,1.6145133430384728,3.0368714078747865,0.7517004345839895
3717,41,150,182.4261339798905,109.7335533311125,4.449417901948548,2.6764281300271344,2.812741384686933,-0.12008430283684507
3718,50,158,194.60134478796923,138.781655563327,3.8920268957593844,2.77563311126654,2.9457118660896384,0.8454044123595894
3719,57,722,522.5114945265843,559.8493999835855,9.166868325027796,9.82191929795764,-1.1882951171900937,0.5266510218509769
3720,39,4434,3132.8646359618106,3037.6297486346148,80.32986246055924,77.88794227268242,-28.446431297694506,-50.45578852560851
3721,68,3516,2006.8484876605883,2004.4640359968084,29.512477759714532,29.477412294070714,-6.6818374456011345,-6.031925921388229
3722,59,1000,749.82995315406,781.261776879151,12.708982256848476,13.241725031850017,-0.679768772939953,0.49733041239843556
3723,23,224,124.79811882391873,224.96707728430235,5.426005166257336,9.781177273230536,4.139318492820789,9.321545453653346
3724,1,2,3.6429320139353925,4.3171097945970835,3.6429320139353925,4.3171097945970835,3.6429320139353925,4.3171097945970835
3725,1,1,4.5639859412860275,2.8970635940492713,4.5639859412860275,2.8970635940492713,4.5639859412860275,2.8970635940492713
3728,49,1446,902.6678473065741,954.6898848507917,18.42179280217498,19.48346703777126,-4.030354896279424,-2.721302186739808
3730,70,2308,1974.3243621570323,1482.033054845017,28.204633745100463,21.17190078350024,17.924096129881715,2.481649996294418
3731,37,226,151.82871612037624,163.21214926572574,4.103478814064223,4.411139169343939,2.5466628483399756,2.2499523823364425
3732,18,74,84.09208686595979,89.40054971670158,4.6717826036644325,4.9666972064834205,3.038686038046044,3.751058122373141
3734,1,1,4.6429320139353925,4.205059864160047,4.6429320139353925,4.205059864160047,4.6429320139353925,4.205059864160047
3735,2,2,9.285864027870785,3.1705466129263016,4.6429320139353925,1.5852733064631508,4.6429320139353925,1.5852733064631508
3736,28,509,372.71977176308377,322.1924364858914,13.311420420110135,11.506872731638978,8.362332723575458,5.456295743399792
3737,2,7,9.073839041311215,4.310678025838923,4.536919520655608,2.1553390129194616,4.536919520655608,2.1553390129194616
3739,1,3,5.701636026453322,5.681574671473367,5.701636026453322,5.681574671473367,5.701636026453322,5.681574671473367
3740,1,6,2.23202145959705,1.0527855149125909,2.23202145959705,1.0527855149125909,2.23202145959705,1.0527855149125909
3741,26,144,180.50127160855186,182.2699205880462,6.942356600328917,7.010381561078701,3.1965045776694394,3.130957632794949
3742,60,959,816.4346884661037,883.8017110543698,13.607244807768394,14.73002851757283,1.812846974017572,2.645468248830909
3745,1,5,2.575272386095599,3.5125528384637885,2.575272386095599,3.5125528384637885,2.575272386095599,3.5125528384637885
3746,46,540,365.49170783352,352.3531696098091,7.945471909424349,7.659851513256719,2.1569313978144957,-1.0485003380955573
3750,41,171,192.9361052191182,117.74624912454372,4.705758663880932,2.871859734744969,3.4105081944337674,1.4221924364186758
3751,35,661,649.4272930235045,610.0123879330097,18.55506551495727,17.428925369514563,1.4575645381742552,1.2540593113246696
3752,24,300,253.81483783590897,265.08493238230324,10.575618243162873,11.045205515929302,2.5522743977145885,2.6929753428854526
3753,4,6,16.57172805574157,3.5716570339866447,4.1429320139353925,0.8929142584966612,4.1429320139353925,0.18254679222456138
3754,11,530,556.6118255644334,535.3755346714653,50.60107505131213,48.67050315195139,-32.90345938276289,-36.82048687982521
3755,2,7,11.175078349375369,7.858782145244243,5.587539174687684,3.9293910726221215,5.587539174687684,1.9962098060551492
3756,38,623,470.0703681690769,486.6370485113265,12.370272846554656,12.806238118719119,1.4877319640270061,2.056836538054126
3757,2,12,8.0,6.735078226116581,4.0,3.3675391130582906,-0.35706798606460755,-2.3493410856904138
3758,2,15,5.0,8.265871990787577,2.5,4.1329359953937885,-1.8570679860646075,-4.1329359953937885
3759,21,88,112.92504827674655,94.76127505677714,5.3773832512736455,4.5124416693703395,1.985675282677209,0.7061476403101705
3760,5,13,19.928796041806176,10.19726049439727,3.985759208361235,2.039452098879454,3.042932013935393,0.4289820258328582
3761,52,605,454.2703467816432,446.1092996569792,8.735968207339292,8.579024993403447,-2.2126230000244647,-4.445526375696778
3762,77,5381,5164.2199380458505,6367.588310694813,67.06779140319287,82.69595208694562,34.42332337254978,45.19124874924685
3763,27,90,79.58845583325541,64.71672228657506,2.947720586416867,2.3969156402435208,2.323404146101428,0.12959365398248612
3764,58,328,333.1970368975748,315.3250015219556,5.744776498234048,5.436637957275097,3.864529775094268,3.3956603559864886
3765,13,31,58.28510086857694,40.1749571618588,4.483469297582841,3.0903813201429844,4.483469297582841,3.0903813201429844
3766,26,62,88.14450430657864,48.18158077286715,3.3901732425607167,1.853137722033352,3.2583166293200074,0.6887920618540304
3767,38,322,960.9136361970473,653.1809041347178,25.287200952553874,17.18897116143994,19.562377764452062,8.413362041407296
3768,4,29,17.279835287269016,17.661662713237533,4.319958821817254,4.415415678309383,3.5812770742667914,4.397556242487282
3769,5,58,64.61538492595683,59.649642693163145,12.923076985191367,11.929928538632629,-3.4664106965660353,-4.837732519747647
3771,5,23,23.47636092919843,19.74999124890452,4.695272185839686,3.9499982497809043,4.592925912160497,3.9499982497809043
3772,7,12,38.935733622562694,29.751148461708276,5.562247660366099,4.250164065958325,5.562247660366099,4.250164065958325
3773,6,16,29.292801608627304,27.016630061696063,4.882133601437884,4.502771676949344,4.882133601437884,4.502771676949344
3774,15,175,194.22941547277017,196.67359587437298,12.948627698184678,13.111573058291532,5.070518384490459,6.714222670858964
3775,3,4,13.367133272918721,10.654018099241625,4.455711090972907,3.5513393664138753,4.455711090972907,3.5513393664138753
3776,5,18,28.693747785795537,36.13168932736694,5.738749557159108,7.226337865473388,3.278218628329488,4.486328875594733
3778,26,74,116.93586663595678,35.60152224326923,4.497533332152184,1.3692893170488165,4.497533332152184,-0.14788865574271778
3779,7,21,31.58740763815992,23.50346689875476,4.512486805451418,3.357638128393537,2.6961816665758147,1.4133479955441943
3780,11,224,159.4149242390999,173.52990002329062,14.492265839918172,15.775445456662784,14.492265839918172,15.775445456662784
3782,2,8,17.562461669889288,15.89828935883665,8.781230834944644,7.949144679418325,8.781230834944644,7.949144679418325
3783,1,2,16.31363994037784,4.5490231508526655,16.31363994037784,4.5490231508526655,16.31363994037784,4.5490231508526655
3784,2,8,19.314222716550027,14.210328001795277,9.657111358275014,7.105164000897639,9.657111358275014,7.105164000897639
3785,32,334,324.7044795828289,339.8320173357133,10.147014986963404,10.619750541741041,-2.7699627658506136,-2.718268199553373
3786,21,148,182.0446615311118,168.15526840468752,8.66879340624342,8.00739373355655,1.3295242467298773,1.084430058107886
3787,51,644,524.3283393080129,546.0780134603044,10.28094782956888,10.70741202863342,-2.377286681817797,-1.7279213075505824
3788,2,21,29.670707926442446,16.490634740695754,14.835353963221223,8.245317370347877,1.4782859771566166,-3.9790320420410357
3789,46,960,1385.8144287844318,1308.2374638575213,30.126400625748516,28.439944866467854,6.354625480978832,4.357405794124088
3790,23,321,625.5053472013396,597.6958458296773,27.19588466092781,25.986775905638144,9.823392206553505,7.276639174839384
3791,17,118,98.58896398488157,100.36286994296331,5.7993508226400925,5.9036982319390185,1.6531529500723068,1.8511061846661736
3792,47,821,1036.5203117379606,968.2276026157105,22.05362365399916,20.600587289695966,4.602509702560728,3.2838237409019073
3793,16,89,58.1110533757079,74.80809888168018,3.6319408359817436,4.675506180105011,1.9602222502987283,2.8707215498894727
3794,35,474,442.7722721400349,475.5040910054654,12.650636346858139,13.585831171584726,-3.1989017196846548,-2.2255811238567844
3795,17,311,365.76586650704587,342.66052653247255,21.515639206296814,20.15650156073368,-4.316038265808119,-5.140020929073152
3796,24,210,457.98924010770224,433.4254165871069,19.082885004487594,18.05939235779612,11.609021666185747,9.208910245716373
3797,26,209,266.77803018456075,308.4408362576697,10.260693468636951,11.863109086833449,0.6632347546486587,3.186521203138521
3798,15,86,105.41632860511068,88.24145582203383,7.027755240340712,5.882763721468922,2.6486382187692206,1.6289149977915083
3799,36,958,926.8780081675351,910.7959782816272,25.746611337987087,25.299888285600755,-17.610738163158537,-18.843582102380488
3800,25,229,528.836296090348,440.65777123960714,21.153451843613922,17.626310849584286,10.980911016773922,6.054353115980962
3801,16,164,441.13872273036566,437.60839125016844,27.571170170647854,27.350524453135527,13.610375163195084,11.883810119173882
3802,42,1031,1127.4237689886002,1075.5776861600236,26.843423071157147,25.60899252761961,1.2819620450931761,-0.6595373219288843
3803,18,156,147.74901224025194,137.1932118590054,8.208278457791774,7.621845103278078,-0.23017109985370135,-0.9248897708190233
3804,52,688,609.4928224171748,668.2467911814091,11.7210158157149,12.850899830411713,0.5117962951101084,1.688858728859645
3805,8,144,384.98472317507225,308.82626926631343,48.12309039688403,38.60328365828918,19.70150038197849,7.169854990365891
3806,19,87,79.33446347696604,76.59199472063274,4.175498077735054,4.031157616875407,2.5257438677344415,2.7345171870890397
3807,39,227,230.06225229601574,214.88654552642754,5.89903211015425,5.509911423754552,1.3588134904561542,0.9913097854401633
3808,21,326,826.6970665126041,677.883815733231,39.366526976790674,32.28018170158243,18.253540304445703,10.01982792332594
3809,19,205,463.06469270181515,423.50015009041556,24.371825931674483,22.28948158370608,11.457472241187936,8.067110801114698
3810,1,6,13.818327354087263,9.215104492132692,13.818327354087263,9.215104492132692,13.818327354087263,9.215104492132692
3811,3,100,97.6429320139354,94.37703132251012,32.54764400464513,31.459010440836707,-27.69040131939794,-30.3460959310668
3812,21,82,233.8418511213273,221.23301988002868,11.13532624387273,10.534905708572794,11.13532624387273,10.534905708572794
3813,11,32,56.23952662469327,33.94672763064514,5.112684238608479,3.0860661482404677,5.112684238608479,2.406013546040296
3814,48,806,969.781020458147,853.0687030472606,20.20377125954473,17.772264646817927,0.008792910374620858,-3.1809635119118074
3815,28,183,287.0704559698113,235.6726671640928,10.252516284636117,8.41688097014617,4.06548642855492,1.7507868131513178
3816,9,116,125.7629759875077,118.39920457821285,13.973663998611967,13.155467175356982,3.9028523694017503,3.409431783298813
3817,12,137,172.51860566680347,157.4643220181343,14.376550472233623,13.122026834844526,0.09264432309782149,-1.5209284495935078
3818,18,172,172.91336043053224,141.32174804564255,9.606297801696236,7.85120822475792,0.8920068186850365,-1.7690464207581114
3821,34,125,139.90281615628373,95.3676386962308,4.114788710478933,2.804930549889141,2.1711096503242646,0.03437527743958997
3822,16,21,69.28691222296628,20.290782497790765,4.3304320139353925,1.2681739061119228,4.3304320139353925,1.1486904640074638
3823,61,221,223.81135802744166,115.5314746173496,3.6690386561875683,1.8939586002844198,3.2001668388666364,0.1773607106971686
3824,1,3,2.6429320139353925,0.4549773140999296,2.6429320139353925,0.4549773140999296,2.6429320139353925,-0.4549773140999296
3825,6,26,19.73470882995045,17.694641413837388,3.2891181383250747,2.9491069023062315,3.2891181383250747,2.199482105261874
3828,1,3,11.617059681403902,6.805613630269896,11.617059681403902,6.805613630269896,11.617059681403902,6.805613630269896
3830,8,164,118.27156208047282,102.6699931003956,14.783945260059102,12.83374913754945,2.0467822694076405,-1.795640574820053
3831,7,12,27.500524097547746,22.043111413632356,3.928646299649678,3.1490159162331937,3.928646299649678,2.971770059342935
3833,12,390,384.54496968527957,355.95621865849625,32.045414140439966,29.663018221541353,-9.355072548164731,-11.992476108840561
3835,32,107,83.14450430657864,59.09880747760273,2.5982657595805825,1.8468377336750854,2.2991820139353925,-0.5494786685943032
3836,19,93,99.86671774149985,96.3299091307807,5.256143039026308,5.06999521740951,4.30187968759158,3.5831467096393217
3837,6,87,57.005259019658695,53.97276974488709,9.50087650327645,8.995461624147849,1.7372336514660631,4.2880317070334915
3839,26,162,130.90261492965328,122.258843563158,5.034715958832819,4.7022632139676155,0.9376407884136635,-0.725783170636383
3840,8,94,140.03769360344393,149.83593835891014,17.50471170043049,18.729492294863768,14.801839583971569,15.718479690113
3841,2,2,21.190654454401454,13.05450585956785,10.595327227200727,6.527252929783925,10.595327227200727,6.527252929783925
3843,1,6,0.11251291545111108,1.876196719087842,0.11251291545111108,1.876196719087842,0.11251291545111108,-1.876196719087842
3845,2,8,5.798547657718534,8.54280756652134,2.899273828859267,4.27140378326067,2.899273828859267,4.27140378326067
3847,31,173,113.15424750754529,112.3678610294106,3.6501370163724287,3.6247697106261487,2.172561858036013,1.5902245197813811
3848,30,214,189.3075352159385,166.06038455212996,6.310251173864616,5.535346151737666,3.7212609810461066,1.1442626286971846
3850,14,75,76.41109271603533,60.285662619279286,5.457935194002523,4.306118758519949,1.6679112526256918,-0.9861030310917939
3851,76,8976,10989.582264097007,8292.773268633031,144.59976663285536,109.11543774517146,94.27725314493786,47.91353736841097
3852,7,123,122.95789516114148,135.4629973377517,17.56541359444878,19.351856762535956,0.046925460185199545,3.585853562040182
3854,20,155,100.301782781351,156.44348430474813,5.01508913906755,7.822174215237406,1.9020907738710615,6.403731706169687
3855,9,66,44.50113442484964,45.95946846161723,4.9445704916499595,5.106607606846358,1.8708706563259625,1.2451104510016124
3857,32,867,597.552425413606,603.7834332500593,18.673513294175187,18.868232289064352,-4.59818564065917,-4.134025540787467
3858,21,141,96.30177464765406,81.02479393934836,4.585798792745432,3.8583235209213504,1.4035665126795625,-0.9396529359477044
3859,28,185,151.4774911392784,150.50880483947665,5.409910397831372,5.3753144585527375,2.577547852407432,1.4559124190296302
3860,7,47,63.66802044727903,63.235990955187624,9.095431492468432,9.033712993598233,3.5648406393071164,3.4702971357819896
3862,55,1956,1360.3235658984293,1368.8259402971084,24.733155743607803,24.887744369038334,-4.031818340540562,-1.9396452320147433
3865,12,716,358.4677523484085,329.8279652522328,29.87231269570071,27.4856637710194,-21.02018442556091,-10.18251199487255
3866,74,1367,1090.343976291521,1010.1389664855685,14.734378057993526,13.650526574129305,-1.8070385249736611,-3.5396850828843323
3867,12,96,94.3504767212045,83.5652158479863,7.862539726767042,6.963767987332191,-1.4185033385053452,-3.1559705608724116
3868,52,944,1528.8643305093144,848.5841430883834,29.401237125179122,16.318925828622756,23.638099492097908,6.99800197429383
3869,48,901,1417.041760103921,847.1319585962566,29.521703335498355,17.648582470755347,24.70722908044029,7.832783823931098
3870,6,76,67.44040007927497,52.33473296347232,11.240066679879162,8.722455493912053,-2.6213530952621835,-5.153508994856
3871,5,15,13.214660069676963,9.057462122547815,2.6429320139353925,1.811492424509563,2.6429320139353925,1.7313769365490217
3872,9,118,103.82369951146569,92.2439729637186,11.535966612385076,10.249330329302067,11.535966612385076,8.514002284673886
3873,1,1,18.818327354087263,14.752682816752586,18.818327354087263,14.752682816752586,18.818327354087263,14.752682816752586
3874,7,33,73.79970226410734,50.50945502114998,10.54281460915819,7.215636431592855,10.54281460915819,7.215636431592855
3875,13,141,47.85832040318837,61.24046203254696,3.681409261783721,4.710804771734382,1.4981566387983394,0.9201657400980554
3877,8,39,43.80292019345386,33.554416408401316,5.475365024181732,4.1943020510501645,3.8729699768177106,2.093094877075144
3878,3,5,11.928796041806176,7.232129429396558,3.9762653472687255,2.4107098097988526,3.9762653472687255,2.4107098097988526
3881,73,1117,743.8752648434183,859.1540451865505,10.190072121142716,11.769233495706171,-0.7516356887424739,1.5435006078212368
3882,18,43,58.572776250837066,21.79568499111934,3.2540431250465036,1.2108713883955189,3.2540431250465036,-0.3045280192615135
3883,14,49,67.91502677547156,55.21113272952979,4.851073341105112,3.9436523378235564,3.3814047194828984,2.11260131565274
3887,54,177,189.87140209151693,130.76472981712217,3.516137075768832,2.4215690706874478,2.434151450784333,0.027270849358460088
3888,2,73,72.05378377942917,65.48038330997157,36.026891889714584,32.740191654985786,-21.633135226847315,-25.169759607481296
3889,1,1,7.536087774552634,3.7494335453930567,7.536087774552634,3.7494335453930567,7.536087774552634,3.7494335453930567
3891,105,1109,2211.7595122878174,727.9043930470224,21.06437630750302,6.932422790924023,20.993494957313803,4.96020401366879
3892,67,1034,672.4542448136481,664.3881561508383,10.036630519606687,9.916241136579677,-1.071623728831668,-1.7983463918761475
3893,48,421,388.0171398034039,351.92293799981775,8.083690412570915,7.331727874996203,2.677150050684237,1.0129789185714924
3894,46,565,419.29300192957805,402.15385913258757,9.115065259338653,8.742475198534512,-0.06913157155407529,-1.989419665486142
3897,26,109,126.22856444164195,111.46488948147804,4.854944786216998,4.287111133903002,2.7662301889706407,2.596592241669086
3899,69,743,622.0863622991793,602.8196589162629,9.015744381147526,8.73651679588787,0.11568443901744403,-1.7979044672751727
3900,3,3,13.928796041806176,3.7816735952839586,4.6429320139353925,1.260557865094653,4.6429320139353925,1.260557865094653
3901,63,1116,2129.318137570315,1198.100938601814,33.7987005963542,19.01747521590181,22.0715751034392,2.1740704035195675
3902,1,2,8.040525738877296,4.907694276564618,8.040525738877296,4.907694276564618,8.040525738877296,4.907694276564618
3903,46,614,655.3929887772854,534.3177485462892,14.247673669071421,11.615603229267156,3.2829264050879665,-3.422698522902239
3904,42,346,335.15396422585155,200.637251959613,7.9798562910917035,4.777077427609833,7.4101072714894185,1.9719397559289653
3905,38,312,420.22772404766704,266.7381427064129,11.05862431704387,7.019424808063497,7.384870471317767,1.3883455082457465
3906,52,637,574.0183295928617,468.77406793197565,11.038814030631956,9.014885921768762,5.047143314902978,0.16679900583271798
3907,45,941,645.0921926290673,695.0220691129618,14.335382058423718,15.44493486917693,-0.2222974750800752,1.0378648744710384
3908,43,228,295.801542941396,234.0049540928118,6.879105649799907,5.441975676577019,2.908949705630674,0.9560162421177065
3909,46,498,334.7112666047947,327.2811675981894,7.2763318827129275,7.114807991264987,-1.1292158059979467,-2.0143741072938695
3910,2,5,6.285864027870785,4.68145043212224,3.1429320139353925,2.34072521606112,3.1429320139353925,2.34072521606112
3911,70,2684,2012.7084094482734,1606.747459240987,28.75297727783248,22.9535351320141,13.613014737614504,-6.788599609390964
3912,38,107,173.54754269599755,108.69466747396002,4.567040597263094,2.860385986156843,3.987804100321519,1.0951823808252577
3913,72,2258,1833.341713395249,1531.7337240611723,25.46307935271179,21.274079500849616,15.788480484139589,3.8609720804944967
3914,40,393,421.2013987204829,395.3220415630272,10.530034968012073,9.88305103907568,1.7637182425390356,0.6634074274773134
3915,69,9212,5643.6671379009,5881.345715043826,81.79227736088261,85.23689442092501,-31.827911692768577,-65.79266821634656
3916,43,324,348.6520180095891,327.78007674057756,8.108186465339282,7.622792482339013,3.7026020759062934,2.7727698885056737
3917,72,2415,2454.785453590121,2126.9613423140686,34.094242410973905,29.541129754362064,18.547025779368884,7.2227589057891555
3918,16,33,57.28691222296628,21.42438815092708,3.5804320139353925,1.3390242594329425,3.5804320139353925,1.0540699945046434
3919,34,120,163.55255776446342,143.2653425573157,4.81036934601363,4.213686545803403,3.61907777856571,2.361035801382682
3920,69,1948,2006.670902148156,1453.9802282216303,29.082186987654435,21.07217722060334,19.973345976249732,3.6559362623798943
3921,11,20,42.07225215328932,12.182892604648734,3.8247501957535746,1.1075356913317032,3.8247501957535746,0.7378295118228084
3922,67,9361,4950.411456178425,5769.390759765358,73.8867381519168,86.11030984724415,-34.66808373331911,-69.32643569534677
3923,57,4574,2565.135236458297,2420.3295947765014,45.00237256944381,42.46192271537722,-19.517221117104878,-23.640557928643783
3924,26,83,124.1840392551839,129.9569229060443,4.776309202122458,4.998343188694012,4.422154018113458,4.421396127757867
3925,17,132,89.38070171099834,82.82617817570502,5.257688335941078,4.8721281279826485,1.6943785213997071,0.09698308390433187
3926,19,378,258.9659965281615,275.06191568546575,13.629789290955868,14.476942930813987,-1.1997062421777003,0.09097334854898763
3927,49,562,569.9262980827614,630.7701950019626,11.631148940464518,12.872861122489033,1.5544905686625974,3.350343200953328
3928,63,2071,2725.0878096567512,2091.5594098097185,43.25536205804367,33.199355711265376,27.970470983247946,13.123938702839231
3929,4,7,36.89202460805498,21.688872905861682,9.223006152013745,5.422218226465421,9.223006152013745,5.422218226465421
3930,8,85,26.270624198055202,34.27382721499832,3.2838280247569003,4.28422840187479,2.9270396477700173,2.0520177778665225
3931,7,278,574.5588318971418,383.46419225821217,82.07983312816312,54.78059889403031,29.456498086473765,1.0856117245854686
3932,13,198,65.19595925608002,64.5930371952623,5.015073788929232,4.968695168866331,0.19500294707555824,0.9113078413643325
3933,61,783,766.0173536043565,763.4061561055397,12.557661534497647,12.514855018123601,1.6603653312274567,2.0464136516105373
3934,2,5,20.461259368022656,16.64740225975283,10.230629684011328,8.323701129876415,10.230629684011328,8.323701129876415
3935,38,539,487.8899836005821,510.9832425723327,12.839210094752161,13.446927436114018,2.8070078592094903,4.821081671635248
3936,22,297,179.25711829018908,176.88465763317652,8.148050831372231,8.040211710598932,5.029295868753644,4.745716291941272
3937,20,280,180.72416318906699,181.84425109892257,9.036208159453349,9.092212554946128,4.975639560951789,4.575295658997177
3938,32,665,757.9100552250051,649.1834651316802,23.68468922578141,20.286983285365007,11.32388068937026,7.6980025321923975
3939,5,43,37.904774969658405,41.28499540401009,7.580954993931681,8.256999080802018,1.6191778701890123,2.8717716334221386
3940,6,63,55.23927327196655,47.6856434063112,9.206545545327758,7.9476072343852,5.401844451942119,4.034909577831541
3941,70,16731,12292.681948480706,13126.859951350229,175.60974212115295,187.5265707335747,4.67652176232435,-0.03534503975643507
3942,3,5,11.928796041806176,8.290413789859132,3.9762653472687255,2.763471263286377,3.9762653472687255,2.763471263286377
3943,3,5,11.928796041806176,12.809955204730185,3.9762653472687255,4.269985068243395,3.9762653472687255,4.269985068243395
3944,2,4,7.285864027870785,6.4638236552972845,3.6429320139353925,3.2319118276486423,3.6429320139353925,3.2319118276486423
3945,2,4,7.285864027870785,5.46240013012031,3.6429320139353925,2.731200065060155,3.6429320139353925,2.731200065060155
3946,3,7,9.928796041806176,9.05125267918513,3.309598680602059,3.0170842263950433,3.309598680602059,3.0170842263950433
3947,1,4,1.5639859412860275,0.5116950281589361,1.5639859412860275,0.5116950281589361,1.5639859412860275,-0.5116950281589361
3950,46,1850,803.8650131845814,825.1596832812465,17.475326373577854,17.938253984374924,-1.4919043278983346,1.7932849660221744
3951,65,3938,2433.1185664510012,2390.2880505403914,37.4325933300154,36.773662316006025,-3.4271016397926837,-8.786309018212897
3952,2,50,8.652599595085643,15.038155311037569,4.326299797542822,7.519077655518784,-0.8553728483699157,-2.3440117196165025
3953,39,2100,1703.2356423432575,1264.552262518118,43.672708778032245,32.42441698764405,19.69089125124169,-3.1352804916532295
3954,24,875,423.86280763209436,466.4384095944208,17.66095031800393,19.434933733100866,-0.7435373124127853,1.393155213370979
3955,9,300,178.72461445991212,235.791331245194,19.85829049554579,26.199036805021553,5.884024388681551,15.92073905543115
3956,19,575,168.82808599816016,186.48592041846416,8.885688736745271,9.81504844307706,-0.2509029085206202,1.2004001291781206
3957,26,825,219.9077361692508,246.44706630915732,8.457989852663491,9.478733319582973,-0.8939990361053535,2.3570909615117506
3959,3,75,15.021656123941174,21.17605045889001,5.007218707980392,7.05868348629667,5.007218707980392,7.05868348629667
3960,14,650,277.26770214453745,281.78411269952954,19.80483586746696,20.127436621394967,-3.97824103465792,4.833727646472918
3961,59,4101,2477.21365786057,2169.6231629233434,41.986672167128305,36.773273947853276,-7.709010802627186,-15.669762338456117
3962,23,700,248.74198594157207,313.9441820083113,10.814868953981394,13.649747043839623,1.7369645445489805,6.436272624984828
3963,12,425,173.6576704413205,166.2909769228856,14.471472536776709,13.857581410240465,-2.5802732373909216,-0.9934089403219843
3964,6,150,21.09877937600833,38.76659718044033,3.5164632293347218,6.461099530073388,3.5164632293347218,5.674488735952654
3966,27,1000,434.0678806044149,456.3994593874177,16.076588170533885,16.903683681015472,-4.5026935516239694,-2.093090374811879
3967,42,2125,1672.5449488128825,1169.94144957392,39.82249878125911,27.855748799379047,24.611098160487938,3.1099171255840155
3968,28,900,302.6174901016818,358.1823612528522,10.807767503631494,12.792227187601865,-0.9644539688333208,2.926126114918294
3969,1,25,3.470926949172906,5.883139427394763,3.470926949172906,5.883139427394763,3.470926949172906,5.883139427394763
3970,27,1025,499.2276737416368,554.095465710023,18.489913842282846,20.522054285556404,-5.762801201330773,-3.2597798743471267
3971,16,475,128.69548230752986,153.6656992152876,8.043467644220616,9.604106200955474,0.9055068207200194,1.8411052376581456
3973,25,1525,1315.034469029822,1078.6705751376226,52.60137876119288,43.1468230055049,-0.059090815169625444,-14.766416115151593
3974,20,1125,626.8061344084637,611.0373454987869,31.340306720423182,30.551867274939344,-17.66320190303696,-19.505930465838254
3975,20,575,162.99766223143746,171.40808789517294,8.149883111571873,8.570404394758647,4.4568525645843895,5.846679868128092
3976,14,375,90.4728449153616,118.87441628623637,6.462346065382972,8.49102973473117,3.8847511071811627,5.164610235235139
3977,50,2000,894.3422360039345,908.0639786402285,17.88684472007869,18.16127957280457,0.9199181080278326,4.485247047621303
3978,35,1850,1768.5648745098551,1358.4831989651088,50.530424985995865,38.813805684717394,16.62287616884356,-2.083541240892451
3979,25,1550,1433.559463076666,1235.3997959065114,57.342378523066635,49.41599183626045,4.5875723284342405,-8.814448069062008
3980,38,1475,1311.9699867434394,776.6004645423395,34.52552596693262,20.436854330061568,27.738033921159328,8.79298771402942
3982,39,1650,794.059527862164,862.1499193315555,20.360500714414464,22.106408187988603,-1.6889292881023772,0.6687516219240458
3983,24,1400,1033.3740535486354,880.6741819281957,43.05725223119314,36.69475758034149,-3.7607882425564227,-14.616681084370617
3985,50,3100,2606.9086711453783,2029.0006238915778,52.13817342290756,40.58001247783156,10.397569257394112,-12.563098779699292
3987,7,375,233.21976451769163,230.75872007057097,33.31710921681309,32.965531438652995,-20.30112683376479,-18.692609593155403
3991,12,27,41.429320139353926,23.75750998958617,3.4524433449461607,1.9797924991321807,3.392932013935392,1.0595496270130087
3992,4,14,19.285864027870787,18.789183006161508,4.821466006967697,4.697295751540377,2.1429320139353925,1.4314900943129403
3996,31,87,102.78743632051403,70.48214622435366,3.3157237522746463,2.2736176201404406,2.8364804010321665,1.248884032626084
3999,3,6,12.337538746353333,13.700463622639532,4.112512915451111,4.566821207546511,4.112512915451111,4.566821207546511
4000,14,25,54.715184167224706,21.51741642940434,3.9082274405160504,1.536958316386024,3.8572177282211064,1.0179199815208144
4001,3,8,10.096239572583272,8.737540713211327,3.3654131908610907,2.9125135710704426,3.3654131908610907,1.4242371667198306
4003,6,15,87.57988350188158,44.750321546312655,14.596647250313596,7.458386924385443,14.596647250313596,7.458386924385443
4004,93,496,1125.032508175587,242.6974120354877,12.097123743823516,2.6096495917794376,11.413071026784234,-0.06948077968943742
4005,61,1403,1750.2192874133284,1003.1296914777568,28.69211946579227,16.444749040618962,18.783091977921405,-0.6852439186602094
4006,16,316,214.64081534569132,197.15918374781376,13.415050959105708,12.32244898423836,0.010862153035502864,-3.3666693135061396
4008,18,356,322.9870266446973,329.5147306453161,17.943723702483183,18.306373924739784,1.142525459823655,1.7850323092754377
4009,15,511,403.7025886809765,432.4854571435369,26.913505912065098,28.832363809569127,-5.318536130606552,-2.342433783471257
4010,35,119,126.03616914550241,127.35528874676332,3.601033404157212,3.638722535621809,2.5512404949145915,2.7023630476345497
4012,72,4084,2222.656984321371,2200.1116922433002,30.870235893352376,30.557106836712503,-7.425570454077304,-8.819364991626461
4013,16,246,130.2103192189877,169.2339376850649,8.138144951186732,10.577121105316555,3.1206933050392403,7.080913497219155
4015,4,7,15.57172805574157,11.531524596592005,3.8929320139353925,2.8828811491480013,3.8929320139353925,2.8828811491480013
4016,3,5,12.888014507962767,8.501158526329272,4.296004835987589,2.833719508776424,4.296004835987589,2.4170548752204954
4017,15,184,100.32049721154269,90.31951855633636,6.688033147436179,6.021301237089091,0.6243502258999059,-0.46718634569521833
4019,18,105,90.7723810885748,105.32405068865211,5.042910060476378,5.851336149369562,3.0988213305401606,3.226505326834061
4020,27,68,120.11602684852141,266.4453924309555,4.448741735130422,9.868347867813167,4.36664050538114,9.868347867813167
4021,70,1968,2156.961648265352,1630.5924987914243,30.81373783236217,23.294178554163203,18.782870732637104,5.125405969658378
4024,8,33,45.44289743367193,25.27892980431647,5.680362179208991,3.1598662255395586,5.680362179208991,1.8218768228079572
4025,20,80,54.218857337017084,43.42057629825504,2.7109428668508544,2.171028814912752,1.7526493341918772,0.7286452729012021
4026,44,847,491.728045708307,542.4435841745922,11.175637402461522,12.328263276695276,1.7668953116783739,3.0536965929075497
4028,54,1849,2106.208197505561,1465.6083593444782,39.003855509362246,27.140895543416264,21.00321849189322,3.772328153042427
4029,1,1,4.6429320139353925,2.808239286769151,4.6429320139353925,2.808239286769151,4.6429320139353925,2.808239286769151
4030,57,1509,1013.263925763146,1027.4472161025483,17.776560101107822,18.025389756185056,-5.065281059594848,-5.774164211483678
4031,7,19,27.875781766730892,19.764171958725143,3.982254538104413,2.8234531369607345,3.023092256371668,1.7677104499174956
4032,8,30,35.826689528376505,33.77579524266104,4.478336191047063,4.22197440533263,2.6390691945309115,2.7232992266142695
4033,7,21,21.214660069676963,10.314265969037315,3.030665724239566,1.4734665670053306,2.6429320139353925,0.2204045946056767
